:020000040800F2
:100000006839002001020008CB6300087D5F00080A
:10001000C963000869240008458C0008000000003E
:1000200000000000000000000000000081710008D6
:10003000ED25000800000000196800089F72000804
:100040001B0200081B0200081B0200081B0200081C
:100050001B0200081B0200081B0200081B0200080C
:100060001B0200081B0200081B0200081B020008FC
:100070001B0200081B0200081B0200081B020008EC
:100080001B0200081B020008752200081B02000862
:10009000B18B00081B0200081B0200081B020008AD
:1000A0001B0200081B0200081B0200081B020008BC
:1000B00029730008357300081B0200081B020008A2
:1000C0001B0200081B0200081B0200081B0200089C
:1000D0001B0200081B0200081B0200081B0200088C
:1000E0001B0200081B0200081B02000800F002F8B7
:1000F00000F077F80AA090E8000C82448344AAF14B
:100100000107DA4501D100F06CF8AFF2090EBAE848
:100110000F0013F0010F18BFFB1A43F0010318473B
:100120003CDD00005CDD000010F8013B0A4413F0E8
:10013000030408BF10F8014B1D1108BF10F8015B44
:10014000641E05D010F8016B641E01F8016BF9D133
:10015000002D15D010F8014B03F00C030C2BA1EB74
:1001600004040ABF10F8013BA4EB8314A4EB03249E
:1001700005F1010314F8016B5B1E01F8016BF9D561
:10018000914238BF10F8013BD1D3704700230024BF
:1001900000250026103A28BF78C1FBD8520728BF97
:1001A00030C148BF0B60704766290DF0488564294F
:1001B00000F0AE80732900F03E85002070471FB527
:1001C00000F0CAFD0400002000210CF073FB401C6D
:1001D0006060002000210CF083FBE0601FBD10B5C3
:1001E00010BD00F029FF1146FFF7E9FF0AF08CFC73
:1001F00001F0A8F903B4FFF7F2FF03BC01F012FC11
:100200000948804709480047FEE7FEE7FEE7FEE7AA
:10021000FEE7FEE7FEE7FEE7FEE7FEE704480549E6
:10022000054A064B7047000027730008ED000008E0
:10023000682D0020683900206831002068310020D6
:10024000B2F120030AD5C2F1200320FA02F001FA2C
:1002500003F321FA02F140EA0300704721FA03F0A8
:100260004FF00001704710B5044600F02FFA006807
:10027000005D000704D5DF2C02D0A4F1200010BDE2
:10028000204610BD0FB47CB50C0009AA009001D027
:100290002044401E084B7B4469460190089800F0BA
:1002A00098FC05461CB10020694600F0A5FC2846D4
:1002B0007CBC5DF814FB00006909000070B50C46B9
:1002C0000546012A05D02878800600D5EA69002372
:1002D00002E0012305E05B1C934202D2E05C0028AF
:1002E000F9D1A869E618C01AA861286A18442862DA
:1002F0002846AFF3008004E0D5E9012114F8010B92
:100300009047B442F8D32846AFF3008070BD000098
:100310002DE9F0410646002410687529314616A5DE
:1003200010D0AFF30080002802DA404213A507E0A6
:1003300031688A0701D512A502E0490704D511A545
:10034000012401E0AFF3008000210A2206F1240716
:1003500009E0B0FBF2FCB0FBF2F302FB1C00303012
:1003600078541846491C0028F3D123462A463046C3
:10037000BDE8F04100F0C1B9000000002D00000010
:100380002B000000200000002DE9F0474FF0000A8C
:1003900089460446C0F820A02046E1688847002826
:1003A00076D0252806D0D4E901219047206A401C48
:1003B0002062F1E7E168204600258847C4F81CA0C8
:1003C00006460027C4F818A02A2E09D0304608F0A7
:1003D000C8FC38B304EB8708303EC8F8186019E051
:1003E00059F8041B204604EB87029161E1688847B5
:1003F000012F064618D1E069002820DA25F02005F3
:100400001DE0D8F8180000EB800006EB4000303803
:10041000C8F818002046E1688847064608F0A1FCA5
:100420000028EED1012F0AD02E2E08D12046E168F7
:1004300088477F1C0646022F45F02005C4DBA069D3
:10044000002803DA404245F00105A061E80701D029
:1004500025F01005B6B1A6F14100192802D82036C2
:1004600045F400654A463146204625604D46FFF773
:100470009BFE58B1012806D0ED1D25F0070000F1C4
:10048000080989E704E005F1040985E730468AE7B1
:10049000206ABDE8F08770B5064600F01FF90468D1
:1004A000054630460A22002100F01AFC2C6070BD7F
:1004B00040EA010370B59B072ED14FF00136042AA4
:1004C0002AD308C810C99D1B9D43121F15EAC615E3
:1004D00017D0D8B2E1B2401A50EA056110D198B2F3
:1004E000A1B2401A50EA05410AD123F07F4024F01E
:1004F0007F41401A50EA052102D1180EA0EB14608A
:1005000070BDA342DBD018BA21BA884201D90120BC
:1005100070BD4FF0FF3070BD0AB9002070BD10F8FB
:10052000013B11F8014B63B1A3420AD1521E08D01E
:1005300010F8013B11F8014B1BB1A34201D1521E2F
:10054000EDD1181B70BD032A40F2308010F0030C6F
:1005500000F0158011F8013BBCF1020F624498BF16
:1005600011F801CB00F8013B38BF11F8013BA2F1B3
:10057000040298BF00F801CB38BF00F8013B11F02E
:10058000030300F02580083AC0F0088051F8043BCE
:10059000083A51F804CBA0E80810F5E7121D5CBF3B
:1005A00051F8043B40F8043BAFF30080D20724BF6E
:1005B00011F8013B11F801CB48BF11F8012B24BF02
:1005C00000F8013B00F801CB48BF00F8012B704751
:1005D00010B5203AC0F00B80B1E81850203AA0E8DE
:1005E0001850B1E81850A0E81850BFF4F5AF5FEA12
:1005F000027C24BFB1E81850A0E8185044BF18C9C5
:1006000018C0BDE810405FEA827C24BF51F8043B6B
:1006100040F8043B08BF7047D20728BF31F8023BBF
:1006200048BF11F8012B28BF20F8023B48BF00F853
:10063000012B70474FF000020429C0F0128010F027
:10064000030C00F01B80CCF1040CBCF1020F18BFAE
:1006500000F8012BA8BF20F8022BA1EB0C0100F041
:100660000DB85FEAC17C24BF00F8012B00F8012B14
:1006700048BF00F8012B70474FF0000200B5134649
:1006800094469646203922BFA0E80C50A0E80C50B2
:10069000B1F12001BFF4F7AF090728BFA0E80C5063
:1006A00048BF0CC05DF804EB890028BF40F8042B5C
:1006B00008BF704748BF20F8022B11F0804F18BFC9
:1006C00000F8012B704770477047704710B500F075
:1006D00043FB001D10BD00BFDDC100000048704796
:1006E000042D002010B5FFF7F9FF006810BD10B50C
:1006F0000446FFF7F3FF046010BD2DE9F0470D46F7
:1007000099469246044600F124080168880604D5FB
:10071000E06921F01001216000E00120A84201DD24
:10072000471B00E00027A1697A1902EB0900081AAB
:10073000A0612078C00602D42046AFF300800026D6
:1007400008E0D4E901211AF806009047206A401C0D
:10075000761C20624E45F4DB2078C0060AD5204680
:10076000AFF3008006E0D4E9012130209047206AF1
:10077000401C2062381EA7F10107F4DC07E0D4E931
:10078000012118F805009047206A401C2062281EAD
:10079000A5F10105F3DC2046AFF3008020780006C8
:1007A00002D50220BDE8F0870120FBE770472DE964
:1007B000FF4F0C461E464FF0FF378BB0D2E90001C9
:1007C000DDF860800A908A46C1F30A5505B93D46B6
:1007D000002108464FF00000BAF1000F00F440007D
:1007E00005DA00EB80004FF4400101EA50004FEAC7
:1007F0009059B9F1010F00DDB9460A9850EA4A0054
:100800000ED044F61050A5F2FF3545432F14B8F131
:10081000000F1ED07542291E1EDDC9F100021CE02A
:10082000B8F1010F4FF0000001D0302103E0F24396
:1008300005E02154401CB042FBDB30460022002181
:1008400021540B99C1F80880C1E900200FB0BDE820
:10085000F08FBD1B6D1CDEE74A4600DA694206A830
:1008600000F07CFB06AB93E8070003AB83E80700CE
:1008700050460A9901F0F0F88DE80700A0F5005005
:100880001F3800900398002D09DD42F21F014A46EF
:10089000084403A90390684601F079FB08E0A0F53D
:1008A00000504A461F3803A90390684601F097FBA1
:1008B0008DE807000004000C03D04FF0FF30410822
:1008C00000E01046B8F1000F03D000220092154658
:1008D0001EE0751E05D400F043FA303262556D1EDD
:1008E000F9D5B3460122084302D000227F1C04E060
:1008F0002078302801D100227F1E002A099786D057
:100900001DE0112D07DA00F02BFA303262556D1C14
:1009100050EA0102F5D1084302D00098C8B10EE0B8
:100920000021681E05E0235C625C63542254401E73
:10093000491C8142F7DBAB46A81B401E09900020F2
:1009400004F80B000B98099AC0F80880C0E9002B46
:100950007CE711264FF0000859E72DE9F04F884653
:100960000446D21D22F0070191B0D1E90001CDE982
:100970000A0108F068F902460B98C00F01D02D203B
:1009800007E02068810701D52B2002E0202101EA41
:10099000C000032A099001D0072A05DB034641461F
:1009A000204600F02BFA0BE12078800601D5E069A3
:1009B00000E00620B8F1650F814606D0B8F1660F59
:1009C00018D0B8F1670F70D131E00020B9F1110FE4
:1009D000009001DB112301E009F101030AAA01A93A
:1009E0000CA8FFF7E4FEDDE90C70002609F1010513
:1009F000834647E001204B4600904FF000470AAA8B
:100A000001A90CA8FFF7D3FEDDE90DB00C995D46F6
:100A1000002610B909F101000D18B9EB050003D447
:100A2000C0F1FF3609F10105A5EB09002BE0B9F192
:100A3000010F01DA4FF001090020B9F1110F009008
:100A4000484601DD112300E003460AAA01A90CA8CB
:100A5000FFF7ADFEDDE90C704D4600268346207899
:100A600000070AD4AB4500DA5D4601A8012D04DD7C
:100A7000411911F8011C302907D04F4502DA17F14E
:100A8000040F04DA012082460FE06D1EEEE7002F0E
:100A900002DCED1B3E4403E0781CA84200DD7D1C17
:100AA000B81B00F1010A4FF000472078000703D47B
:100AB000AA4501DB4FF0FF3A0021B7F1004F0DF1DD
:100AC00043088DF8431024D002202B23002F01DA95
:100AD0007F422D230A21021EA0F1010000DC5FB13C
:100AE00097FBF1FC97FBF1F201FB1C7C17460CF124
:100AF000300C08F801CDEEE7A8F101000370218861
:100B0000090501D5452100E06521A0F1010800F8A3
:100B1000011C09980FA9A1EB0807FF1D00B10120D6
:100B2000411901EBEA70A1693844081A401EA0611E
:100B30002078C00602D42046AFF30080099828B17F
:100B4000D4E901219047206A401C20622078C00629
:100B500022D52046AFF300801EE0002E04DBB34513
:100B600002DD01A8805D00E03020D4E9012190473A
:100B7000206A401C2062761CAAF101005FEA000A8C
:100B80000AD100F0E9F8C0680168405CD4E90121AD
:100B90009047206A401C2062281EA5F10105DCDC7C
:100BA00007E0D4E9012118F8010B9047206A401CA6
:100BB0002062381EA7F10107F3DC2046AFF3008066
:100BC000032011B043E6000001694A1C0261087865
:100BD000704700B58FB0CDE901310021059105497D
:100BE0007944CDE9031011466846FFF7CDFB0FB0FD
:100BF00000BD0000E5FFFFFF0A6802F8010B0A6074
:100C00007047D1E900239A4202D2531C0B60107046
:100C1000704710B5436913B1AFF3008001E0FFF7EF
:100C20004DFB012010BD127800F124010A70002252
:100C30004A700122EDE711684FF0FF32E9E700004A
:100C40000FB4002300B589B00CA900910B99CB60BB
:100C5000204B7B440693204B7B44079304236FF087
:100C60000042CDE901321D4A7A446B4608920246A1
:100C700000200DF06CF809B05DF814FB70B5064665
:100C80004FF0FF3015460C46324686B00091CDE954
:100C9000010169460020049004A8FFF7D1FF034634
:100CA0000498211825B108B10A4600E022462A60BE
:100CB00000280DD0002B02DD0098884208D0324673
:100CC000081B69460094CDE9010404A8FFF7B8FFAA
:100CD00006B070BD270200003F0200007F01000047
:100CE0002DE9F04791460F4680460446002614F849
:100CF000015B2DB1FFF7EAFC0068405DC007F6D14B
:100D00002B2D02D02D2D18D0641E4A463946204680
:100D100000F0D4F827B13968A14201D1C7F80080AA
:100D20004FF0020471050BD54042002803DDFFF7A8
:100D3000D5FC0460A007BDE8F08746F48066E4E7D0
:100D40000028F8DAFFF7CAFC04606FF00040F2E711
:100D500000487047042D002000487047242D0020D3
:100D600030B5B0F10A024FEA900E71F100034EEA7D
:100D7000817EB0EB0E0061EB91014FEA101E4EEA4E
:100D8000017E10EB0E0041EB11114FEA102E4EEADE
:100D9000016E10EB0E0041EB11214FEA104E4EEAAE
:100DA000014E10EB0E0041EB1141401841F10001E2
:100DB0004FEAD00040EA41704FEAD10110EB8005C4
:100DC0004FEA810444EA907444EB01046D1944EB4A
:100DD0000404521BA3414FF0000348BF0A3200D560
:100DE00030BD401C41F1000130BD10B50446FFF795
:100DF0006DFC0068005D00F0010010BD2DE9F041C0
:100E00001F46044603260168072A01F4006004DB3C
:100E100008B116A505E016A503E008B115A500E088
:100E200015A521F010002060A069C01EA0610FB1BF
:100E3000401EA0612046AFF300804FB1D4E90121EC
:100E400038469047206A401C2062C01C206206E0A1
:100E5000206AFAE7D4E9012115F8010B9047761EC4
:100E6000F8D22046AFF30080BDE8F0814E414E003D
:100E70006E616E00494E4600696E6600426842B17E
:100E8000016811F8013B23B1521EC0E90012184657
:100E900070470121C160881E704742685AB1C3681B
:100EA000016843B983688B4205D0491E521CC0E9D2
:100EB0000012002070474FF0FF3070472DE9F05FBF
:100EC000824615468B4600270AF10104B946007890
:100ED000302801D09DB113E014F8010B01277828C8
:100EE00003D0582801D045B10AE00DB1102D07D12B
:100EF000002714F8010B102502E0082500E00A2560
:100F00000026B0460EE005FB080005FB06F10127B0
:100F10001FFA80F801EB1046B6F5803F00D3B946C2
:100F200014F8010B294600F0ACF80028EBDABBF10D
:100F3000000F05D00FB1641E00E05446CBF800400E
:100F4000B9F1000F06D0FFF7C9FB02210160C81EEE
:100F5000BDE8F09F48EA0640FAE700002DE9F047B7
:100F6000814616468AB0334878440DC88DE80D0096
:100F700030487844801C03AC0DC884E80D0041F66D
:100F80009B300844372190FBF1F290FBF1F5A5F17D
:100F9000800501FB12041B3C02D56442012000E0E5
:100FA0000020DFF890A080460027FA44AAF1BE0A8C
:100FB0000DE0E00709D03246684607EB47010AEB2F
:100FC000810101F00CF88DE8070064107F1C002CF3
:100FD000EFD1184F7F44AC3F18E0E80714D007EB7F
:100FE00004100DF1180A90E80E008AE80E00C0689F
:100FF000F04201D198190890324606A903A800F0E2
:10100000EEFF03AB83E807006D10641C002DE4D1F4
:1010100032466946B8F1000F03A802D000F0B7FFCE
:1010200001E000F0DCFFC9E90001C9F808200AB0BE
:10103000BDE8F087D8CE00007546FFF789FEAE46C2
:1010400005006946534620F00700854618B020B5D4
:10105000FFF7E4F8BDE820404FF000064FF000072E
:101060004FF000084FF0000B21F00701AC46ACE850
:10107000C009ACE8C009ACE8C009ACE8C0098D46BD
:1010800070473A2800D2303820F02002412A01D39C
:10109000A2F13700884201D34FF0FF3070470000C3
:1010A0002DE9FF4F064689B00878FF2806D0491C75
:1010B0002D2805D000244FF0000908E000200CE0A6
:1010C0000124F8E709EB8903491C00EB4309087880
:1010D000FF28F7D114B1C9F100008146107800252E
:1010E0002C46AA4629462D2801D02B2804D1521C73
:1010F0002D2813D0002082468B461078FF280FD071
:101100004FF0000C0A21521CA5FB017804FB018161
:1011100005FB0C11C5194BEB0104EEE70120EAE7D2
:10112000002108464FF00000BAF1000F02D000EB9A
:1011300080004008C0F38158B8F1010F01DD4FF085
:10114000FF380C9809EB000755EA040009D04FF06E
:10115000020917F5FA7F0BDA4FEACA70C6E900B048
:1011600012E04FEACA70C6E900B00DB0BDE8F08FDA
:10117000B7F5FA7F0DDDF0487844D0E90010C6E9F4
:10118000001040EACA707060FFF7A8FAC0F800903B
:10119000EBE7391E02DAC8F1000200E0424600DA4D
:1011A000794206A8FFF7DAFE06AB93E8070003AB27
:1011B00083E8070044F23E005BEA040100905846D1
:1011C00004D144F21E012C465D460091210C090415
:1011D000014306D10099240444EA15442D04103932
:1011E000009104F07F41014306D10099240244EAB2
:1011F00015642D020839009104F07041014306D1B5
:101200000099240144EA15742D01091F009104F08E
:101210004041014306D10099A40044EA9574AD0011
:10122000891E009104F00041084304D100986D1913
:101230006441401E009042466846002FCDE90145BA
:1012400003A902DD00F0DFFE01E000F0B4FEBAF118
:10125000000F04460D4601D084F0004440F2FF77B1
:1012600024F00040284303D0C4F30A50B84212D1FE
:10127000FFF734FAC0F80090C4F30A50B8420AD11C
:10128000AE487844D0E90010C6E9001004F00041EF
:101290000843706069E7C6E9005466E72DE9FF4F2F
:1012A0001F464FF0000A4FF0FF38454691B0D7E98E
:1012B0000146CDF83CA0FFF74FFDC0680168405CD7
:1012C0001090B96912986D1C8847396A8146884721
:1012D0000028F6D1B9F1FF3F0AD0002E24F4D064E3
:1012E00011DDB9F12B0F08D0B9F12D0F0BD102E0B0
:1012F000404615B03AE744F48064B96912986D1C11
:101300008847761E8146600504A901D52D2000E09E
:101310002B20002E01F1010B0DF130088DF810008B
:101320003FDDB9F1690F08D0B9F1490F05D0B9F126
:101330006E0F02D0B9F14E0F1CD13B4601A80095AB
:1013400080E85002DDE912126FF002000CF003FD9C
:10135000C11CCED10EE0B96912986D1C8847814638
:101360001398761E44F4007405600F98401C002EFC
:101370000F9016DDB9F1300FEDD0B9F1780F02D032
:10138000B9F1580F0DD10F9801280AD13B46CDE98C
:101390000054DDE91212001F02960CF0DAFCC11CA9
:1013A000A7D1109989453ED144F0800406E01399F5
:1013B000681CAAF1010A44F400740860B9696D1C44
:1013C0001298761E884730288146F0D02BE010997D
:1013D000894505D1200603D4761E44F0800418E028
:1013E000484607F0BEFC08B3761E0DF123018B457D
:1013F00044F4007408D2A9F130000BF8010B200668
:1014000007D5AAF1010003E0200602D40AF1010089
:101410008246A00502D51399681C0860B969129824
:101420006D1C88478146002ED1DC53E0002E51DD33
:10143000B9F1650F02D0B9F1450F4BD1A00549D5DF
:10144000B9696D1C1298761E24F440748847002EEA
:1014500081460CDD2B2804D0B9F12D0F07D144F4BF
:101460008074B96912986D1C8847761E8146E00524
:1014700001D52D2100E02B2108F8011BCDF80080BB
:1014800021E0761E0DF13901884544F400740CD238
:10149000A9F1300010F0FF0088F8000002D1009997
:1014A000884509D908F1010806E0E00501D524487E
:1014B00001E042F20F708246B96912986D1C8847AC
:1014C000814613980560002E04DD484607F049FC6C
:1014D0000028D6D1F96912988847FF2053468BF827
:1014E000000088F8000000200A900B9004AA0CA9C4
:1014F0000AA8FFF7D5FDA00502D46FF00100F8E6B9
:1015000014F0240F0AD0E00714D13868DDE90A127C
:10151000031D3B600068C0E900120BE00AA96846A1
:1015200007F0C8FBE00705D13868009A011D396053
:10153000006802602846DCE600CD0000F6CB000023
:10154000F1D8FFFF10B50446AFF300802046BDE898
:101550001040FEF74FBE00004FF0013C50F8042B46
:1015600051F8043B9A4221D1A2EB0C03934313EAB6
:10157000CC1317D150F8042B51F8043B9A4215D1E3
:10158000A2EB0C03934313EACC130BD150F8042BBA
:1015900051F8043B9A4209D1A2EB0C03934313EA9E
:1015A000CC13DBD04FF00000704700BFD01A01BA57
:1015B000B1FA81F101F0180122FA01F0CB40C1F13A
:1015C0002001DBB2C0B2C01A2CFA01F3D11A914348
:1015D00011EAC311E6D170472DE9FF4F1F464FF0C6
:1015E0003C0987B04FF00042DDE9141001F1010819
:1015F000DDF858A002EA4050039000200490834692
:10160000054604460590B969461E08988847AAF120
:10161000010A0290BAF1000F37DD02982E2815D08A
:101620001021FFF72EFD00282ADB4FF0010B049953
:10163000014316D0B9F1000F0BDB4A46C11700F089
:10164000F7F905430C43A9F1040905E001200590D1
:1016500007E008B145F0010501200490059800B9A4
:10166000361DB969089808F101088847BBF1000FD9
:10167000AAF1010A0290CDD00999C1F80080C9E70A
:101680000298702808D0502806D0F9690898884731
:10169000BBF1000F14D04FE0002002900120BBF1FD
:1016A000000F049009D0B969089808F1010888472B
:1016B000AAF10109B9F1000F07DCF9690898884718
:1016C0006FF001000BB0BDE8F08F2B2804D02D285F
:1016D0000CD14FF0FF300490B969089808F1010867
:1016E0008847A9F10109B9F1000FE6DD411CE4D0FA
:1016F0000A21FFF7C6FC0028DFDB029908F1010888
:1017000001EB810100EB41000290B969089888471C
:101710000A21FFF7B6FC099AA9F10109B9F1000FF6
:10172000C2F8008001DD0028E7DAF96908988847E7
:101730000499029800FB016655EA040004D004F005
:101740004041090002D006E0039898E0A40044EA72
:101750009574AD00B61E04F00041080002D16D1969
:101760006441761E159810F0240F03D04FF00B093A
:101770005C4803E04FF028096FF07D008246564533
:1017800007DAAAEB06018944B9F1410F01DD4FF0F8
:10179000410901200021A9F1010200F049F90246A6
:1017A00028400B462140084301D0012100E00021E0
:1017B000501E029143F1FF3128402140084301D0DF
:1017C000012000E000200299834651EA0B014FD02E
:1017D000002108464FF00000039900F4400039B1A1
:1017E00000EB80004FF4400100EBD07001EA600094
:1017F0008015012802DD4FF0FF3000E013D0401CBF
:1018000036D0029860B3BBF1000F0CD14A460120DC
:10181000002100F00DF928402140084301D00120AB
:1018200000E00020E0B101204A46002100F000F96C
:10183000034640190A4661412D1A8C4111D3B9F172
:10184000400F09DD159810F0240F02D0AAF13406DC
:1018500003E0AAF1170600E0761C00254FF00044D3
:1018600006E05B1E42F1FF3220EA030521EA020492
:10187000CAF10100B04206DA1B49039808430190FF
:10188000002000900EE0039AC4F3D321E80A0A4333
:10189000164940EA44500A433146CDE90002684601
:1018A00007F054FA159810F0240F0BD01598C007C4
:1018B00015D13868DDE90012031D3B600068C0E9FE
:1018C00000120CE002A8694607F0F4F91598C00769
:1018D00005D13868029A011D3960006802604046EF
:1018E000F0E6000002FCFFFF0000F07F0000F03F88
:1018F0002DE9FF4F92461D4685B04FF00041DDE9CE
:10190000124BDDE914727F1E01EA4B50414940F051
:10191000FF4940EA0108002122F0200049280491F3
:1019200002D04E2828D04CE03BA0012607C88DE805
:101930000700A9690698641C88477F1E014606D4E3
:101940001DF8060018B121F0200181420BD0E96991
:1019500006988847032E34D0082E32D06FF001004D
:1019600009B0BDE8F08F761C032E01D0082EE0D11F
:10197000601CCAF80000DCE7A9690698641C884767
:101980007F1E2AD420F02000412826D1A96906987C
:10199000641C88477F1E20D420F020004E281CD1D4
:1019A000A9690698641C88477F1E48F4002849F4FA
:1019B0008009CAF8004001D4282806D0E9690698B1
:1019C00088475FEACB7012D022E0A9690698641CB0
:1019D00088477F1E01D4002803DAE9690698884702
:1019E000BCE72928F1D1641CCAF80040E9E71BF0E4
:1019F000240F07D028680499031D2B600068C0E9F4
:101A0000001805E02868021D2A600068C0F80090F0
:101A10002046A5E70000F07F494E46494E495459FB
:101A20000000000001491820ABBEFEE726000200BE
:101A3000B2F120030AD5C2F1200301FA02F120FA23
:101A400003F300FA02F041EA0301704700FA03F1E0
:101A50004FF00000704770475FEA400C08BF91F0FC
:101A6000000F4FEA8C234FEAC12243EA51514FEA5B
:101A70001C5018BF00F5F0404FEA300018BF41F08D
:101A800000415FEA6C5C00F02980BCF1FF3F08BFB9
:101A900040F080407047130C06BF12044FF0100C4A
:101AA0004FF0000C130E04BF12020CF1080C130FC0
:101AB00004BF12010CF1040C930F04BF92000CF14F
:101AC000020CD30F04BF52000CF1010C11464FF071
:101AD0000002A0F11F00A0EB0C00704711F0004FB6
:101AE00008BF704731F000413FF4D5AF0B0C06BF83
:101AF00009044FF0100C4FF0000C0B0E04BF09024C
:101B00000CF1080C0B0F04BF09010CF1040C8B0F36
:101B100004BF89000CF1020CCB0F04BF49000CF18B
:101B2000010CCCF12003A0EB0C0022FA03F302FA23
:101B30000CF241EA030100F10100704720F07F4CF4
:101B400080EA030023F07F47ACEB070303F57C53E7
:101B500000F0004003F1FF032DE980494FEA154BE7
:101B600009B44FEA144325EA0B4E24EA03480FF266
:101B7000042606EB132749083E785FEA320203FB8E
:101B80000667C7F5000707FB06F64FEA54374FEA2A
:101B9000D64606F1020607FB066CCCF1005C4FEA64
:101BA0001C472CEA074C07FB06F40CFB06F504EB7C
:101BB00015464FEA961634BF00204FF000404FEA1A
:101BC000D13706FB07FC4FEA1C4C0CFB0BF7D21B72
:101BD00003FB0CF761EB07010CFB0EF7B0EB0740C2
:101BE00072EB17420CFB08F734BFA2EB0742B2EBD3
:101BF000074261EB17414FEA0C444FEA910706FB9D
:101C000007FC4FEA1C4C0CFB0BF7B0EBC74072EB28
:101C1000573203FB0CF734BFA2EBC742B2EBC7420B
:101C200061EB57310CFB0EF7B0EBC70072EB57724C
:101C30000CFB08F734BFA2EBC702B2EBC70261EBA3
:101C40005771039F4FEA816141EA921104EBCC0482
:101C50004FEAD1374FEA826206FB07FC42EA901254
:101C60004FEA80604FEA1C4C0CFB0BF7D21B03FBC6
:101C70000CF761EB07010CFB0EF7B0EB074072EBC2
:101C800017420CFB08F734BFA2EB0742B2EB074246
:101C900061EB17414FEA8C554FEA910704EB9C2406
:101CA00006FB07FC4FEA1C4C0CFB0BF7B0EBC740E4
:101CB00072EB573203FB0CF734BFA2EBC742B2EB17
:101CC000C74261EB57310CFB0EF7B0EBC70072EB6C
:101CD00057720CFB08F734BFA2EBC702B2EBC70286
:101CE00061EB577115EB4C254FEA816141EA921186
:101CF0004FEA82624FEAD13742EA901206FB07FCB4
:101D000044F100044FEA80604FEA1C4C0CFB0BF7D7
:101D1000D21B03FB0CF761EB07010CFB0EF7B0EBDA
:101D2000074072EB17420CFB08F734BFA2EB0742E7
:101D3000B2EB074261EB174115EB1C154FEA8131FD
:101D400041EA92414FEA823242EA90424FEA8030C1
:101D50004FEA0C7644F1000448EA03434EEA0B488C
:101D60004FF0000EB2EB080C71EB030724BF624684
:101D700039464EEB0E0E4FF0000B00185241494110
:101D80004BEB0B0BB2EB080C71EB03077BF1000B79
:101D900024BF624639464EEB0E0E4FF0000B001882
:101DA000524149414BEB0B0BB2EB080C71EB0307B3
:101DB0007BF1000B24BF624639464EEB0E0E51EA12
:101DC000020718BF46F0010616EB0E7655F1000229
:101DD00054F1000103D5BDE88901BDE80088BDE8E4
:101DE0008901BDE80048B619524141EB0101A3F158
:101DF0000103704780807F7E7D7C7B7A797877765F
:101E000076757473727171706F6E6E6D6C6C6B6AD7
:101E10006A69686867666665646463636261616075
:101E2000605F5F5E5E5D5D5C5C5B5B5A5A595958F2
:101E3000585757565655555554545353525252515C
:101E4000515050504F4F4F4E4E4D4D4D4C4C4C4BB2
:101E50004B4B4A4A4A4949494848484747474746F9
:101E60004646454545444444444343434342424235
:101E70004241414146EA0646A3F570534FEA1646F1
:101E800046EA42564FEAD22242EA415210B54FEAA0
:101E9000D121A3F1010300F017F820F0004000F178
:101EA000010C00F0004701EB00501146BCF5006F3B
:101EB00040EA070000D210BD02484FF0000140EA9E
:101EC000070010BD0000F07F002B26D4770021D042
:101ED0001CB54FEA370703B44FF010004FF0100164
:101EE0004FF000000FBCBDE810400BF1010BBBF13F
:101EF000010F08BF5FEA170722BF12F1010211F1BB
:101F000001014FF0004143F1000300F0004043EABB
:101F100000007047F9D35708DAE746EA064613F19E
:101F2000400F4FEA16461FDD13F1200FDFBF1643A7
:101F30000A46002120335B42C8D0C3F1200746EA9D
:101F4000064602FA07F74FEA164646EA0706C3F1C5
:101F5000200722FA03F201FA07F721FA03F14FF002
:101F6000000342EA0702B1E746EA020646EA0646ED
:101F70004FEA164646EA0106BCBF46EA0646360C5C
:101F80004FF000034FF000024FF000019EE72DE9F3
:101F9000C048934630B491E8380007C831EA400C95
:101FA00048BF34EA430C03D5FFF7C8FDFFF78CFFA9
:101FB000F0BCBDE800882DE9C048934630B491E8F4
:101FC000380007C831EA400C48BF34EA430C03D557
:101FD000FFF7B4FDFFF74EFFF0BCBDE800882DE928
:101FE000C048934630B491E8380007C810F0804FDD
:101FF00008BF13F0804F03D100F019F8FFF764FF1A
:10200000F0BCBDE800882DE9C048934630B491E8A3
:10201000380007C810F0804F08BF13F0804F03D17D
:1020200000F005F8FFF726FFF0BCBDE8008820F0BF
:102030007F4780EA030023F07F4C07EB0C03A3F5F6
:102040007C5300F00040A3F1FE0392F0000F00F07B
:10205000B38095F0000F00F077802DE901494FEA39
:1020600011404FEA144621EA004800FB06FC24EA2E
:10207000064708FB06F607FB08F800FB07F718EB16
:1020800006484CEB164C4FEA124B18EB07484FEA48
:1020900015464CEB174022EA0B4E0BFB06FC25EADB
:1020A00006470EFB06F607FB0EFE0BFB07F71EEBC3
:1020B000064E4CEB164C4FF000061EEB074E4CEB59
:1020C000174B18EB0B0840F1000018EB0E0B58EB08
:1020D000000840F100008F1A4FF000013CBFC943D7
:1020E000661B14BFB5EB040C00213CBFC943F61BB3
:1020F0004FEA17444EEA8E0E27EA04454FEA1C4782
:1021000004FB07622CEA074C05FB07F70CFB05F6FE
:1021100004FB0CFC16EB074642EB174216EB0C4691
:1021200042EB1C421BEB060658EB0202414146EA19
:102130009E0601D5BDE80189B619524141EB010166
:10214000A3F10103BDE801894FEA14454FEA1147A5
:1021500024EA054621EA074C05FB07F406FB07F7CE
:102160000CFB06F105FB0CFC11EB074144EB17449B
:102170004FEA124711EB0C4144EB1C4422EA074C96
:1021800005FB07F206FB07F70CFB06F605FB0CFC4C
:1021900016EB074642EB174216EB0C4642EB1C458A
:1021A0006A1854F1000148BF7047B619524141EB1B
:1021B0000101A3F10103704795F0000F37D04FEAFA
:1021C00011424FEA144721EA024624EA074C02FB77
:1021D00007F106FB07F70CFB06F402FB0CFC14EB03
:1021E000074441EB17414FEA154714EB0C4441EB10
:1021F0001C4125EA074C02FB07F506FB07F70CFB21
:1022000006F602FB0CFC16EB074645EB174516EBF2
:102210000C4645EB1C42121951F1000148BF7047B2
:10222000B619524141EB0101A3F1010370474FEA96
:1022300014454FEA114724EA054621EA074C05FBFD
:1022400007F106FB07F70CFB06F24FF0000605FB53
:102250000CFC12EB074241EB174112EB0C4251EB25
:102260001C4148BF7047921841EB0101A3F10103E3
:102270007047000010B5044800F086FEBDE810402D
:10228000024800F081BE00001C1300204C13002007
:1022900070B5044600688168C943C90716D18168D2
:1022A00021F00101816001F09FFE054609E001F087
:1022B0009BFE401B022804D920688068C043C007E9
:1022C00006D020688068C043C007F0D0002070BDF1
:1022D000A06A40F01000A062E06A40F00100E062F5
:1022E000012070BDF8B5002604460096006881689C
:1022F000C943C9072CD0816841F0010181601548AC
:1023000015490068B0FBF1F000E0401E0090002885
:10231000FBD101F069FE054615E001F065FE401BAA
:10232000022810D920688068C043C0070BD0A06A7B
:1023300040F01000A062E06A40F00100E06284F822
:1023400024600120F8BD20688068C043C007E4D144
:102350000020F8BDCC00002040420F0070B50C46B4
:102360000546896910460BF0F5FB024621462846D2
:10237000BDE8704004F0E8BB10B50446084600F024
:102380005FF8A06110BD000010B50446064807497B
:102390000068498848430BF0FBF905490BF058FAEF
:1023A00020600020A06110BDE8010020F80100209D
:1023B0000000B43C10B504460F4810490068498835
:1023C00048430BF0E5F90E490BF042FA21680BF097
:1023D000C1FB00F035F80146A06900F017F801468E
:1023E0000848814202DC0848814200D90146201D8C
:1023F00004F0D8F9E06210BDE8010020F8010020E7
:102400000000B43C00007042000070C210B50BF038
:10241000A1FB084A0849904203DDBDE810400BF0DB
:1024200099BB064A904203D9BDE810400BF00AB8A8
:1024300010BD0000000034430000B443000034C36A
:1024400070B5074C074D02E021460AF0FBFFA84299
:10245000FAD201E00BF07EFB21468842FADA70BD29
:102460000000B44300008080FEE7000000B58BB0A0
:1024700000210122CDE905120B4807910088400197
:10248000009001904FF6E0700290CDE903010E201C
:10249000CDE908206946054801F04CF8002801D034
:1024A00000F084F90BB000BD30120020C8130020EA
:1024B000124810B50188B1F5006F02D34FF40071D6
:1024C00001800F4A002182F8241002880C48243829
:1024D0004260C1600822C0E90412017603F0DEFD0B
:1024E000FFF7C4FF0648283001F025FB044802210D
:1024F000BDE81040283000F0ADBF000030120020D1
:10250000A013002010B5034600F11C02011D034872
:1025100000F0B2FF002800D0012010BDC813002039
:10252000002070470020704710B50022044905487C
:1025300005F020F90449034805F016F9002010BD04
:10254000E81D0020E4140020E819002070B50C46B6
:10255000054640210B48FEF76DF8294609482268D8
:10256000FDF7F1FF08492078087040212846FEF762
:1025700061F82946054805F0F7F8044805F0D8F851
:10258000002070BDA8190020AE000020E414002037
:102590000A46094910B5D1F8B812D1F8141209B198
:1025A000012010BD0146044805F0E4F8BDE81040E4
:1025B000014805F03DB90000E414002070B5094C55
:1025C0000546A0680BF0E4F86FF00D010BF099FBE5
:1025D0000021A16029460AF0A9FFBDE87040024928
:1025E0000BF036B9F801002000007042704700007F
:1025F0002DE9F05F044633480027334980F82C70FA
:1026000080F82D70C76131484FF0010881F80080D3
:1026100007702F48408805460BF0D2F82D498946AF
:102620000BF016F9C4E900072B48066805FB06F015
:102630000BF0AEF849460BF00BF9A060834684F826
:102640000C8030460BF0A4F880462448008882466F
:102650000BF0B6F849460BF0FBF841460BF0F8F8E2
:102660002061A5EB0A0070430BF092F849460BF08D
:10267000EFF805461A48007801281FD119481A4971
:1026800085420BD3584688460AF0DCFEA0604146DE
:1026900028460AF0D7FE6660A06110E01348854224
:1026A0000CDD584688460BF055FAA0604146284696
:1026B0000BF050FAA0617042606000E0A5616761B4
:1026C000BDE8F09FD8280020291200202312002006
:1026D000F80100200000B43CE80100203212002084
:1026E00027120020000034C30000B443000034432C
:1026F00070B50446154840880BF062F814490BF099
:10270000A7F8054621680BF025FA0146114A6068D2
:10271000914201DD401E03E00F4A914201D9401C65
:1027200060600E48256000680BF032F8064660686D
:102730000BF02EF80A490BF08BF829460AF082FEBE
:1027400031460BF085F8A06070BD0000F801002054
:102750000000B43C00003443000034C3E801002012
:102760000000B443401A00B2B0F5005F02DDA0F5EE
:10277000804004E010F5005F02DA00F5804000B20E
:1027800002490988484300B270470000E801002070
:10279000054A00B591885088FFF7E4FF9168084426
:1027A00090605088908000BDF801002072B6FEE76E
:1027B00006490020C8610648016941F00401016131
:1027C000016941F04001016170470000E0260020EE
:1027D00000200240064A0021D16106490A6942F000
:1027E00002020A614861086940F0400008617047D0
:1027F000E026002000200240044B0022DA61044A57
:10280000136943F00103136101807047E026002043
:102810000020024014490020CA68D306134A04D598
:10282000D06940F00200D0611020CB685B0705D56D
:10283000D36943F00103D36140F00400CB69DB07A7
:1028400007D0D36943F00403D361CA6922F00102BF
:10285000CA61A0F58072013A01D0C8607047C869AA
:1028600020F00100C861704700200240E0260020EF
:1028700070B5044601F0B8FB0546114E09E0601C36
:1028800007D024B101F0B0FB401BA04201D90320C6
:1028900070BDF068C007F2D1F068800601D5202035
:1028A000F060F068C00605D4F069C00702D1F06896
:1028B000400703D5FFF7AEFF012070BD002070BDBB
:1028C0000020024010B5C82007F0A0FC0E490B28DC
:1028D00017D04FF0FF3008604FF07C5200210B48BA
:1028E00008F09AFC0021094807F04EFD642001F031
:1028F00055F906494FF48070C860BDE8104007F0F4
:1029000033BE0120E7E70000E8010020C82A0020CC
:1029100010B5002303E010C841F823405B1C93422C
:10292000F9D310BD10B5002304E030F8044B21F8B2
:1029300013405B1C9342F8D310BD0000F0B585B086
:102940000E46054601F0DCF91448C16921F0010189
:10295000C16100210120CDE90010114A0292CDE9A8
:10296000030104A9684601F02BF94FF0FF3740B985
:102970000024002356F824202946022001F07EF985
:1029800010B1384605B0F0BD641CA4B22D1D152C45
:10299000EFD301F069F90020F4E7000000200240C5
:1029A00000FC00082DE9F04186B016460F460546AA
:1029B00001F0A6F91548C16921F00101C1610021AA
:1029C0000120CDE90010124A0292CDE9030104A9C9
:1029D000684601F0F5F84FF0FF3848B900240EE0E2
:1029E00037F8142000232946022001F047F918B1D6
:1029F000404606B0BDE8F081641CA4B22D1DB4426F
:102A0000EED301F031F90020F3E70000002002408E
:102A100000F800080146C8220148FFF783BF000004
:102A200000F80008F8B500260446009690F8240047
:102A300001280BD0012084F824002046FFF728FC51
:102A40002046FFF74FFC070002D050E00220F8BDFF
:102A5000A06A20F4885040F00200A062022002F038
:102A60006DF825490968B1FBF0F0400000E0401E18
:102A700000900028FBD12068816841F00801816046
:102A800001F0B2FA054608E001F0AEFA401B0A2850
:102A900003D920688068000715D420688068000783
:102AA000F2D42068816841F00401816001F09CFA51
:102AB000054612E001F098FA401B0A280DD920685B
:102AC0008068400709D5A06A20F0020040F010009D
:102AD000A06284F824600120F8BD20688068400767
:102AE000E8D4A06A20F0020040F00100A06284F85F
:102AF00024603846F8BD0000CC000020F8B5002264
:102B0000009290F8245083681446012D1CD00125B2
:102B100080F82450D3B14D680B691F269D4226D8FA
:102B20001F055B1BC3F103030D6803EB83039D408B
:102B3000A7F580172F439E40036846F440169D6B0F
:102B4000B5432F439F631EE00220F8BD4B68012B65
:102B500005D0826A42F020028262012213E00368FB
:102B60009D6B0E686FF3150545EAC6350AE05B1BE1
:102B7000C3F1030303EB83039E40036846F440164E
:102B80009D6BB5439D6303689D68ED43ED0706D0DB
:102B90009D6847F20106B5438E6935439D604B7DC4
:102BA000012B08D18B69B3F5E04F08D0826A42F05F
:102BB0002002826201220B7D012B06D00CE003680B
:102BC0005D6845F480655D60F5E74B7DA3B1826A81
:102BD00042F02002826201220B68072605680A2B58
:102BE00010D3EF680A3B03EB43039E40B7438E6864
:102BF0009E403743EF600EE003685D6845F4805502
:102C00005D60E9E72F6903EB43039E40B7438E689D
:102C10009E4037432F610B68102B01D0112B04D13C
:102C200003689D6845F400059D604B68012B10D03A
:102C3000022B16D0032B03681BD01D6ACE686FF3DE
:102C40000B0535431D620B68102B19D0112B17D0C3
:102C500037E003685D69CE686FF30B0535435D614E
:102C6000F1E703689D69CE686FF30B0535439D61FD
:102C7000E9E7DD69CE686FF30B053543DD61E2E717
:102C8000124D0368AB4217D19D682D0219D49D687F
:102C900045F400059D600968102912D10C490D4BBF
:102CA0000968B1FBF3F101EB8101490000E0491E25
:102CB00000910029FBD104E0816A41F0200181628A
:102CC000012280F824401046F8BD00000024014095
:102CD000CC00002040420F0070B52A4988424FD1F5
:102CE0002948007828B103F099FD0AF031FD274901
:102CF00008802748274C407808B1207830B12078E8
:102D000001283DD1BDE8704006F032B8A079224DCF
:102D1000401CC0B2A07105280BD3FFF739FD1F4836
:102D2000FFF74CFC1E4A296907F0C8FE2861002005
:102D3000A0711C4807F064FB04F024FA28690AF02B
:102D400055FB194A194B0AF027F90AF061F841B20C
:102D50001448027802F0030201EB0221B0F90820C6
:102D6000C06810440844C11700EB91516FF309018A
:102D7000401A81B2A182BDE870400A4807F030BA1B
:102D800070BD00001C130020E4010020FA010020A7
:102D9000E02C00200000002094280020B3EF0A3A25
:102DA000CDCCCC3DC82A0020FA7E6ABC7493783F13
:102DB0000068022909D0032905D0042901D0C06B7D
:102DC0007047806C7047406C7047006C7047000023
:102DD00070B5044690F8240001280DD0012084F835
:102DE00024002046FFF77EFA01004FF0000205D0D4
:102DF00084F82420084670BD022070BDA06A42F20B
:102E00000103984340F48050A0621C4B20681C4D85
:102E100098421FD12E6816F4702F1BD0A66A46F474
:102E20008016A662A66AF60500D4E26284F8242021
:102E30006FF0040202602068426842F08002426043
:102E4000206842685205D5D48268C2F30232072A4C
:102E500004D009E0A66A26F48016E2E7984208D179
:102E60002A6812F4702F04D0826842F40042826013
:102E7000C0E7826842F40212F9E70000002801402E
:102E800004240140F8B50023009390F824201C4648
:102E9000012A12D0012280F824204A681F26072A1E
:102EA0000DD205686F6B521E02EB82029640B7434B
:102EB0000E68964037436F6319E00220F8BD05683D
:102EC0000D2A0AD22F6BD21F02EB82029640B74323
:102ED0000E68964037432F6309E0EF6A0D3A02EB24
:102EE00082029640B7430E6896403743EF620A6805
:102EF000072605680A2A0AD3EF680A3A02EB42025B
:102F00009640B7438E6896403743EF6008E02F69DC
:102F100002EB42029640B7438E68964037432F61DA
:102F20000A68102A01D0112A20D1124D0268AA4243
:102F300017D195682D0219D4956845F40005956060
:102F40000968102912D10C490C4A0968B1FBF2F149
:102F500001EB8101490000E0491E00910029FBD1ED
:102F600004E0816A41F020018162012380F824405D
:102F70001846F8BD00240140CC00002040420F005C
:102F800070470068C06C704770B5044600680668FA
:102F90004568A90625D5B10723D5A16AC90603D47A
:102FA000A16A41F40071A1628168C1F3424107291D
:102FB00010D1217B71B9416821F020014160A06AE4
:102FC00020F48070A062A06AC00403D4A06A40F01C
:102FD0000100A0622046FFF7D3FF21686FF01200C6
:102FE000086028062ED570072CD5A06AC00603D429
:102FF000A06A40F40050A06220688168C1F30231E9
:10300000072909D04168490515D48168C1F34241B7
:10301000072910D1217B71B9416821F080014160FD
:10302000A06A20F48050A062A06AC00503D4A06A00
:1030300040F00100A0622046FFF74EFE21686FF0CD
:103040000C00086068060CD5F0070AD0A06A40F4AE
:103050008030A062204600F093F821686FF00100F4
:10306000086070BD2DE9F0414FF0000604003546C0
:103070007ED0A06A002728B9E76284F82470204631
:1030800000F080F82046FFF703F9A16A01F0100173
:10309000014304D0A06A40F01000A06268E0A16A79
:1030A00021F4885141F00201A1626268E169237B49
:1030B0000A4346EA43010A43A1684FF48076B142CD
:1030C00008D0012906D0002194F814C0BCF1010FEA
:1030D00002D00AE03146F7E7F3B1A36A43F02003D8
:1030E000A362E36A43F00103E3622368D3F804C0F8
:1030F0002CF4694C4CEA010CC3F804C021688B68BD
:10310000DFF870C003EA0C0313438B60A168B1427F
:103110000BD0012909D00CE0DFF85CC0A3690CEBEF
:1031200043330B4343F40061DFE7218A0D05A5F526
:1031300080152168CB6A23F470032B43CB6221688E
:1031400089680E4B1940914208D1E762A16A21F0CB
:10315000020141F00101A162BDE8F081A06A20F006
:10316000020040F01000A062E06A40F00100E0625E
:103170000120F1E7FDF7E1FF00E0FFFFFE0E1FFF7A
:103180007047000000B585B00021009101910291C7
:1031900003911F4B01681F480322994214D1816992
:1031A00041F400718161816901F4007104918169C8
:1031B00041F0080181618069009200F008000490EC
:1031C00069460192144817E0144B99421ED1816957
:1031D00041F480618161816901F4806104918169B8
:1031E00041F0040181618069694600F004000490A7
:1031F0000120CDE900020A4800F006FE0022114637
:10320000122000F091FF122000F080FF05B000BDF9
:103210000024014000100240000C01400028014041
:10322000000801402DE9F8434FF000080D46044620
:10323000CDF8008000F0D8FE074620688168C905F7
:1032400008D5A06A40F02000A06284F82480012004
:10325000BDE8F8834168C90503D4C06A10F4700F53
:1032600029D0022001F06AFC3A490968B1FBF0F666
:1032700020680169384A11424FEA62024FEAA213FC
:103280001ED1C1684FEA621C11EA0C0F18D1016906
:10329000114224D1C068184221D1142022E0681CB8
:1032A00009D025B100F0A0FEC01BA84203D92068B8
:1032B0000068800724D5206800688007EFD52CE0DF
:1032C0000169114202D1C168194206D0026923493D
:1032D0000A4206D1C068084203D1542002E02920E6
:1032E00000E0FC204643009815E0681C10D025B192
:1032F00000F07AFEC01BA8420AD90098B04207D25B
:10330000A06A40F00400A06284F8248003209FE7B4
:103310000098401C0090B042E7D321686FF0120083
:103320000860A06A40F40070A06220688068C0F362
:10333000424007280CD1207B50B9A06A20F480704D
:10334000A062A06AC00403D4A06A40F00100A06299
:1033500000207DE7CC0000202449922449922400DB
:1033600070B5044690F8240001280DD0012084F89F
:1033700024002046FEF7B6FF01004FF0000205D002
:1033800084F82420084670BD022070BDA06A40F277
:103390000123984340F48070A0621F4D20681F4BAA
:1033A000A84218D11E6816F4702F14D0A66A46F4ED
:1033B0008016A6621E68760505D5A66A26F4005614
:1033C00046F48056A662A66AF6040AD5E66A26F096
:1033D0000606E66206E0A66A26F48016A66246683D
:1033E000E9E7E26284F824206FF0020202602068BC
:1033F0008268C2F34242072A05D1A84208D11A685E
:1034000012F4702F04D0826842F480128260B9E70F
:10341000826842F4A002F9E7002801400424014038
:1034200010B5044690F82400012807D0012084F844
:1034300024002046FEF72CFF10B107E0022010BD4B
:10344000A16A21F4885141F00101A162002184F8B0
:10345000241010BD90F82020012A07D0022A05D0A0
:10346000416A41F48021416201207047006842694D
:103470000A43426100207047F0B590F8205004687C
:10348000A468012D05D0022D03D0416A41F48021AA
:103490004DE014F0406F01D1E50045D5C4F301645F
:1034A0000125A5401D608B684FF4C0759BB1CE68A7
:1034B00033434E6843EAC603066805EB0417F3512D
:1034C0004FF4C273076803EB04130E69FE50097DC5
:1034D000012905D009E00E88CB6843EA4653EBE7A3
:1034E0000168CE5846F48076CE501179D2F8053076
:1034F0004FF4C67641EA0321036806EB041699519E
:103500001178D2F801204FF4C47341EA0221026815
:1035100003EB0413D150006805EB0411425842F04C
:10352000010242500020F0BD416A41F400114162A5
:103530000120F0BD10B590F820300268012B07D0B3
:10354000022B05D0416A41F480214162012010BD67
:10355000D2F8000240F00100C2F80002087D00F03D
:103560001F0301209840D2F81C328343C2F81C325A
:10357000CB69B3B9D2F80C328343C2F80C328C89D0
:103580004B6864F31F434C6902EBC404C4F8403237
:103590000C890B6864F31F434C6902EBC404C4F844
:1035A0004432CB69012B16D1D2F80C320343C2F856
:1035B0000C320C884B6864F31F434C6902EBC40463
:1035C000C4F840320C89CB6864F31F434C6902EBAA
:1035D000C404C4F844328B69002BD2F804320ED0F4
:1035E0000343C2F804320B69002BD2F8143208D01E
:1035F0000343C2F81432096A012904D008E0834366
:10360000EFE78343F5E7D2F81C120143C2F81C121E
:10361000D2F8000220F00100C2F80002002010BD24
:10362000704770B590F82040012C05D0022C03D0D3
:10363000416A41F4802128E0046809B32469A407A1
:1036400020D04FF4D874056804EB01142D5915F0FF
:103650000405956005682D591AD0ED085560056878
:103660002C5904F00204D4604FF4DA74056804EBBA
:1036700001142E5906F00F06082E0CD308250DE074
:10368000E468DCE7416A41F400114162012070BD49
:103690006D0D1560E3E72D5905F00F0515610568FF
:1036A0002D59C5F30725956105682C59240C5461E3
:1036B0004FF4DC72046802EB0112A4581C70046819
:1036C000A458240A5C700468A458240C9C700468F4
:1036D000A258120EDA704FF4DE72046802EB011287
:1036E000A4581C710468A458240A5C710468A45886
:1036F000240C9C710468A258120EDA71006829B17A
:10370000016941F020010161002070BDC16841F0F4
:103710002001C160F8E72DE9F05F0546006800244C
:103720004669D0F804908768D0F80CB0D0F810A0A3
:10373000D0F81880F10748D0F90714D00121816032
:10374000B80703D5284600F022FA0CE0780702D526
:103750004FF4006407E0380702D54FF4805402E0CC
:10376000284600F013FAF80516D529684FF4807042
:103770008860B80503D5284600F00BFA0CE0780500
:1037800002D544F4005407E0380502D544F48044DF
:1037900002E0284600F0FCF9F80316D529684FF43A
:1037A00080308860B80303D5284600F0F4F90CE0B7
:1037B000780302D544F4004407E0380302D544F40A
:1037C000803402E0284600F0E5F9300707D55FEACB
:1037D000CB6004D52968102044F40074C8607007D9
:1037E0004FF0080707D55FEA0B7004D52868C7605B
:1037F000284600F07BF9B00706D52868C068800726
:1038000002D0284600F074F9700607D55FEACA6056
:1038100004D52968102044F480640861B00607D5F7
:103820005FEA0A7004D528680761284600F080F92D
:10383000F00606D528680069800702D0284600F007
:1038400078F9B00308D55FEAC96005D5296810206A
:103850004860284600F06EF9F00307D55FEA09706A
:1038600004D528684760284600F096F9300446D50C
:103870005FEA497040D5F00504D55FEAC87001D011
:1038800044F00104B00504D55FEA887001D544F026
:103890000204700504D55FEA487001D544F00404C1
:1038A000300529D518F0700F26D008F07000402898
:1038B00015D006DC102809D020280AD0302816D1CF
:1038C0000AE050280ED0602811D10EE044F0080420
:1038D0000DE044F010040AE044F0200407E044F056
:1038E000400404E044F0800401E044F4807428685B
:1038F000816921F070018161296804204860002CF1
:1039000005D0686A204368622846FFF789FEBDE853
:10391000F09F70B5040003D094F8200010B104E0CB
:10392000012070BD204600F097F82068016841F042
:103930000101016000F058FB0546052604E000F097
:1039400053FB401B0A2811D820684068C007F6D0F6
:103950002068016821F00201016000F045FB054686
:103960000BE000F041FB401B0A2806D9606A40F4D6
:103970000030606284F82060D2E7206840688007E9
:10398000EFD4207E0128206801683DD021F080011D
:103990000160607E01282068016838D021F0400174
:1039A0000160A07E01282068016833D021F0200149
:1039B0000160E07E0128206801682ED041F01001EE
:1039C0000160207F01282068016829D021F00801CA
:1039D0000160607F01282068016824D021F0040183
:1039E0000160D4E902010843D4E9041211430843F9
:1039F0006168491E08432168C86100206062012097
:103A000084F82000002070BD41F08001C0E741F043
:103A10004001C5E741F02001CAE721F01001CFE7DE
:103A200041F00801D4E741F00401D9E700680749F3
:103A3000884209D10648C16921F00071C1614FF483
:103A40004071044800F070B9704700000064004005
:103A500000100240000C014010B586B0002100911A
:103A600001910291039100681C49884233D11C489E
:103A7000C16941F00071C161C16901F00071049137
:103A8000816941F0080181618069164C00F00800ED
:103A900004904FF4807000906946204600F0B4F91D
:103AA000611500910221019103210391694620468D
:103AB00000F0AAF90C49486820F4C04040F0E060EA
:103AC00040F48040486000220321142000F02CFBC9
:103AD000142000F01BFB06B010BD00000064004085
:103AE00000100240000C014000000140704700003F
:103AF00010B5044600680C49884213D10B4B0021D5
:103B0000A3F11C022046FFF78CFD00280AD10749CB
:103B100001201C3981F824002046BDE81040022114
:103B2000FFF798BC10BD000000640040BC130020EB
:103B300070477047704770B5044690F82000012820
:103B400004D0606A40F40020606217E0022084F82C
:103B500020002068016821F00101016000F044FAB2
:103B600005460DE000F040FA401B0A2808D9606ABB
:103B700040F400306062052084F82000012070BD10
:103B800020684068C007EDD1606270BD7047704723
:103B900070477047704770477047000070B5044623
:103BA00000F022FA0546601C02D004480078044464
:103BB00000F01AFA401BA042FAD370BDC0000020EA
:103BC0002DE9F047054626480F460126017E0129CA
:103BD0000FD00121814601762868DFF888804CF2F9
:103BE0005034022808D0A2462046FEF741FEA8B174
:103BF00031E00220BDE8F0872046FEF739FE08BB21
:103C00000120FEF7D5FD2046FEF732FED8F8101051
:103C1000064621F00401C8F810101CE04FF0FF30F8
:103C20003860AC6811E02046FEF7D4FD5046FEF740
:103C30001FFED8F81010060021F00201C8F810107D
:103C400001D03C6007E004F58064D5E9020100EB97
:103C50008120A042E7D8002189F818103046C9E732
:103C6000E0260020002002400348016941F0800165
:103C70000161002070470000002002402DE9F05F44
:103C800005461D4888460024017E16461F46012928
:103C900009D00121814601764CF2503A5046FEF798
:103CA000E7FD18B123E00220BDE8F09F012D02D00E
:103CB000022D00D00425D346DFF840A015E02201F4
:103CC00030463946FCF7BCFA81B208EB4400FEF7F7
:103CD00093FD5846FEF7CCFDDAF8102022F00102E1
:103CE000CAF8102018B9641CE4B2AC42E7D3002231
:103CF00089F81820D8E70000E026002000200240C4
:103D0000064900200A69120607D5054A4A60054A95
:103D10004A600969090600D5012070470020024069
:103D200023016745AB89EFCD2DE9F0430022DFF891
:103D3000C0904FF00F0C56E0012393400B4050D041
:103D400022F003054D44AC689607370F0CFA07F6CE
:103D500006EA0408274CA04201D100240FE0264CBB
:103D6000A04201D101240AE0244CA04201D1022446
:103D700005E0234CA04201D1032400E00424BC4010
:103D8000444513D11F4F3C689C433C603F1D3C6839
:103D90009C433C601B4F0C373C689C433C603F1F7E
:103DA0003C689C433C60AC68B443AC60FF2B01D8DA
:103DB000044601E000F104044FEA820501D9A5F1AF
:103DC000200526680CFA05F726EA07064FF00407D7
:103DD00007FA05F746EA07062660C46824EA0304E2
:103DE000C46002F1010231FA02F3A5D1BDE8F0830B
:103DF0000000014000080140000C0140001001409B
:103E000000140140000401402DE9F84FDFF8A491AF
:103E10000024A9F1040B23464FF00F0809F1040A0E
:103E2000ABF1040EBEE00127A7403A40BA4272D17E
:103E3000DFF884C14D68A5EB0C0665452BD00DDC81
:103E4000032D34D005DC35B3012D19D0022D2FD12F
:103E50001BE0112D16D0122D2AD119E0B6F5881FBE
:103E600019D006DCB6F5803F15D0B6F5801F1FD1FE
:103E700011E0B6F5001F0ED0B6F5041F18D10AE008
:103E8000CB6815E0CB681B1D12E0CB6808330FE050
:103E9000CB680C330CE08B682BB1012B4FF008037F
:103EA00003D0476104E0042302E0076100E000233F
:103EB000FF2A01D8064601E000F104064FEA840516
:103EC00001D9A5F12005376808FA05FC27EA0C0797
:103ED00003FA05F547EA050737604D68ED0060D540
:103EE000364DAE6946F00106AE61AD6924F00306B9
:103EF00005F001050095324D7719BE68A5072D0F15
:103F000008FA05FC26EA0C06DFF8B8C0604503D1C4
:103F10004FF0000C17E044E0DFF8ACC0604502D180
:103F20004FF0010C0FE0DFF8A4C0604502D14FF064
:103F3000020C08E0DFF898C0604502D14FF0030C96
:103F400001E04FF0040C0CFA05FC4CEA060CC7F833
:103F500008C04D68D9F80060ED024D4601D5164302
:103F600000E096432E604D68DAF80060AD025546D9
:103F700001D5164300E096432E604D68DBF80060E3
:103F8000AD035D4601D5164300E096432E604D68B3
:103F9000DEF80060ED03754601D5164300E0964358
:103FA0002E60641C0A6832FA04F57FF43CAFBDE869
:103FB000F88F0000080401400000111000100240BA
:103FC0000000014000080140000C014000100140C9
:103FD000001401408068084000D0012070470AB1F9
:103FE000016170470904FBE70148806870470000E1
:103FF000C000002070B5040013D021684CF6CC40FE
:104000000860216845F255500860D4E9000141601C
:104010002168A0688860FFF7E7FF054641F23C365B
:104020000CE0012070BDFFF7DFFF401BB04205D957
:104030002068C068800701D0032070BD2068C06878
:104040008007F0D121684AF6AA200860002070BDE0
:1040500000684AF6AA210160002070470248816882
:104060000278114481607047C0000020074810B5F5
:10407000016841F010010160032000F075F80F2085
:1040800000F006F800F024F8002010BD00200240E7
:1040900070B50D4D04464FF47A712878B1FBF0F0FD
:1040A0000A490968B1FBF0F001F0F1F948B9102CA8
:1040B00007D200222146501E00F036F800206C6026
:1040C00070BD012070BD0000C0000020CC000020A9
:1040D0000C4808B5816941F001018161816901F0F5
:1040E00001010091C16941F08051C161C069064977
:1040F00000F080500090486820F0E06040F00070D0
:10410000486008BD0010024000000140002809DBA3
:1041100000F01F02012191404009800000F1E020E1
:10412000C0F8001170470000F0B40E4B1B68C3F3D9
:104130000223C3F10704042C00D904241D1D072DFC
:1041400001D2002300E0DB1E012606FA04F56D1EF5
:104150000D409D409E40761E164045EA0601F0BC8B
:1041600004F085BD0CED00E0064A00F00701106880
:104170004FF6FF03184040EA01200349084310604E
:10418000704700000CED00E00000FA05BFF34F8F10
:1041900005480168054A01F4E06111430160BFF37D
:1041A0004F8F00BFFDE700000CED00E00400FA05B2
:1041B00010B50C0607D501F0070101EB810100EBFA
:1041C000C100103005E001EB810100EBC10000F5FA
:1041D000A87099B232B1012202730181190C418198
:1041E000002010BD00220273C180F9E7704701EB87
:1041F000810200EBC202D0F8D402526A03F0B9BCCB
:1042000001EB810200EBC202D0F8D402D2F86421A3
:1042100003F012BD10B5040006D0032084F891020B
:10422000206804F0F3FC08B1012010BD204600F026
:10423000F9FB002084F8910210BD70B504460B060E
:1042400001F0070000EB800104EBC1014FF0010217
:104250004FF0000502D54A74103103E081F8515146
:1042600001F5A871087094F89002012808D084F82C
:104270009022206804F031F984F89052002070BD3B
:10428000022070BD70B5044601F00F002279904203
:1042900001D9012070BD0B0601F0070000EB800181
:1042A00004EBC1014FF001024FF0000502D54A7442
:1042B000103103E081F8515101F5A8718D7008703B
:1042C00094F89002012808D084F89022206804F025
:1042D000A2F984F89052002070BD022070BD2DE933
:1042E000F05F046857040B788D69B4F850704FF094
:1042F00000064BF68F7948F2800A48F68F7B48F229
:10430000C00E4FF480682AD54FF0020C0CEBC30CA2
:10431000674408EB4707E45BC4F30904A54203D3F1
:104320002D1B8D6101D00BE08E61056835F823608F
:1043300006EA090686F4005646EA0A0625F82360CE
:10434000520609D50A78036833F8225005EA0B05AE
:1043500045EA0E0523F8225084B30A8929E04FF07C
:10436000060C0CEBC30C674408EB4707E45BC4F393
:104370000904A54203D32D1B8D6101D00BE08E6192
:10438000056835F8236006EA090686F4005646EA11
:104390000A0625F82360520609D40B78026832F821
:1043A000235005EA0B0545EA0E0522F823502CB1EF
:1043B0004A8949690068234604F00BFC2046BDE8A1
:1043C000F09F2DE9F05F054600680C465FEA426CFD
:1043D0008B6916460978B0F850C048F68F774CF2D2
:1043E00080094FF4004B4FF6FF7E4FF4806A4FF088
:1043F000000275D54FF0020808EBC108E0440AEB53
:10440000480C30F80C00C0F30900834211D91B1A84
:10441000A3610FD0730407D52B6833F821603E40A9
:1044200046EA090623F8216094F82410012949D0AE
:1044300057E1A261607810B1012813D01AE0286812
:10444000B0F85030184400EB0110B0F80414C1F378
:104450000901A0F80414B0F8041441F40041A0F8D4
:10446000041407E02868B0F85030184400EB01103D
:10447000A0F804246178286811B1012913D01AE04A
:10448000B0F850100844217800EB0110B0F80C147B
:10449000C1F30901A0F80C14B0F80C1441F4004168
:1044A000A0F80C1407E0B0F850100844217800EB95
:1044B0000110A0F80C2421782846FFF798FE70041C
:1044C00073D40EE1616901446161E1690144E16114
:1044D0002369216A994204D31846091A216205E02A
:1044E0003EE084F8242009B108462262617811B1C7
:1044F000012929D031E02968B1F8502011442278EF
:1045000001EB0211B1F80424C2F30902A1F804245A
:1045100001F204413E2807D94209C30600D1521EC8
:104520000B884BEA822207E048B14208C30700D05B
:10453000521C0B880EEA822213430B800DE00A887E
:1045400042F400420A8008E02968B1F85020114482
:10455000227801EB0211A1F8040483B22289BCE0A5
:104560004FF0060808EBC108E0440AEB480C30F8AD
:104570000C00C0F30900834211D31B1AA3610FD0B2
:10458000730407D42B6833F821603E4046EA0906DD
:1045900023F8216094F82410012953D0A1E0A261EE
:1045A000607818B1012814D01BE041E02868B0F809
:1045B0005030184400EB0110B0F80414C1F30901A5
:1045C000A0F80414B0F8041441F40041A0F8041455
:1045D00007E02868B0F85030184400EB0110A0F84C
:1045E00004246178286811B1012913D01AE0B0F8C9
:1045F00050100844217800EB0110B0F80C14C1F3FE
:104600000901A0F80C14B0F80C1441F40041A0F812
:104610000C1407E0B0F850100844217800EB0110AA
:10462000A0F80C2421782846FFF7E1FD700458D447
:104630002178286830F821203A4042EA090220F81F
:1046400021204EE0616901446161E1690144E16159
:104650002369216A994203D31846091A216204E0AA
:1046600009B10846226284F824206278296812B1D0
:10467000012A28D02FE0B1F850201144227801EB14
:104680000211B1F80C24C2F30902A1F80C2401F2C2
:104690000C413E2807D94209C30600D1521E0B889F
:1046A0004BEA822207E048B14208C30700D0521CFF
:1046B0000B880EEA822213430B800CE00A8842F436
:1046C00000420A8007E0B1F850201144227801EB43
:1046D0000211A1F80C04628983B26169286804F0B0
:1046E0009EFA2178286830F8212048F6BF731A40D6
:1046F00082F0300248F280031A4320F82120002083
:10470000BDE8F09F01F0070101EB810100EBC10062
:10471000D0F86C0170472DE9F04104460E0601F017
:10472000070000EB800104EBC1014FF001074FF0DF
:10473000000502D54F74103103E081F8515101F5A5
:10474000A871022B08700A61CB7000D10D7194F82A
:104750009002012809D084F89072206803F07CFD53
:10476000284684F89052BDE8F0810220FBE710B59E
:1047700001F0070404EB840100EBC101C1E95923F6
:104780000022C1F86C2181F8512181F85041006864
:1047900001F5A87103F092FF002010BD70B504462A
:1047A0000D4601F007002179884201D9012070BD32
:1047B00029064FF000064FF0010206D500EB8001FC
:1047C00004EBC1014A74103107E005EB850104EBED
:1047D000C10181F8516101F5A8718A70087094F8DF
:1047E0009002012807D084F89022206803F04DFF42
:1047F000680702D006E0022070BD04F5267120682B
:1048000003F007FF84F89062002070BD10B501F03E
:10481000070404EB840100EBC101C1E90923012273
:1048200081F834200B630023CB624A7401F8104FE7
:10483000006803F043FF002010BD1FB50446006868
:1048400004F0C4F9010403D5204601F0BFFD1FBDEB
:1048500041050DD5206830F8441F21F480610180A6
:10486000204600F00BF90021204600F022F91FBD80
:10487000410405D5206830F8441F21F4804173E0DD
:10488000810405D5206830F8441F21F400516BE005
:10489000C10414D5206830F8401F21F004010180C4
:1048A000206830F8401F21F008010180204600F008
:1048B000F8F8206830F8441F21F4805154E00105D5
:1048C0003FD5216800206A4631F8203022F81030A8
:1048D000401CC0B20828F7D331F8400F40F0010067
:1048E0000880206830F8401F21F001010180206815
:1048F000B0F844104905FBD530F8441F21F480611D
:1049000001800020236832F8101023F82010401C8A
:10491000C0B20828F6D3206830F8401F41F00801E3
:104920000180206830F8441F21F400610180206874
:1049300030F8401F41F004010180204600F0ECF8FF
:104940001FBD810509D5206830F8441F21F400718E
:104950000180204600F0A9F81FBDC005FCD52068E5
:1049600030F8441F21F4807101801FBD2DE9F04112
:10497000040004D094F89102002518B107E001204A
:10498000BDE8F08184F89052204600F059F80320E9
:1049900084F891026571206803F034FE94E80F00FA
:1049A00003F099FD022690BB0021206804F026F94F
:1049B00068BB002101270BE001EB810004EBC00084
:1049C00047740174C57405624562491CC9B28562A9
:1049D00020798842F0D8002111E001EB810004EB3E
:1049E000C00080F8515180F8501180F85351C0F840
:1049F0006051C0F86451491CC9B2C0F868512079AF
:104A00008842EAD894E80F0003F0F3FD10B184F86F
:104A10009162B4E7657384F89172206803F0E7FD52
:104A20000020ADE700680449884204D10348C16909
:104A300021F40001C1617047005C00400010024099
:104A400008B500680B49884212D10B48C16941F48E
:104A50000001C161C069002200F400000090032140
:104A60001420FFF761FBBDE808401420FFF74EBBA0
:104A700008BD0000005C00400010024070B5044614
:104A800080790125022801D0FDF790FE2946D4F84F
:104A9000D40203F0B9F9D4F8D402BDE8704003F0B1
:104AA00075B9D0F8D40203F099B9D0F8D40203F064
:104AB0009FB910B5044690F8900201280AD0012051
:104AC00084F890026173206804F09AF8002084F85A
:104AD000900210BD022010BDD0F8D42200F526713E
:104AE000104603F09DB910B5044690F890020128D5
:104AF00010D0012084F89002206804F04FF80121C2
:104B00002046FFF773FB206803F06FFD002084F858
:104B1000900210BD022010BD10B50446D0F8D4029A
:104B200003F0BDF9A07A002804D00348016841F0E1
:104B30000601016010BD000010ED00E010B5014657
:104B40000020234C012922D0022939D010291DD15F
:104B500061682268D20119D51E48C1F38342C90396
:104B6000805C0AD561681B4AC1F34041921E515CCA
:104B7000194AB2FBF1F1484301E018494843616822
:104B8000490203D440000321B0FBF1F010BD226ABA
:104B9000C2F30121012903D1920701D5C80310BD39
:104BA000022905D1626A920702D549F6404010BD3C
:104BB0000329FCD121688903F9D54FF2244010BDA7
:104BC00000F01EF96168C1F38131491C4900DBE73F
:104BD000001002409EDD000800127A0000093D002E
:104BE0002DE9F84304460078344FC00752D0F869E5
:104BF0000025C00008D4F86940F08050F861F869D9
:104C0000012500F0805000902D480168C90511D49D
:104C10000168804641F480710160FFF7E5F90646BE
:104C200004E0FFF7E1F9801B642822D8D8F80000DF
:104C3000C005F6D5386A10F4407020D0A18801F480
:104C4000407181421BD0386A1E49012220F4407015
:104C50000A6000220A603862C00710D0FFF7C4F96A
:104C6000064641F2883807E0FFF7BEF9811B41454F
:104C700002D90320BDE8F883386A8007F4D5386A82
:104C8000616820F44070084338621DB1F86920F073
:104C90008050F8612078800705D57868A16820F4F5
:104CA0004040084378602078C00605D57868E16800
:104CB00020F48000084378600020DBE70010024009
:104CC00000700040400442422DE9F0470D460400C8
:104CD00067D0DFF81881D8F8000000F00700A8427C
:104CE0000CD2D8F8001021F007012943C8F80010B1
:104CF000D8F8000000F00700A84252D120683C4ECE
:104D0000810712D5400703D5706840F4E0607060F9
:104D10002078000703D5706840F4605070607068B8
:104D2000A16820F0F000084370602078C00727D009
:104D30006068012810D03168022810D08907002946
:104D40002FDA716821F0030101437160FFF74CF91C
:104D5000074641F288390CE031688903EFE78901A1
:104D6000EDE7FFF741F9C11B494502D90320BDE832
:104D7000F0877068616800F00C00B0EB810FF0D133
:104D8000D8F80010404601F00701A9420BD901688C
:104D900021F0070129430160006800F00700A842E4
:104DA00001D00120E3E72078400705D57068E1686D
:104DB00020F4E060084370602078000706D5706832
:104DC000216920F4605040EAC100706000F028F8CA
:104DD0007168084AC1F30311515CC8400649086074
:104DE00006480068FFF754F90020C0E700200240A1
:104DF00000100240AEDD0008CC000020C4000020FE
:104E00000448054900684968044AC1F3C221515C5D
:104E1000C8407047CC00002000100240BEDD0008F2
:104E20000E4B59680E4801F00C02042A11D0082AD2
:104E30000FD10C48C1F38342C903805C0AD559687D
:104E4000084AC1F34041921E515C054A5043B0FBF1
:104E5000F1F07047044948437047000000100240D9
:104E600000127A008CDD000800093D002DE9F84FA2
:104E700004006FD02078BE4DC00747D06868C0F3EB
:104E80008100012807D06868C0F38100022809D199
:104E90006868C00306D52868800337D56068002895
:104EA000E7D033E06068B0F5803F0BD010B1B0F5CB
:104EB000A02F11D0286820F480302860286820F4C2
:104EC000802002E0286840F480302860606888B163
:104ED000FFF78AF8064609E0286840F48020286039
:104EE000F0E7FFF781F8801B642873D828688003F7
:104EF000F7D50BE0FFF778F8064604E0FFF774F803
:104F0000801B6428F1D828688003F7D42078DFF864
:104F1000648280074FF0010A4FF0000939D56868B4
:104F200010F00C0F07D06868C0F38100022809D187
:104F30006868C00306D42868800714D52069012852
:104F400008D110E02069B0B1C8F800A0FFF74CF814
:104F5000064605E007E1FFF747F8801B0228C4D8A2
:104F600028688007F7D52868616920F0F80040EAD2
:104F7000C10028600DE0C8F80090FFF735F806463C
:104F800004E0FFF731F8801B022823D82868800747
:104F9000F7D4207800072CD57748A169D9B1C0F89B
:104FA00000A0FFF721F8064604E0FFF71DF8801B7C
:104FB00002280FD8686A8007F7D570484FF4FA5175
:104FC0000068B0FBF1F0009000BF0098411E009116
:104FD000FAD20EE07CE0C0F80090FFF705F8064634
:104FE00004E0FFF701F8801B022871D8686A800787
:104FF000F7D4207840075BD5E8690027C00008D4C3
:10500000E86940F08050E861E869012700F08050CD
:1050100000905B480168C90511D40168834641F4DA
:1050200080710160FEF7E0FF064604E0FEF7DCFF5A
:10503000801B64284CD8DBF80000C005F6D5E0687A
:1050400001280AD008B1052813D0286A20F00100F1
:105050002862286A20F0040002E0286A40F001007B
:105060002862E06841F2883B88B1FEF7BDFF064642
:1050700009E0286A40F004002862EEE7FEF7B4FF7A
:10508000811B59455BD8286A8007F7D50BE0FEF7EE
:10509000ABFF064604E0FEF7A7FF811B59454ED83B
:1050A000286A8007F7D41FB1E86920F08050E861D2
:1050B000E069A8B36968C1F38101022946D00228DA
:1050C000484606D0C8F86000FEF78EFF044639E077
:1050D00035E04746C8F86000FEF786FF064604E064
:1050E000FEF782FF801B022829D828688001F7D4A8
:1050F000206AB0F5803F05D16868A16820F40030CF
:1051000008436860D4E908010843696821F4741110
:1051100008436860C7F860A0FEF766FF044605E034
:1051200023E0FEF761FF001B022808D828688001F1
:10513000F7D51AE0FEF758FF001B022802D903201A
:10514000BDE8F88F28688001F4D40EE00128F7D07C
:105150006868226A00F48031914204D1616A00F4E7
:105160007010884201D00120EAE70020E8E7000043
:10517000001002400000424280044242CC00002065
:105180000070004070B5040009D0606A002540B18D
:1051900025616561A56294F8510040B10CE00120E1
:1051A00070BD6068B0F5827FF4D0E561F2E784F805
:1051B0005050204600F040F8022084F8510020684A
:1051C000016821F040010160A088218900F482700B
:1051D00001F404410843A18901F400610843217CE2
:1051E00001F002010843217D01F001010843218BF8
:1051F00001F400710843217F01F03801084394F85D
:10520000201001F080010843218D01F40051084372
:1052100021680860A069042101EA10402168486003
:105220002068C16921F40061C1616565012084F8CD
:105230005100002070BD000030B585B000240094FE
:1052400001940294039400681449884223D11448BD
:10525000816941F480518161816901F48051049137
:10526000816941F00401816180690E4D00F0040004
:105270000490A02000900220019003200390694632
:105280002846FEF7C1FD4020CDE9000469462846C6
:105290000294FEF7B9FD05B030BD000000300140BA
:1052A00000100240000801402DE9FF4F81B01F4669
:1052B0009346044601250E9EFEF796FE804694F81E
:1052C00051006168012806D0B1F5827F3CD1A16808
:1052D000C9BB042838D10298002870D0BBF1000F58
:1052E000FBD0002FF9D094F8500001282CD04FF0BB
:1052F000010A84F850A094F85100042802D0052037
:1053000084F851004FF00009C4F85490C4F838B044
:10531000E787A78702992163E786A786C4F84090AC
:10532000C4F8449020680168490603D4016841F03C
:1053300040010160E068B0F5006F606808D0E8B334
:10534000012F47D07DE0FFE7022005B0BDE8F08FD8
:1053500008B1012F37D1206B21680088C860206B0D
:10536000801C2063E08E401EE0862CE0206881686F
:1053700089070DD5E18E59B1012D09D1216B09881D
:10538000C160206B801C2063E08E401EE0860025FB
:1053900020688168C9070BD0E18F49B1C068A16B53
:1053A0000880A06B801CA063E08F401EE087012571
:1053B000FEF71AFEA0EB0800B04201E00AE064E04C
:1053C00001D3701C4ED1E08E0028CFD1E08F002891
:1053D000CCD13CE0206B216800780873206B401C26
:1053E0002063E08E401EE0862BE0206881688907FC
:1053F0000DD5E18E59B1012D09D1216B09780173C9
:10540000206B401C2063E08E401EE0860025206853
:105410008168C9070BD0E18F49B1C068A16B0870E2
:10542000A06B401CA063E08F401EE0870125FEF7C3
:10543000DBFDA0EB0800B04202D3701C01D011E0EC
:1054400086B1E08E0028D0D1E08F0028CDD1424631
:105450003146204601F01EFE50B12020606584F8E0
:10546000509012E084F851A084F8509003206CE72B
:10547000A06818B92068C1688068009084F851A0BD
:1054800084F85090606D0028F1D001205DE710B5E0
:10549000401EB0F1807F01D3012010BD4FF0E02409
:1054A00060610F21601703F0E2FB0020A06107207C
:1054B0002061002010BD70477047000070B590F863
:1054C0003C20012A26D0012580F83C50022280F899
:1054D0003D2002685368946823F070060B683343DC
:1054E00053600D4B02689A4208D0B2F1804F05D04C
:1054F0000A4B9A4202D00A4B9A4204D1496824F0DE
:1055000080031943916080F83D50002180F83C10E1
:10551000084670BD022070BD002C01400004004010
:105520000008004010B5040003D094F83D0010B10D
:1055300007E0012010BD002084F83C00204600F068
:105540001FF8022084F83D00211D206801F0F8FEBC
:10555000012084F8460084F83E0084F83F0084F877
:10556000400084F8410084F8420084F8430084F845
:10557000440084F8450084F83D00002010BD000080
:1055800008B500681449B0F1804F14D0134A904216
:1055900020D1C86940F00200C861C869002200F04B
:1055A0000200009002211D20FEF7BEFD1D20BDE877
:1055B0000840FEF7ABBDC86940F00100C861C8698A
:1055C000002200F00100009001211C20FEF7ACFD3C
:1055D0001C20ECE708BD0000001002400004004061
:1055E00090F83D10012901D001207047022180F878
:1055F0003D100168CA6842F00102CA6000680B49A8
:10560000884208D0B0F1804F05D00949884202D0C5
:105610000849884204D1816801F00701062903D0B6
:10562000016841F00101016000207047002C014039
:10563000000400400008004070B5044690F83C00AB
:105640000025012817D0012684F83C60022084F848
:105650003D002068826822F0770222F47F42826057
:105660000868502838D00DDC20284FD005DC90B3D6
:10567000102811D14AE0022070BD302846D04028C1
:105680000AD13BE060282FD070280DD0B0F5805FA4
:1056900003D0B0F5005F12D0012584F83D600020F2
:1056A00084F83C00284670BDCB68D1E90121206810
:1056B00001F08FFE2068816841F0770109E0CB6836
:1056C000D1E90121206801F084FE2068816841F45D
:1056D00080418160E1E719E0CA684968206801F00B
:1056E00033FF5021206806E0CA684968206801F04D
:1056F0003CFF6021206801F076FECEE7CA68496869
:10570000206801F021FF40212068F4E7226801466B
:105710001046F0E770472DE9F04104460068C6687E
:1057200005694FF00007A90713D5B10711D5F91E78
:10573000016101202077206880698007204602D01F
:10574000FFF7E8FF04E000F0C1F8204600F053F94D
:105750002777680716D5700714D521686FF0040005
:105760000861022020772068806910F4407F20467D
:1057700002D0FFF7CFFF04E000F0A8F8204600F0C9
:105780003AF92777280715D5300713D521686FF028
:1057900008000861042020772068C069800720463F
:1057A00002D0FFF7B7FF04E000F090F8204600F0C9
:1057B00022F92777E80616D5F00614D521686FF090
:1057C00010000861082020772068C06910F4407F2D
:1057D000204602D0FFF79EFF04E000F077F8204655
:1057E00000F009F92777E80708D0F00706D021680C
:1057F0006FF001000861204600F04EF9280608D538
:10580000300606D521686FF0800008612046FFF75A
:1058100052FE680608D5700606D521686FF0400074
:105820000861204600F090FBA8060AD5B00608D50E
:1058300021686FF0200008612046BDE8F041FFF7C5
:105840003BBEBDE8F081000010B586B0002100919C
:105850000191029103910068B0F1804F2BD117485C
:10586000816941F008018161816901F008010491B9
:10587000816941F0040181618069022400F0040023
:10588000049040F60840CDE9000469460C480394B2
:10589000FEF7BAFAA003CDE900046946094803946B
:1058A000FEF7B2FA0849486820F4407040F0E06022
:1058B00040F44070486006B010BD00000010024087
:1058C000000C01400008014000000140704770B525
:1058D000044690F83C0000260D4601280FD0012018
:1058E00084F83C006AB1042A1DD0082A2FD00C2A63
:1058F0003FD00126002084F83C00304670BD0220D5
:1059000070BD206801F078FD2068816941F00801D0
:1059100081612068816921F00401816120688169C9
:105920002A69114311E0206801F092FD2068816925
:1059300041F4006181612068816921F480618161A5
:10594000206881692A6941EA02218161D2E72068E1
:1059500001F0ACFD2068C16941F00801C161206817
:10596000C16921F00401C1612068C1692A6911433C
:1059700011E0206801F0C6FD2068C16941F40061B2
:10598000C1612068C16921F48061C1612068C16979
:105990002A6941EA0221C161ACE710B5040003D0D5
:1059A00094F83D0010B107E0012010BD002084F8FC
:1059B0003C00204600F01EF8022084F83D00211D26
:1059C000206801F0BDFC012084F8460084F83E0008
:1059D00084F83F0084F8400084F8410084F84200D5
:1059E00084F8430084F8440084F8450084F83D00BE
:1059F000002010BD7047704710B5044649B1042916
:105A00000AD008290BD094F8410001280AD00120BF
:105A100010BD94F83E00F8E794F83F00F5E794F8DD
:105A20004000F2E7022041B3042929D008292AD0F6
:105A300084F841000122206801F0BEFC134920686F
:105A4000884203D1426C42F400424264206888429A
:105A500008D0B0F1804F05D00D49884202D00D49E1
:105A6000884204D1816801F00701062903D001684A
:105A700041F001010160002010BD84F83E00D9E72B
:105A800084F83F00D6E784F84000D3E7002C0140BB
:105A900000040040000800402DE9FC5FFE49DFF8EB
:105AA000FC8388420BD14FF08040406AC8F84C001C
:105AB00064282ED2BDE8FC5FF948FDF789B9F949A1
:105AC000884226D104F054FA04F0EEFDF64DDFF8DA
:105AD000DC93F74C6878F74E03281CD002281AD0C4
:105AE000042816D1F448FCF765FC306907F07EFC09
:105AF0004A46F24B07F050FA0546EF480E46C06A98
:105B000007F074FC2A46334607F086FB06F0FEFEDB
:105B1000A064BDE8FC9FEA4F4FF4000A4FF0000B71
:105B2000022844D1E968706907F0C2FD3FD0E968F6
:105B3000706907F0D4FF17D2286907F057FC4A466E
:105B4000E04B07F029FA81460091706907F04EFC9E
:105B50004A46009B07F060FB06F0D8FE7061E968DA
:105B600007F042FE1ED21BE0E968706907F03CFEB8
:105B700018D2286907F03AFC4A46D24B07F00CFAD3
:105B800081460091706907F031FC4A46009B06F09F
:105B9000EFFE06F0BBFE7061E96807F0A0FF01D2DE
:105BA000E868706188F805B0A8F812B038E0B8F875
:105BB000120044F62062904203D2401CA8F8120062
:105BC0002EE098F8050040BBE868504507DBBE4969
:105BD000306907F037FC716907F006FE0AD3E86800
:105BE000B8421AD3B849306907F0B4FF716907F0B9
:105BF00076FF12D230698146B84201D2642001E0BA
:105C00006FF0630007F0C4FD494607F01BFC01215B
:105C1000706188F80510E86002E0012088F805004E
:105C2000D6E90410B146009007F094FFA649064655
:105C3000884201DD0E4603E0A448864200D90646AC
:105C4000009820F00040009098F8030007F0B8FD9D
:105C5000009907F044FF53D268784146032805D0E5
:105C6000CA6AC9F80020D8F8301004E0CA6BC9F835
:105C70000020D8F84010C9F80410B8F80C0007F05C
:105C80009FFD009907F02BFF0FD3914AD9F8100020
:105C90004946904202D94A69BA4206D38D498842A0
:105CA0005DDDD9F81400504559DAD8F8240007F022
:105CB0009DFB894A894B07F06FF906F027FEC8F86B
:105CC0002400B8F80C00643007F016F9CDE90001A3
:105CD000D9F8100020F0004007F088FBDDE9002330
:105CE00007F01EF9E06C12D207F080FB7C4A7D4B76
:105CF00007F052F906F00AFEE06431466D48BFE055
:105D0000D8F83420C9F80020D8F83810B3E776491D
:105D1000884209DC07F06AFB744A754B06F028FEDE
:105D200006F0F4FDE06400E0E164724AD9F8100086
:105D30004946904206D94A69BA4203D26E486F4931
:105D4000206409E06E4A904208DDD9F814005045FD
:105D500004DA6C486C492064C8F8241093E0B8F861
:105D60000E0007F02DFD009907F0B9FE48D8D8F8CD
:105D7000240007F03BFB584A584B07F00DF906F09A
:105D8000C5FD6249C8F82400C1F80CB0D9F8140068
:105D9000B8420ED2A968A06C07F026FD07D2A06C0D
:105DA00007F024FB514A524B06F0E2FD0FE0A868D1
:105DB00013E0A868A16C80F0004007F015FD09D23F
:105DC000A06C07F013FB494A494B07F025FA06F08F
:105DD0009DFD02E0A86880F00040A0644B48D9F81F
:105DE00014105038514503DB86F00041016201E098
:105DF000314606624548503800F0D4FCE06442E089
:105E0000E06CB0F1404F08D207F0F0FA374A384B57
:105E100007F002FA06F07AFD01E04FF040403B4AFD
:105E200086F00046283AE0641662D9F814004FF074
:105E30007C5150450DDB4FF0804090613448D0617B
:105E4000344AD8F824004746904214D207F082FE24
:105E50000FE0B84211D3304890614FF04040D0611C
:105E6000D8F824004FF081424746904203DA07F009
:105E7000E9FA786201E0C8F824202448314628383D
:105E800000F090FCA064687803287FF442AE98F894
:105E90000400401CC0B241E0541400200000002067
:105EA0001C1300209C140020E02C0020FCA9F1D23F
:105EB000C82A002094280020082900204D62503F65
:105EC000000080804D62403F00004843000048C30E
:105ED00000007AC400007A449A9999999999B93F37
:105EE0002B8716D9CEF7EF3F6666E63F7B14AE47A9
:105EF000E17A843F000016C4CDCC4C3F000020C1A5
:105F000000001644CDCC4CBF00002041F41200200C
:105F1000CDCC4C3E000080C0CDCC4CBE88F80400F7
:105F20000228FFF4F6AD88F804B002B0034ABDE8D9
:105F3000F05F0349034800F045BE00006F12833A4A
:105F4000BC280020D82800207047000001490968BB
:105F5000C8637047541400200149096808647047F9
:105F60005414002001490968486370475414002004
:105F7000014909688863704754140020FEE7F0B5B2
:105F800000230A24302537261F4610E0B4EB107F8B
:105F900002D905EB107C01E006EB107C01F813C080
:105FA00001EB430C00015B1C8CF80170DBB29342E7
:105FB000ECD3F0BD70B58AB01C216846FAF75CFBE3
:105FC00000242248079408941F4909940160891508
:105FD000816004730475012505614FF460214460FC
:105FE000C161FDF73FF808B1FCF7E0FB0820CDE9FF
:105FF00000054FF4E040022606908DF81540049607
:1060000002958DF81440694610480394FCF776FD1C
:1060100008B1FCF7CBFB0920CDE9000669460B4827
:10602000FCF76CFD08B1FCF7C1FB1020CDE90705BA
:1060300007A906480995FCF725FF002801D0FCF7C1
:10604000B5FB0AB070BD0000002401401C13002005
:106050003EB5002410480094019402940D498460D8
:10606000016004730475012505614FF460214460EB
:10607000C161FCF7F7FF08B1FCF798FBCDE90045DB
:10608000694605480295FCF7FDFE002801D0FCF7A3
:106090008DFB3EBD002801404C1300200F4810B579
:1060A0000D4901600E494FF4C0220978416000217A
:1060B0008160C0E90312D2004261017641768176A7
:1060C000C17601774177FDF724FC002803D0BDE8B5
:1060D0001040FCF76BBB10BD00640040C8130020EB
:1060E0005C0000202DE9F04385B00024284800948E
:1060F000019402940394816941F0200181618169D6
:1061000001F020010491816941F0040181618169FC
:1061100001F004010491816941F008018161806905
:10612000DFF8708000F00800049000221021404643
:10613000FDF755FFDFF860904FF480570022394695
:106140004846FDF74CFF0225CDE90054694640461C
:106150000294FDF759FE0C208DE831006946404657
:10616000FDF752FE10200126CDE9000669464046A3
:10617000CDE90245FDF748FECDE90076694648467F
:10618000CDE90245FDF740FE05B0BDE8F083000013
:106190000010024000080140000C0140094810B501
:1061A000074901600421416040F6FF718160FDF7FD
:1061B00021FF002803D0BDE81040FCF7F7BA10BD5E
:1061C00000300040F0130020114810B50F49016065
:1061D0004FF48271416000214FF40062C0E9021265
:1061E0000222026101224261520282610822C0E958
:1061F0000721416281620A21C162FEF7C3FF0028C4
:1062000003D0BDE81040FCF7D1BA10BD003001400A
:10621000FC13002010B58EB0002407940894099454
:106220000A940B941C2168460C94FAF725FA2B4823
:106230004FF080410160012141602021816040F2E6
:106240008331C0E9031480218161FFF76BF908B144
:10625000FCF7ACFA4FF48050079007A91F48FFF7EE
:10626000EBF908B1FCF7A2FA1C48FFF796FB08B15E
:10627000FCF79CFA0B940BA918480C94FFF71EF935
:1062800008B1FCF793FA6020CDE9000402940022E3
:10629000694612480494FFF71AFB08B1FCF786FA26
:1062A000042269460D48FFF712FB08B1FCF77EFA9D
:1062B000082269460948FFF70AFB08B1FCF776FA9D
:1062C0000C2269460548FFF702FB08B1FCF76EFA9D
:1062D0000248FFF7B9FA0EB010BD000054140020B8
:1062E00010B586B0002417480094019402940394DA
:1062F00004941349059401604721C0E9011440F258
:10630000F311C0E903148461FFF70CF908B1FCF73D
:106310004DFA4FF48050009069460A48FFF78CF917
:1063200008B1FCF743FA049404A906480594FFF762
:10633000C5F8002801D0FCF739FA06B010BD0000FE
:10634000000400409C14002070B51A4C2568206899
:1063500020F470202060206840F440302060154810
:106360000830016821F4805101601420FDF716FC0B
:10637000256000221049114801F0D4FB08B1FCF758
:1063800015FA0F490D4801F0B0FD08B1FCF70EFAFF
:106390000C490A4801F0E0F908B1FCF707FA074890
:1063A00001F0F8FD002803D0BDE87040FCF7FEB90D
:1063B00070BD00000408014060000020E4140020CB
:1063C000AC010020B0000020FEE7FEE72DE9F05F01
:1063D00004464FF0060A4FF480694FF0000BC0E10D
:1063E000B0F8441011F00F063AD030F826805FEA7A
:1063F00008417DD530F8261040F68F72114041F0EB
:10640000800120F8261006EB860004EBC00595F805
:106410005C0105F5A87500286BD0E878022869D0E2
:106420002978206830F8212048F68F731A4048F206
:10643000C0031A4320F821202978206830F8212051
:10644000B0F8503052047DD5022202EBC1015A1837
:1064500009EB4201415A8F05BF0D74D02A89D9E05A
:10646000C9062CD4018848F60F72114041F400414E
:106470000180206804F11005B0F85020237C02212F
:1064800001EBC3010A4409EB4201405AC0F3090081
:10649000E062616A0844606200212046FDF7A7FEC1
:1064A000607B00289BD0A869002898D1607B216878
:1064B00040F08000A1F84C0084F80DB051E1018853
:1064C00004F5A8750A0521D5B0F850202B780AEB01
:1064D000C3010A4409EB4201405A04F52671C0F396
:1064E0000903EB61EA88206802F073FB206802E090
:1064F000A8E06FE07DE0018840F68F72114041F026
:10650000800101802046FEF7E7FA2AE10904D5D58B
:10651000018840F68F72114041F0800101802068AF
:10652000B0F850202B780AEBC3010A4409EB420172
:10653000405A83059B0DEB6110D0696971B1EA88FF
:10654000206801E05CE05AE002F043FBE969686919
:106550000844686100212046FDF752FE206801884A
:106560000A05ABD4C1F301310329A7D0B0F850100C
:106570000844B0F80C14C1F30901A0F80C142969FF
:1065800000F20C403E2909D94A09C90600D1521E21
:1065900001884FF4004343EA822209E0B1B14A087E
:1065A000C90700D0521C01884FF6FF7303EA82220C
:1065B00011430180206801884BF68F72114081F4ED
:1065C000405148F2800211430180CAE0018841F441
:1065D0000041EEE72068B0F850202B780AEBC301A9
:1065E0000A4409EB4201415A8F05BF0D16D0EA88D3
:1065F00010E0424629462046FDF771FE07460DE0B1
:106600000AEBC1015A1809EB4201415A8F05BF0D2F
:1066100004D06A893B46696902F0DBFAE8693844CC
:10662000E861686938446861A86910B12869B842AE
:1066300004D929782046FDF7E3FD03E029462068C8
:1066400002F03CF85FEA086030D506EB860004EB08
:10665000C001206830F8262048F60F731A4042F433
:10666000004220F82620C87C103101281FD05FEAA4
:10667000C85072D42068B0F850300D78022202EB76
:10668000C502134409EB4302805A8A69C0F309002A
:1066900082425AD9121A8A6159D04A6902444A611F
:1066A000CA691044C861206802F008F859E0C1F8CE
:1066B00018B0087B5B4620B35FEA486022D5487873
:1066C00010B1012814D03EE02068B0F850201044EA
:1066D0000A7800EB0210B0F80424C2F30902A0F813
:1066E0000424B0F8042442F40042A0F804242AE070
:1066F0002068B0F8502010440A7800EB0210A0F88F
:10670000043420E04A78206812B1012A13D01AE03C
:10671000B0F8502010440A7800EB0210B0F80C24B6
:10672000C2F30902A0F80C24B0F80C2442F4004291
:10673000A0F80C2407E0B0F8502010440A7800EBD1
:106740000210A0F80C34097802E0C1F818B0E9B2E0
:106750002046FDF74CFD04E0FFE742462046FDF7EA
:1067600030FE2068B0F8441009043FF539AE00202F
:10677000BDE8F09F70B5DDE90554049E466180E8F0
:106780000E000021C1604FF081418C4200DD0C46BB
:1067900003498D4200D90D46C0E9064570BD000091
:1067A000000080C070B50E4604464168304607F0D0
:1067B0004FF8E16806F046FEE060A16907F08FF946
:1067C00001D2A06905E0E169E06807F00DF801D2A7
:1067D000E069E0603046616A07F0BCF9A16807F043
:1067E00037F805463146206807F032F8E16806F0D0
:1067F00029FE294606F026FE0546A16907F06FF935
:1068000001D2A56905E02846E16906F0EDFF00D256
:10681000E5696662284670BD7047000070B50024C7
:10682000084D00F0E5F838B1064808304088688027
:10683000BDE8704006F0C4BF641CE4B20A2CF0D37B
:106840006888F5E7E40100202DE9FF470027574855
:10685000B846A0F108060780478037703C464FF4E1
:10686000FA6A534DDFF84C9102F0B6FA0022104656
:106870005346C72807D005EB400135F810C04988BA
:1068800004E0494205E02988B5F88EC1B1EB0C015E
:10689000F7D489B2994202D9C1F5804189B242390F
:1068A0001D2901D2521CD2B2401CC0B2C828E0D36C
:1068B000C82A0FD0002211463F4804F0ADFC002149
:1068C0003D4803F061FD641CE4B2052CCCD3B8F163
:1068D000000F50D00021084605EB400235F810307B
:1068E0005288D21A002A01DD491CC9B2401CC0B22C
:1068F0000A28F1D30124082902D30B20746003E095
:106900004FF0FF3070601620A5F89001C922284989
:106910002A48FCF747F86420FDF740F9347099F8ED
:1069200000004C46F0B1C022009701970297002367
:106930001146DD20039704F005FC2148FBF7E2FD3A
:106940006420FDF72BF9207888B11E48FDF762FC22
:10695000FBF7AEFD1420FDF721F972B6BDE8FF4745
:10696000FDF714BC102118A0FBF712FEE8E71B4846
:10697000FDF75CF8EEE799F8000078B10097019711
:1069800002970023FF22C021DD20039704F0DAFBE9
:1069900004B00B48BDE8F047FBF7B4BD04B00E21CE
:1069A000BDE8F0470EA0FBF7F3BD0000EC010020AE
:1069B0000027002002000020C82A002000F800085C
:1069C0007C1300200824002041646A7573742053EE
:1069D000756363657373210A00000000C81300200B
:1069E00041646A7573742046616C7365210A000006
:1069F0002DE9FE4F4FF40340ADF804004FF404407E
:106A00000024DFF8B8B02E4DADF806000DF10409F2
:106A10000DF1080A661E4FF00108002210215F46A2
:106A20005846FDF7DCFA012302AA01A92548009681
:106A3000FEF73AFC012210213846FDF7D0FA002279
:106A400010213846FDF7CBFA01230AF1020209F1C1
:106A500002011C480096FEF727FC0122102138464F
:106A6000FDF7BDFABDF80800BDF80A20C0B260F31A
:106A70001F2200212A800846434603FA00F73A42C3
:106A800001D0491CC9B2401CC0B21028F5D3C807B8
:106A900006D00020641CE4B22871032CBDD308E0AA
:106AA00085F80480C2F38D006880C2F340006871ED
:106AB00010B10020BDE8FE8F0120FBE70008014077
:106AC000EC010020FC1300202DE9F05F894604460C
:106AD00090F82C609B469246174F184D184948462F
:106AE00006F0B6FE804636B116484078032802D13B
:106AF000012084F82C003E463946484606F0A8FEA0
:106B0000206168614046514606F06EFE00D2C246E2
:106B10004046594606F068FE00D2C346314650460C
:106B200006F096FE6061E8603146584606F090FE39
:106B3000A0612861BDE8F09F0000C040F80100207E
:106B40000000C842E02C00202DE9F0410446164622
:106B50000D460846FBF7CCFD20602969A86806F0C1
:106B6000F9FFA96906F0F6FF6861144866603746C8
:106B70000078012600282168384608D006F062FC1B
:106B8000A06084F82D6084F82C60BDE8F08106F0E8
:106B900059FC696906F0DEFFA0603946A86906F075
:106BA00051FCA86106486169C160A16901610021C9
:106BB000017084F82D6021694161E4E72912002009
:106BC000F80100202DE9F74F044690F82D0084B01D
:106BD000C0B10598FBF78CFDF74E0546E060F7491C
:106BE000306906F035FE20622946A06806F0B2FF43
:106BF000DFF8CCB3054660629BF80000F14F012836
:106C000028D040E094F82C0005287CD0EA482830B1
:106C1000076986683946304606F09CFF05998D69FC
:106C2000294606F097FFE84920F0004088420BDB38
:106C30003146384606F08EFF294606F003FC024630
:106C400020460599FFF780FF059807B0BDE8F04F93
:106C5000FBF74EBD25F00040B0F17C5F02DADB4867
:106C6000786107E0DA4906F0F3FDDA497861884295
:106C700000DD7961D848F968814200DDF860396942
:106C8000814200DD3861CF4801210069019007F0A1
:106C900038F807463069014606F0DAFDCF4906F0BC
:106CA000D7FD394606F042FC2946009006F03EFC2E
:106CB000CB4920F00040884202DCCA49884200DA11
:106CC000084694F82C100027DFF81C834FF4000AC4
:106CD0004FF0010906297CD2DFE801F0F8036CB01F
:106CE000F7F6DFF8E082E06920F00040D8F81410F1
:106CF00006F0F5FE15D2E069069981465045D8F8B0
:106D00000C0007DB00E0DCE006F0A2FD494606F0DF
:106D100017FF04E006F09CFD494606F093FBE06196
:106D200025E00699D8F80C0006F092FD616A5145FD
:106D300002DB4FF07E5100E0AC4906F089FDE169CD
:106D400006F080FBE061D8F8141020F0004021F03C
:106D5000004106F0C4FE0AD2E0695045D8F814009C
:106D600001DA80F00040E061022084F82C0025F078
:106D700000408046009906F037FD18D89C498D42A6
:106D800002D33069884204D2554510DB3069504542
:106D90000DDB032084F82C00206A20F00041E0691C
:106DA00020F0004006F09BFE01D2206AE06191498C
:106DB00040462AE0DFF80C82E06920F00040D8F875
:106DC000141006F08CFE2CD2E069069981465045DD
:106DD00000E070E0D8F80C0005DB06F039FD49460C
:106DE00006F0AEFE04E006F033FD494606F02AFB4D
:106DF000E06125F000452846009906F0F5FC02D830
:106E0000032084F82C007B49284606F0EDFC53D87B
:106E100030694FF07E5120F0004006F0E5FC4BD881
:106E200046E0606A10F1FF4F02D24FF07E5100E061
:106E30006E49D8F8140006F00BFDD9E715F1FF4FA5
:106E400001D380F000400090DFF878810699019826
:106E500006F0FEFC009906F0FBFCE16906F070FE0E
:106E6000E06110F1FF4F01D3554504DA504511DBC5
:106E700015F1FF4F0ED398F80010404651B9E76165
:106E80005549C2688A4200DDC160019A8A4201DD2B
:106E9000C8F8101025F000405649009006F0A4FCF8
:106EA00015D83069544920F0004006F09DFC0ED8FA
:106EB000042084F82C00E7614049E06906F036FBC5
:106EC000706107B0BDE8F08FC6E057E0DAE04B48EC
:106ED0004FF0FF3785422CDDE069504529DA98F8FC
:106EE0000000454668B93069344920F0004006F09A
:106EF000F6FD06D23946F06806F003FFF06085F82B
:106F000000904FF07C502FE03348E968814200DD6B
:106F1000E860296981422FDC3949009806F098FC25
:106F20002C496861884202DC28498842C4DA6961D8
:106F3000C2E734488542BFD3E06910F1FF4FBBD2AE
:106F400098F80000454668B930691C4920F00040B7
:106F500006F0C5FD06D23946F06806F0D2FEF060B4
:106F600085F800904FF03F40E06184F82C909BF84A
:106F700000000028C8D09FE72861CDE784F82D7075
:106F8000E76184F82C708BF8009098F800001E4997
:106F900001280BD002288FD1087801284ED00E216D
:106FA0001AA0FBF7F5FA88F8007085E70878012841
:106FB0003CD00E2119A0F4E7942800200000C04026
:106FC00029120020F8010020CDCC4C3D00004040AB
:106FD0000000C84200003444000016440000104283
:106FE00000002041CDCCCC3D23120020000080BF0A
:106FF000000080800AD7A33C000040410AD7233C10
:107000000000C0410AD723BC0200002041506F732A
:107010002053756363657373210A000052506F73C8
:107020002053756363657373210A00000023009782
:10703000019702971A46C821039706E0002300979C
:10704000019702971A46C9210397DD2004F07AF8C8
:107050000F48FBF757FAA6E784F82D70E76198F818
:10706000000030B105982946806906F073FD059946
:107070008861212188F8001067628BF8009084F8FD
:107080002C7019E784F82D708BF8009014E700003D
:107090007C130020F8B515460E460B4600920446B8
:1070A0000122022100F010F840B93346002280216D
:1070B0002046009500F008F8002804D0606D40F0EC
:1070C000200060650320F8BD2DE9F8431E46914677
:1070D00088460446089DFCF787FF401B351AFCF7DD
:1070E00083FF074625480068C0F3CB30684338E08B
:1070F000701C37D0FCF778FFC01BA84203D215B133
:10710000009860B32CE02068416821F0E001416004
:107110006068B0F5827F0BD1A068B0F5004F02D057
:10712000B0F5806F04D12068016821F04001016052
:10713000A06AB0F5005F09D12068016821F4005110
:1071400001602068016841F400510160012084F869
:107150005100002084F850000320BDE8F88300258A
:10716000401E00902068816838EA010004D00020A9
:107170004845BDD10020F0E70120F9E7CC00002010
:1071800070470000F0B53B4852213D4F008807F59D
:10719000C876B0FBF1F438490B883849C833C825A4
:1071A0000A6802FB043191FBF5F305FB131CACF1FB
:1071B00001010CF1010C2BE0012A07EB410309D07E
:1071C0005C8837F811309C421AD283421FD3844224
:1071D00009D91CE05B8837F81140A3420AD98442E0
:1071E00015D8834213D3C83191FBF5F305FB131176
:1071F00031700FE00BD2844209D803F58043F0E7E9
:1072000005D9834203D300F580439C42EBD9491C46
:107210006145D1DD31781B4B4C1CB4FBF5FC33F9D7
:10722000113005FB1C44736037F8144037F8111017
:10723000544301FB02F5AC4202DD401A50430BE01F
:1072400043F64874012A04D0A042A1EB00000CD8F8
:1072500002E0A04205D9401A000290FBF3F0308111
:10726000F0BDC1F580410844F6E7000200F580005A
:10727000F3E70000FA01002010020020E8010020DE
:1072800038290020442B0020002205E00621491E59
:1072900089B2FCD2521C92B28242F7D37047FCF7FB
:1072A000DDBE30B593B028216846F9F7E5F9142121
:1072B0000AA8F9F7E1F900240F940920012110949C
:1072C0000090119412944FF4803004910691CDE90E
:1072D00001040225CDE907504FF4E01009906846FB
:1072E000FDF7C4FD08B172B6FEE70F20CDE90A052F
:1072F0004FF48060CDE90C4002210AA80E94FDF7FE
:10730000E3FC08B172B6FEE712200F904FF4004084
:10731000CDE911040FA8FDF763FC002801D072B677
:10732000FEE713B030BD70470148FEF7F4B9000026
:10733000541400200148FEF7EEB900009C14002010
:10734000F0B50268194C1A4D1A4E4FF08047A04212
:1073500005D0B84203D0A84201D0B04203D122F0F8
:1073600070034A681A43A04205D0B84203D0A8422D
:1073700001D0B04203D122F44073CA681A434B696A
:1073800022F080021A4302608A68C2620A6882623E
:10739000A04201D109690163012141610169C90765
:1073A00003D0016921F001010161F0BD002C014011
:1073B000000400400008004010B501F01F01012347
:1073C000046A8B409C430462036A8A40134303624D
:1073D00010BD10B5846842EA032224F47F440A43B6
:1073E0002243826010BD826822F070020A4342F09C
:1073F000070181607047000030B5026A036A23F01C
:10740000010303624368846924F073050C682C430C
:1074100022F002058A682A430C4DA84206D122F0C8
:107420000805CA6842EA050222F0040207D14D6944
:1074300023F4407345EA03058B6943EA050343607F
:10744000846149684163026230BD0000002C014044
:1074500030B5036A026A22F010020262426884694F
:107460000D6824F4E64444EA05248D6823F02003E3
:1074700043EA05130C4DA84206D1CD6823F08003E2
:1074800043EA051323F0400307D14D6922F440621B
:1074900042EA85028D6942EA850242608461496858
:1074A0008163036230BD0000002C014030B5026AE8
:1074B000036A23F4807303624368C46922F4007290
:1074C00024F073050C682C438D6842EA05220C4DAC
:1074D000A84206D1CD6822F4006242EA052222F4D5
:1074E000806207D14D6923F4405343EA05138D6947
:1074F00043EA05134360C4614968C163026230BD59
:10750000002C014030B5046A026A22F48052026203
:107510004268C3690D6823F4E64343EA05238D6896
:1075200024F4005444EA0534064DA84204D14D69C0
:1075300022F4804242EA85124260C36149680164D4
:10754000046230BD002C014010B5046A036A23F0C8
:1075500001030362836923F0F00343EA021324F07A
:107560000A020A438361026210BD10B5036A046A0D
:1075700024F010040462846923F0A00324F470440E
:1075800044EA023243EA01118261016210BD2DE931
:10759000F041D0F8C062D0F8B822CAB101EB810343
:1075A00000EB83040027E5693DB106EBC3031B6ACA
:1075B000B5FBF3F603FB165323B1C2F81472002097
:1075C000BDE8F08100231A46E76100F071FCF6E7A0
:1075D0000220F5E770B50546D0F8B84200F06DFB23
:1075E000C4F80C02D5F8B80248B1D5F8BC12D4F8EA
:1075F0000402CA6804F503719047002070BD0220A0
:1076000070BD70B504460026812100F0A9FA00255E
:1076100001212046E56200F0A3FA82212046C4F849
:107620006C5100F09DFA2564D4F8B80248B1D4F842
:10763000BC0204F52E7440688047206800F007FE05
:107640002560304670BD10B5D0E9AE4159B194F80F
:107650000002FF2807D08B6894F801222146984742
:10766000FF2084F80002002010BD00000A210180E4
:1076700000487047D4000020432101800048704733
:10768000240100204321018000487047E0000020D1
:107690004321018000487047680100202DE9F04136
:1076A00004460026007C4FF40077012590B3402368
:1076B00002228121204600F054FB4023E562022291
:1076C0000121204600F04DFB0823032282212046A1
:1076D000C4F86C5100F045FB4FF40770256400F0CE
:1076E000B7FDC4F8B802F8B10546D4F8BC0200688A
:1076F00080470021C5F81412C5F81812207CD5F86F
:10770000042298B140230121204600F036FB304688
:10771000BDE8F081FFE73B4602228121204600F0D0
:1077200020FB3B46E562CAE70126F0E73B46EAE775
:1077300010B5D0F8B81269B1027C002AD1F8042241
:1077400005D04023012100F018FB002010BD4FF4AC
:107750000073F7E7022010BD02460220002902D084
:107760000020C2F8BC127047D0F8B802C0F804126A
:1077700000207047D0F8B802C0F81022C0F80812F4
:10778000002070472DE9FC410546D0F8B872002072
:107790008DF80000ADF80400064608780C4610F09D
:1077A000600121D020293BD1E288AAB1000660788F
:1077B00007D5D5F8BC128B6839469847E288394618
:1077C00026E087F80002A07987F80102E2883946AE
:1077D000284600F06AF828E0D5F8BC12607800224C
:1077E0008B682146984720E0607820B10A2809D0AC
:1077F0000B2815D110E095F89C02032810D1022225
:1078000001A905E095F89C02032809D101226946E7
:10781000284600F064F808E095F89C02032804D09C
:107820002146284600F036F802263046BDE8FC81A5
:1078300010B5D0F8B812A1B1D1F814220AB10120C4
:1078400010BD0122C1F81422D1F810220263B1F850
:10785000102293B2D1F80822812100F029FB0020E8
:1078600010BD022010BD10B5D0F8B4225268904768
:10787000002010BD134610B50A46002100F07DFA25
:10788000002010BD134610B50A46002100F010FB81
:10789000002010BD10B50446802100F0EEFA20460D
:1078A000BDE81040002100F0E8BA10B50323C0F88D
:1078B0005C21C0F89432C0F8602113460A460021CA
:1078C00000F05BFA002010BD10B505210023C0F8C0
:1078D00094121A46194600F050FA002010BD10B557
:1078E0000223C261C0F89432026213460A460021A4
:1078F00000F0DEFA002010BD10B504210023C0F80E
:1079000094121A46194600F0D3FA002010BD000068
:1079100010B50A46024903A000F0D4F8004810BD93
:10792000A817002043444320436F6E666967000038
:1079300012200880004870478000002010B50A46D9
:10794000024903A000F0BEF8004810BDA8170020AF
:1079500043444320496E74657266616365000000AC
:1079600004200880004870477C00002010B50A46BB
:10797000024903A000F0A6F8004810BDA817002097
:107980004A484D0010B50A46024903A000F09AF893
:10799000004810BDA81700204A484D5F34325F46AA
:1079A0004F43000010B51A2008800A480168001DE6
:1079B0000468001D0068081809D008220649FEF76F
:1079C000DEFA0549042210312046FEF7D8FA0248B3
:1079D000801E10BDE8F7FF1F96000020F8B5044692
:1079E0000020ADF8000048880D46010A082948D259
:1079F000DFE801F04704091747473D45D4F8B012C6
:107A0000207C0A6819E0207C02260028D4F8B40201
:107A100005D0C16A68468847014646703EE0816AE3
:107A2000F8E7C0B206282CD2DFE800F0030B1115EE
:107A3000191DD4F8B002426806E069469047014635
:107A40002CE0D4F8B0028268DAB1207CF5E7D4F8F3
:107A5000B002C268F8E7D4F8B0020269F4E7D4F8DB
:107A6000B0024269F0E7D4F8B0028269ECE7207C0A
:107A700038B9D4F8B402416B68468847DFE7207C08
:107A800020B129462046FFF705FFF8BDD4F8B4021F
:107A9000016B68468847014607204870BDF8000022
:107AA00048B1EA8852B1824200D90246ADF80020BE
:107AB0002046FFF714FFE8880028E6D12046FFF7AC
:107AC0001BFFF8BD70B5002300281ED0044600251A
:107AD00002E06D1CEDB2641C2678002EF9D1022460
:107AE00004EB450414801278CA545B1C0322CA5468
:107AF00000245B1C06E0CA545B1CDAB28C54521C96
:107B0000D3B2401C0278002AF5D170BD01004FF0BD
:107B1000000004D0012901D0022901D002207047C1
:107B20000120704710B580B1D0F8B43213B10023F2
:107B3000C0F8B43209B1C0F8B012012180F89C122B
:107B4000027000F0BFF8002010BD022010BD10B57B
:107B5000D0F8C002FCF796FBBDE81040FFF7D6BF97
:107B600010B5D0F8C002FCF768FBBDE81040FFF785
:107B7000CDBF2DE9F0411746044651B1D4F8B40207
:107B800042691AB194F89C02032851D00220BDE842
:107B9000F081D4F89432002504F11400022B03D0B4
:107BA000042B3AD0C3B33CE0D0E903639E4207D92B
:107BB000F11AC1608AB239462046FFF763FE12E02F
:107BC0008068B0FBF3F103FB110199B9984211D31E
:107BD000D4F8981288420DD2002211462046FFF7B1
:107BE00051FEC4F8985200231A461946204600F068
:107BF000C4F816E0D4F8B402C16829B194F89C0224
:107C0000032801D1204688478021204600F035F91D
:107C10002046FFF759FE04E0FFE78021204600F0F0
:107C20002CF994F8A002012804D184F8A05201E0B4
:107C3000204690470020AAE770B51546044649B192
:107C4000D4F8B40282691AB194F89C02032830D0A7
:107C5000022070BDD4F8941204F5AA70032902D052
:107C600005291ED027E0D0E903318B420BD95B1ADE
:107C7000C3600846834200D303469AB22946204691
:107C8000FFF7F8FD17E0D4F8B402016929B194F8C0
:107C90009C02032801D1204688472046FFF72CFE8E
:107CA00009E000200146C4F89402204600F0E5F8FF
:107CB00001E020469047002070BDD0F8C002FCF7DC
:107CC00021BD000010B504461C481D49C0F8D4422F
:107CD000C4F8C002016008210171022181710021F4
:107CE0008172C1720173FCF741FE08B1FAF75EFDC3
:107CF0000022D4F8C0021823114604F53074FCF7B2
:107D000057FA5823002280212068FCF751FAC0233B
:107D1000002281212068FCF74BFA4FF4887300227F
:107D200001212068FCF744FA4FF48073002282217D
:107D30002068FCF73DFA002010BD00000824002058
:107D4000005C00400A0601F07F01D0F8C00201EBA0
:107D5000810100EBC10001D5807C704790F8520191
:107D6000704710B51C461346D0F8C0022246FCF7F7
:107D7000D2FCBDE81040FFF7C9BE10B5D0F8C00274
:107D8000FCF7F5FCBDE81040FFF7C0BE70B500225F
:107D9000044640231146FFF7E4FF40260125C4F8BE
:107DA00064613346002280212046C4F85851FFF711
:107DB000D8FF6662A56184F89C520020C4F8940242
:107DC0006060C4F8A402D4F8B80228B1D4F8B402B0
:107DD0000021426820469047002070BD90F89C1218
:107DE000042903D190F89D1280F89C12002070475E
:107DF00010B590F89C12032904D1D0F8B412C969C7
:107E000001B18847002010BD01740020704710B5F3
:107E1000D0F8C002FCF74DFEBDE81040FFF776BE7B
:107E200070B5044600F52A70054600F04AF80120B6
:107E3000C4F89402B4F8AE02C4F8980294F8A822E8
:107E400012F01F000AD001280DD0022810D002F035
:107E50008001204600F011F8002070BD2946204620
:107E600000F09DF8F8E72946204600F0C9F9F3E74D
:107E70002946204600F01CF9EEE710B5D0F8C00204
:107E8000FCF78CFCBDE81040FFF740BE10B5D0F801
:107E9000C002FCF728FEBDE81040FFF737BE90F89F
:107EA0009C1280F89D12042180F89C1200207047DB
:107EB00010B5D0F8C002FCF7A9FCBDE81040FFF7F0
:107EC00025BE0A7802704A7842708A78CB7802EB35
:107ED000032242800A794B7902EB032282808A795D
:107EE000C97902EB0121C18070470246002011B11F
:107EF000C2F8B41270470220704710B5D0F8B4220F
:107F000002241AB11268904700B90024204610BD1F
:107F100070B50E461E4D897804462970012931D866
:107F200094F89C0202280BD003280FD0314620463B
:107F3000FFF7B0FC29782046BDE87040FFF793BCFE
:107F4000D9B10320616084F89C0209E071B16068D6
:107F5000884212D0C1B22046FFF785FC29786160C3
:107F60002046FFF7CAFF02280CD006E0022084F862
:107F70009C0220466160FFF776FC2046BDE8704019
:107F8000FFF7BABC31462046BDE87040FFF782BC1F
:107F9000D000002010B5FFF779FF002010BD2DE9BB
:107FA000F0410A78002712F0600208D0202A01D0A0
:107FB000402A70D1D0F8B422926890476DE04A7898
:107FC000002301260A2A66D2DFE802F0405D6557E9
:107FD000650805652C29FFF701FD5EE004468888E9
:107FE000D8B9C888C8B94888802816D200F07F055B
:107FF00094F89C02032810D084F89E52294620460B
:10800000FFF705FF2046FFF777FC1DB1022084F83B
:108010009C0242E084F89C623FE020463BE0FFF790
:1080200077FF3AE0CA88012A35D190F89C22012ACC
:1080300004D0022A02D0032A2DD104E0012200F14B
:108040000801836016E00122011D13E090F89C22D4
:10805000012A03D0022A01D0032A1CD1CA88022A8D
:1080600019D1C660D0F8A41209B10321C16002225F
:1080700000F10C01FFF733FC0FE0498801290CD116
:10808000C0F8A46211E090F89C22012A08D0022ACC
:1080900006D0032A04D0FFF7FDFB3846BDE8F08187
:1080A00049880129F9D1C0F8A432FFF725FCF4E78B
:1080B0002DE9F0410A46044613780027097913F0A8
:1080C00060000AD0202801D0402850D1D4F8B40252
:1080D00011468368204698478FE0C3F3411001287A
:1080E00006D05078D0B301282AD003283FD107E02A
:1080F000D4F8B402114683682046BDE8F041184721
:1081000094F89C02022802D0032872D10AE071B3CD
:1081100080296ED02046FFF7B0FE80212046FFF771
:10812000ACFE6AE0508838B931B1802904D0D088DB
:1081300010B92046FFF7A1FE2046FFF7DDFB5CE00B
:1081400094F89C020228E2D0032852D1508898BBB0
:108150004806F1D02046FFF7FAFCEDE7FFE794F878
:108160009C020026022803D0032842D112E040E0FE
:1081700009B180293DD1080601F07F0000EB8000A5
:1081800004EB800101D5143101E001F5AA7102224E
:108190000E602AE0080601F00F0000EB800004EBFF
:1081A00080000AD5806920B301F07F0000EB8000D9
:1081B00004EB800514350BE01FE0D0F85801C0B186
:1081C00001F07F0000EB800004EB800505F5AA7547
:1081D00041B1802906D02046FFF7B4FD10B101203F
:1081E000286000E02E60022229462046FFF777FB38
:1081F00003E011462046FFF74DFB3846BDE8F0810D
:1082000070B5054608780C4610F0600203D0202AAD
:1082100001D0402A16D195F89C22012A03D0022AC7
:1082200001D0032A0ED1207901280BD8D5F8B40249
:10823000826828469047E188014306D12846FFF727
:108240005BFB02E02846FFF725FB002070BD70476E
:1082500000487047E82100202DE9F0470D780027FD
:1082600030F8252048F68F131A40CB78002B72D0B7
:10827000012B76D0022B02D0032B6FD0012748F2BE
:108280008004224320F825200A7830F8223048F66E
:108290008F752B401343234320F822300B7B48F289
:1082A000C00948F6BF724CF2800A4BF68F7CE3B3EC
:1082B000CB78022B0B7830F8236078D048F68F68A3
:1082C00006EA0806264320F82360B0F850300E78FE
:1082D000034403EB06130E8926F00106A3F800649D
:1082E000B0F850300E78034403EB06134E8926F0A5
:1082F0000106A3F808644B78002B0B7830F8236054
:108300004FEA46467ED0002E06DA30F823602E4033
:1083100046EA0A0620F823600B7830F823607606D8
:1083200008D530F823602E4000E01DE046EA09063B
:1083300020F82360CB78012B0B7830F8235005EA26
:1083400002057CD085F02002224320F82320B7E0EC
:1083500001E006E002E042F4007290E742F4C062FD
:108360008DE742F480628AE74B784BB3B0F8503027
:108370000E78034403EB0613CE8826F00106A3F81B
:1083800000640B7830F82360760606D530F8236059
:108390002E4046EA090620F82360CB78012B07D04F
:1083A000097830F82130134083F020028DE05EE040
:1083B000097830F821301340234320F8213087E03A
:1083C000B0F850200B78024402EB0312CB8823F064
:1083D0000103A2F80834B0F850200B78024402EBF5
:1083E0000312B2F80C34C3F30903A2F80C340B697E
:1083F00002F20C423E2B0BD95E09DB0600D1761E41
:10840000138800E039E04FF4004848EA862609E086
:108410000BB35E08DB0700D0761C13884FF6FF789D
:1084200008EA8626334313800A7830F822305B044A
:1084300008D530F822302B4043EA0A0300E03CE044
:1084400020F82230097851B130F8212002EA0C02DC
:1084500082F4005239E0138843F40043E3E70188D3
:1084600001EA0C0181F440512143018030E02E40AB
:1084700048F2801846EA080625E7002E06DA30F8AA
:1084800023602E4046EA0A0620F823600B7830F875
:108490002360760606D530F823602E4046EA0906AA
:1084A00020F823600B7830F8235005EA0C0585F49A
:1084B0004055254320F823507AE7254320F82350E0
:1084C000097830F8212002EA0C02224320F821200A
:1084D0003846BDE8F087002070472DE9F04391F859
:1084E0000C804C780A7848F6BF774BF68F7948F2C3
:1084F000800548F2C0064CF2800C48F68F73B8F144
:10850000000F29D0002C30F822404FEA444448D0D4
:10851000002C06DA30F822401C4044EA0C0420F813
:1085200022400A7830F82240640605D530F822400F
:108530001C40344320F822400A7830F822401C4086
:1085400044EA0C0420F822400A7830F822303B40FC
:108550002B4320F8223019E0002C30F822400CD0B8
:10856000640605D530F822401C40344320F82240F0
:10857000097830F821203A400DE0640406D530F83F
:1085800022401C4044EA0C0420F82240097830F8CC
:10859000212002EA09022A4320F821200020BDE818
:1085A000F083002C06DA30F822401C4044EA0C0428
:1085B00020F822400A7830F82240640605D530F8C9
:1085C00022401C40344320F822400A7830F82240F0
:1085D0001C40344320F822400A7830F8223003EA65
:1085E00009032B4320F82230C2E700207047002007
:1085F0007047012120F8401F002101808180018205
:108600000846704730F8401F21F43F4101800020A8
:1086100070470020704730B50A7BA2BB4A7848F605
:108620008F75002A0A7848F2800430F8223015D07D
:108630005B0607D530F822302B4048F2C0052B43AB
:1086400020F82230CA78012A1DD0097830F821207C
:1086500048F6BF731A4082F0200211E05B0407D590
:1086600030F822302B404CF280052B4320F822308A
:10867000097830F821204BF68F731A4082F440526B
:10868000224320F82120002030BD10B54A78097817
:10869000002A48F2800330F8212005D048F6BF7444
:1086A000224082F0100204E04BF68F74224082F4E4
:1086B00080521A4320F82120002010BD2DE9F047F8
:1086C0000C464B78097B05464FF0000948F68F723F
:1086D00048F2800A4FF400474FF6FF78012B09D08B
:1086E00000296FD0E07802286DD001286CD00120DD
:1086F000BDE8F087A6692069864200D9064691B197
:10870000E17802291ED0206A801B2062207835F88B
:1087100020104906B5F85010294401EB001073D51C
:10872000A0F80C6416E1B3B2E2882846616900F053
:1087300076FAB5F850002178284400EB0110A0F833
:1087400004640DE1216A8142207876D935F8201041
:10875000114048F28012114325F82010206A801B36
:108760002062207835F820104906617871D511B162
:1087700001292AD030E0B5F85010294401EB00104F
:10878000B0F80C14C1F30901A0F80C1400F20C406D
:108790003E2E07D97109F20600D1491E028847EA28
:1087A000812107E04EB17108F20700D0491C028810
:1087B00008EA81210A4302800EE0018841F4004169
:1087C000018009E0F0E01FE194E1B5F85020511973
:1087D00001EB0010A0F80C646289B3B2284661690D
:1087E00000F01DFA6069304460612169206A8842A6
:1087F00002D9801B206202E00646C4F8209060780F
:1088000018B101282BD032E02FE0B5F850002178C4
:10881000284400EB0110B0F80414C1F30901A0F8DA
:10882000041400F204403E2E08D97109F20600D16A
:10883000491E028847EA812108E0A1E056B171088B
:10884000F20700D0491C028808EA81210A4302800D
:108850000DE00EE0018841F40041018007E0B5F829
:1088600050002178284400EB0110A0F8046422890C
:1088700071E011B1012927D02DE0B5F8501029443D
:1088800001EB0010B0F80414C1F30901A0F80414BE
:1088900000F204403E2E07D97109F20600D1491EAC
:1088A000028847EA812107E04EB17108F20700D043
:1088B000491C028808EA81210A4302800BE00188F2
:1088C00041F40041018006E0B5F85010294401EB65
:1088D0000010A0F804642289B3B22846616900F050
:1088E0009EF96069304460612169206A884202D93A
:1088F000801B206202E00646C4F82090607810B128
:10890000012836D026E0B5F850002178284400EB45
:108910000110B0F80C14C1F30901A0F80C1400F216
:108920000C403E2E07D97109F20600D1491E02887B
:1089300047EA812107E04EB17108F20700D0491CD7
:10894000028808EA81210A43028003E0018841F499
:10895000004101806289B3B22846616900F05FF985
:10896000207835F8201048F6BF72114081F03001B0
:108970000EE1B5F850104819217800EB0110CFE650
:1089800035F8202048F68F631A4042EA0A0225F89B
:108990002020B5F850002278284400EB02108BB25A
:1089A000A0F804342289D7E7A1692069814202D95D
:1089B000091AA16102E00846C4F81890B5F85010F1
:1089C0002278294401EB0211B1F80C24C2F3090208
:1089D000A1F80C2401F20C413E287DD94209C006C1
:1089E00000D1521E088847EA82220AE0088840F433
:1089F000004007E04208C00700D0521C088808EA7F
:108A0000822210430880BBE033BBB5F850002178C8
:108A1000284400EB0110B0F80414C1F30901A0F8D8
:108A20000414216900F204403E2907D94B09C90604
:108A300000D15B1E018847EA832307E041B14B0860
:108A4000C90700D05B1C018808EA8323194302E0B0
:108A5000018841F400410180607810B1012828D0DC
:108A600030E0B5F850002178284400EB0110B0F850
:108A70000C14C1F30901A0F80C14216900F20C4098
:108A80003E2907D94B09C90600D15B1E018847EA78
:108A9000832307E041B14B08C90700D05B1C018864
:108AA00008EA8323194302E0018841F40041018070
:108AB00008E0B5F850104819217800EB0110218A20
:108AC000A0F80C14E069C0B3217835F82100430404
:108AD00001D5430605D400E046E044F240031842C5
:108AE0004ED135F82100104048F2C002104325F85D
:108AF000210045E0A1692069814202D9091AA161DA
:108B000002E00846C4F8189013BBB5F8501022785C
:108B1000294401EB0211B1F80424C2F30902A1F8BF
:108B2000042401F204413E2808D94209C30600D1B9
:108B3000521E0B8847EA822208E021E078B1420801
:108B4000C30700D0521C0B8808EA822213430B8013
:108B5000617800293FF42EAF012909D010E00A887E
:108B600042F400420A80F3E700287FF443AF3DE778
:108B7000B5F850205119227801EB0211A1F80C042C
:108B8000207835F820104BF68F72114081F4405157
:108B900041EA0A0125F820100020A9E50021A0F8EB
:108BA00044104FF43F41A0F84010002070470000EF
:108BB00010B50448FAF7AFFDBDE810400248FBF7D6
:108BC0003CBE0000C813002008240020B0F8440078
:108BD000704710B500EB42005C0800F5806008D0DB
:108BE00030F8042B01F8012B120A01F8012B641E46
:108BF000F6D1DA0701D00088087010BD0020704758
:108C000011B98021A0F84C1000207047012120F8F4
:108C1000401F00218180032101800020704710B592
:108C20005B1C00EB42005B0800F5806009D011F886
:108C3000012B11F8014B42EA042220F8042B5B1EA1
:108C4000F5D110BDFEE7490050EAC12018BF04204D
:108C50004A0D18BF40F0010040F2FF72B2EB515FC5
:108C600008BF40F00200012808BF0520704709072F
:108C7000090E002804DB00F1E02080F800147047A2
:108C800000F00F0000F1E02080F8141D704740F262
:108C9000013200204FF0E04105F005B8024A002003
:108CA000110705F000B8000001FDFFFF0021084694
:108CB00004F03CBC10B50446D1E9000100F002F814
:108CC000206010BDF8B504460D466A4601F06CFB05
:108CD00000987E30009000281FDC002213462046BA
:108CE000294604F059F818D0002140F608004FF04A
:108CF000000006462046294603F008FE044640F6DA
:108D0000080006EA00014FF0000034F0004004BF04
:108D10000220F7F7ECFC2046F8BD0098FF280DDB99
:108D20000220F7F7E4FC002213462046294604F00F
:108D300031FA8CBF04484FF0FF40F8BD2046294669
:108D4000BDE8F84003F0E2BD000080FF10B5044626
:108D50000A46D4E90003194601F064FEC4E90001A3
:108D600010BD30380A2801D201207047002070471A
:108D70002DE9F04102211348FAF71AF804F0BCF883
:108D8000114D124E2A46334604F006F9104F0022C8
:108D90003B4604F041FA03F0B9FD0E4C012120607E
:108DA0000848FAF705F804F0A7F82A46334604F015
:108DB000F3F800223B4604F02FFA03F0A7FD6060B1
:108DC000BDE8F0811C130020F564FED137696A3FCD
:108DD00000001840500000202DE9F04FADF5497D0E
:108DE0004FF4C87421466846F7F746FC214664A84C
:108DF000F7F742FC4FF07C520021724802F00CFA67
:108E00000021704801F0C0FA6420FAF7C7FE4FF065
:108E10007E5200216B4802F0FFF90021694801F001
:108E2000B3FA6420FAF7BAFE67480168674804F0AD
:108E30007DFB02466648824200DD02460021614811
:108E400002F0EAF900215F4801F09EFA4FF46170E8
:108E5000FAF7A4FEFDF7E2FC5E48FBF7F9F80025FF
:108E60006F46FDF7DBFC04F073FCB94627F81500EC
:108E7000002405F0030604EB062081B2514801F0FE
:108E800083FA6420FEF700FA641CA4B2FF2CF2D926
:108E90005048FBF7DDF86D1CADB2C82DE1D30021C1
:108EA000484801F071FA4FF47A70FAF777FE00251E
:108EB00064AFFDF7B3FC04F04BFC27F81500002469
:108EC00005F00300BA464642C4EB062000F2FF302C
:108ED00081B23C4801F058FA6420FEF7D5F9641CD1
:108EE000A4B2FF2CF0D93B48FBF7B2F86D1CADB231
:108EF000C82DDED3BDF89001BDF800708046002477
:108F0000381A00F5C8704FF4487B334D07EB08065C
:108F1000C89012E08CB1C4F1C80239F814103AF8C4
:108F200012000A1A02F5C8725A4548D9814238D946
:108F3000C1F58042824238DC3BE0C89858451CD9D4
:108F400047450ED9C7F5804141450EDC10E003F0DE
:108F5000D3FF4FF0FF3204F0A6FE03F089FF288014
:108F600017E0C8F58040B84202DD06F58040EEE724
:108F7000A6F5804003F0A9FFEBE73046E7E703F0F2
:108F8000BBFF4FF0FF3204F08EFE03F071FF25F8B7
:108F90001400641CE4B2C82CBCD30DF5497DBDE8B7
:108FA000F08FC0F580428A4203DD084400F580401E
:108FB000E5E70844A0F5804003F087FFE1E70844B7
:108FC000DDE70000C82A002018000020000004424D
:108FD00000004040F01300200027002030B583B08F
:108FE0000446F7F77FFB05460020CDE90000024666
:108FF00021466846F7F742FE2846F7F778FBDDE999
:10900000000103B030BD000070B51C48006803F0DB
:1090100073FF1B4A1B4B03F0BFFF03F077FC1A4999
:10902000486000F045F8F9F74DFC0022114617485A
:1090300002F0F2F80021154801F0A6F90024144DC1
:10904000FDF7ECFB0646286804F0BAFB314604F055
:10905000F9F904F07DFB28600120FAF79FFD641CFC
:10906000E4B2FA2CECD32868FA21B0FBF1F00949FC
:109070000880094908800949088070BD00FC000883
:109080007B14AE47E17A843F10020020C82A0020FA
:1090900058000020F2010020FA010020FC0100200D
:1090A0000168C07809BA21F0FF0108437047000049
:1090B00070B51D4C4FF461701F4A20851B4820621B
:1090C0001B4860631B48416811441C4A914202D30B
:1090D0004FF07E514160406804F088F90E46054625
:1090E0004FF03332164B03F057FF03F00FFC2066AE
:1090F00028463146134A144B03F04EFF03F006FC9A
:109100000D4960664942884200DB61660020A06626
:10911000E064A064606520652067E0660B486067D6
:109120000B48A06770BD0000C82A00200000404125
:109130000000204110020020333333C23433530384
:109140003333F33F7B14AE47E17A943FACC5A73786
:109150004260653B2DE9F04FFE49DFF8FCA3DFF8E4
:10916000FC8385B091F82430002708F11C02DAF85E
:1091700018000092012B7BD0F949BAF8142054460C
:109180000988B1FBF2F302FB131100296FD1617959
:109190000129FBD1F34EC8F81C703146C8F8207085
:1091A00004F056FB04F0B8FA009901F033FCA0205B
:1091B00088F81C004046F9F7A5F96420FEF764F82A
:1091C000C8F81C70A320C8F8207088F81C00E64876
:1091D0000169806804F0BEFC314604F039FB04F0FC
:1091E0009BFA009901F016FC4046F9F78BF96420D0
:1091F000FEF74AF8C8F81C70A420C8F82070DB4DB0
:1092000088F81C00618A2888401AD94909684843AF
:1092100004F0BEFAD74904F01BFB01F033FF3146DE
:1092200004F016FB04F078FA009901F0F3FB4046D5
:10923000F9F768F9C8F81C70C8F820702888A821C8
:1092400088F81C10009901F0E5FB4046F9F75AF93F
:109250006420FEF719F8C8F81C70AB20C8F820701D
:1092600088F81C00C4483146006CFDE300E0B4E01F
:1092700081F82470D1E90745E6B2DFF800B3112E7A
:109280004DD05946232E91F801907AD0B249442E00
:109290000A7803924978029174D0332E73D00BF17F
:1092A000180101915A2E6FD0552E6ED0562EFCD03B
:1092B000572E6BD0582EFCD0AC495C2E0A887DD03E
:1092C0005F2E7CD0662E7BD0692E7AD0772E79D017
:1092D000882E78D0992E77D0C02E76D0C32E75D018
:1092E000C42E74D0C52E73D0C72E72D0C82E71D0A4
:1092F000C92E70D0CB2E6FD0CA2E6ED1C4F30720EA
:10930000AA286BD0AF28F8D18AF8057000230097FF
:10931000019702971A46D2210397DD20C3E0C4F3D8
:1093200007202228E9D100228BF8017011469248CB
:1093300001F072FF0021904801F026F83220FAF780
:109340002DFC00F02DFFA0B100230097019702979C
:109350001A46C021DD20039701F0F4FE7F48F9F79B
:10936000D1F80A20FAF71AFC05B0BDE8F04FFDF776
:109370006BBA00230097019702971A46F0210397D2
:109380003DE204E037E18FE13AE283E23AE3C4F3FD
:1093900007217B4A112968D07A48222900787DD09C
:1093A000794EDFF8E881332979D0794D442977D097
:1093B0005529A2D1C4F30741002910E0B0E3CDE361
:1093C000FDE3FDE3FDE3FDE3FDE3FDE3FDE3FDE39D
:1093D000FDE3FDE3FDE3FDE3FDE309E1FCE38CD107
:1093E0000028C6D0DBF80800009780F00041CDE9E6
:1093F0000110DFF8A8815C46664B0022664908F13F
:109400000400FDF7B7F928685349524630318860A7
:1094100080B244F2C211AAF81200884200D95782E1
:109420005348BAF8125001680E4601FB05F004F0EB
:10943000AFF9DFF84091494604F00AFAC8F8000095
:109440004A480088401B704304F0A2F9494604F0E2
:10945000FFF9C8F8180004206070002300970197F6
:1094600002971A46C521039757E7C4F3074000281F
:109470009FD1414817600022C76407678BF80170CD
:10948000114601F0C9FE00213B4800F07DFF00239A
:109490000097019702971A46C12102E006E020E0FA
:1094A00042E0039739E701F04DFEF7E3C4F30741CB
:1094B000002994D1002894D001218BF801102E4965
:1094C00017602D48CF640F673946CBF8047001F060
:1094D00095FE00230097019702971A46C221039731
:1094E0001BE7C4F307410029C2D15C46B9F1020F62
:1094F0007ED00028DFD0E76001F084FAA0680097F2
:1095000080F00041CDE90110002332464146244855
:10951000FDF730F902206070002300970197029751
:109520001A46C3210397F8E6C4F3074100299FD1E7
:109530005C46B9F1030FDBD00028BCD001F062FA21
:109540009AF807005146012834D12868024A30327F
:10955000906027E0A0130020201200207C13002040
:10956000100000200000C842BC280020FA010020A2
:10957000E80100200000B43CC82A0020E02C0020B4
:1095800024000020F401002052491D398FC2753C8F
:1095900008FC00089A99993F8FC2F53C08290020E1
:1095A0009428002080B244F2C2124882904201D92D
:1095B000AAF81270FE48F9F71BF804F11801FD48EB
:1095C0000EC9FDF781FAA068009780F00041CDE94F
:1095D0000110002332464146F748FDF7CBF803203F
:1095E000607000230097019702971A46C42100E09B
:1095F000FBE0039791E6280C290E41EA002000B217
:1096000003F063FCED4AEE4B03F0C6FC03F07EF979
:109610005D46CBF80400B9F1010F22D103995646FB
:10962000012902D110F1FF4F05D20299012910D171
:10963000B0F5000F0DDB6F600023009701970297D4
:109640001A46F121FF20039701F07CFDDD48F8F771
:1096500059FFC4F30720AA281ED0DB48696801F02F
:10966000CDFD6868D94C20F000402146A86004F088
:1096700036FA00D2AC60D049D54AA8688861D0617A
:1096800080F00040C86110620023009701970297A4
:109690001A46C621039740E6A0203072CD4869687B
:1096A000C0E9001787606CE05E46B9F1020F70D127
:1096B000C4F30720AA2838D0290C280E40EA01203C
:1096C00000B204F065F8F060C5F3072040EA052019
:1096D00000B203F0FAFBB94AB94B03F05DFC21F08C
:1096E000004103F013F9B949B060884200DDB16070
:1096F000B068B14980F00042C1E90602200C210E99
:1097000041EA002000B2002800DA404204F040F8AC
:109710003061B0484FF07E52AF491C3001F0BCF9C7
:109720009AF80010012935D038E0B0218AF80810E5
:10973000290C280E40EA012000B204F029F8A54EB9
:10974000A64AA7497060301D01F0A6F9C5F30720AD
:1097500040EA052000B203F0B8FB984A984B03F0AA
:109760001BFC21F0004103F0D1F83060200C210EE9
:1097700041EA002000B2002800DA404204F008F874
:10978000B06000230097019702971A46D3210397F0
:10979000C3E52DE0F16811F1FF4F07D29AF80100FF
:1097A00001280DD1F068B0F5000F09DBF760002348
:1097B000F1210097019702971A46FF20039707E0CF
:1097C00000230097019702971A46C721DD200397CF
:1097D00001F0B8FC7B48F8F795FE8149F0688842B3
:1097E00002DC7E49884200D9F16005B0BDE8F08F07
:1097F00000230097019702971A46F2210397DCE1B4
:10980000C4F307200028F0D15E46B9F1030FEFD171
:10981000200C210E41EA002000B2002800DA40426C
:1098200003F0B6FFB061C5F3072040EA052000B29F
:10983000002800DA404203F0ABFFF061280C290E4B
:1098400041EA002000B2002800DA404203F0A0FF05
:10985000306260484FF07E5422466249283001F061
:109860001BF95C4822465C492C3001F015F9224670
:109870005B49019801F010F918364E4896E80E0041
:10988000FDF722F900230097019702971A46CA2193
:10989000039742E5B9F1030FAAD1280E0090C5F352
:1098A0000743C5F30722E9B204A801F0D4FC04A8D9
:1098B000FFF7F6FB03F009FBDFF80091DFF800810A
:1098C0004A46434603F068FB03F020F8CBF8140047
:1098D000E0B255284FEA14414FEA146040EA0120F3
:1098E0005D4600B21BD0002800DA404203F050FF72
:1098F000A8613A4A3A49019801F0CEF818352D4846
:1099000095E80E00183DFDF7DFF8C4F30720AA28FC
:109910001BD09AF800005446012830D033E003F001
:10992000D4FA4A46434603F037FB21F0004102F0E7
:10993000EDFF2649A860884200DDA960A8681E499D
:1099400080F00042C1E90602DFE7552E12D021481F
:10995000A9690160C2218AF808101E4869690023BC
:10996000C0E90117D3210097019702971A46DD201D
:10997000039718E01748A9680160C021EBE7686900
:1099800010F1FF4F06D26078012830D16869B0F538
:10999000000F2CDB6F6100230097019702971A4696
:1099A000F121FF20039701F0CDFB06481CE00000E9
:1099B000BC280020D8280020942800207B14AE4723
:1099C000E17A843F7C130020C82A00200000404038
:1099D00008290020D42C002000401C4600803BC5F4
:1099E00000803B4500504348F8F78CFDFDE6F94800
:1099F000FAF72EFB6772F849F8486A69FDF7A4F890
:109A000001208BE0B9F1030F7FF4F2AE280E009035
:109A1000C5F30743C5F30722E9B204A801F01BFC14
:109A200004A8FFF73DFB03F050FADFF8B493DFF82A
:109A3000B4834A46434603F0AFFA02F067FFCBF81F
:109A40001400E0B257284FEA14414FEA146040EA8C
:109A500001205D4600B21DD0002800DA404203F02C
:109A600097FEE14AE14900E0F8E1A861019801F0C0
:109A700013F81835D94895E80E00183DFDF724F87D
:109A8000C4F30720AA281BD09AF8000054460128E6
:109A900024D02DE003F019FA4A46434603F07CFA3D
:109AA00021F0004102F032FFD149A860884200DD78
:109AB000A960A868CF4980F00042C1E90602DFE74B
:109AC000572E06D0C3218AF80810A969CA48016038
:109AD00043E7C1218AF80810A968F7E7BE48016981
:109AE000806804F037F8696903F0F9FFFFF452AFBA
:109AF0006078012808D1B8480169806804F02AF824
:109B0000696903F071FEF1D3B248FAF7A1FA6772FE
:109B1000B149B2486A69F8F721FC0220E07064E6B6
:109B2000C4F307201128FAD1B9F1030F7FF460AE16
:109B30000121B2488AF80710AAF812208260A648CC
:109B4000F8F756FDAD49AE48F8F7F8FE0023009748
:109B5000019702971A46CB21039785E4C4F30720A7
:109B60001128DCD15D46B9F1030FDFD19AF8060068
:109B700003995446014330D0029909B901282CD0E9
:109B80009D480C3001F0CAFB9E48E7710088608256
:109B90009148F8F72DFD1835904895E80E00FCF730
:109BA00093FF8E48A770002380F82C70C761009740
:109BB000019702971A46F1210397FF2073E42CE0E6
:109BC00075E090E0ABE0D7E0DFE0F2E02EE14DE1C0
:109BD0005AE16AE174E199E1ABE1804E052086F833
:109BE0002C00F9F7DBFF8849A86903F031FE3061EA
:109BF0006772A07901280ED0844A77497748FCF72C
:109C0000A3FF0120A07000230097019702971A4636
:109C1000CC21039728E47E4AEFE75E46B9F1040FB2
:109C200084D1290C280E40EA012000B203F04DF93E
:109C3000DFF8ACB1DFF8AC915A464B4603F0ACF913
:109C400002F064FE80467061C5F3072040EA0520FB
:109C500000B203F03AF95A464B4603F09DF921F061
:109C6000004102F053FE6249B060884200DDB160FD
:109C70006849B06880F00042C1E90702C4F30721D7
:109C8000AA290CD041466348F8F776FB00230097D9
:109C9000019702971A46CD21039721E42EE15649F8
:109CA000D0228AF808208F60C1E9000869E5C4F372
:109CB000072011287FF49AAEB9F1040FB0D15548AE
:109CC000F8F762FB4F484D490088AAF812008860F7
:109CD0004B48F8F733FE00230097019702971A4686
:109CE000CF2103971FE4C4F307207828E2D142482C
:109CF0000C3001F013FB00230097019702971A46DE
:109D0000D021DD20039701F01DFA4348F8F7FAFB54
:109D10000A20F9F743FF314880F82C7065E5C4F359
:109D200007208928FAD1C4F307408A28F6D10023F6
:109D30000097019702971A46D121DD20039701F081
:109D400001FA3548F8F7DEFB0220F9F727FF334820
:109D5000007868B13248FAF75DFAF8F7A9FB1420E9
:109D6000F9F71CFF72B605B0BDE8F04FFAF70EBA6E
:109D70002C48F9F75BFEF2E7C4F307209A28CDD10F
:109D800005B0BDE8F04F01F02DBBC4F30721A029B9
:109D9000C4D1C8F81C702449C8F8207003F058FDDD
:109DA00003F0BAFC009900F035FEA02088F81C00F2
:109DB000A4E0C4F30720A328B0D1C8F81C70C8F8E9
:109DC000207088F81C0004480169806803F0C2FE16
:109DD00043E00000F0130020BC280020D828002019
:109DE0007B14AE47E17A843F00803BC500803B4551
:109DF0000000404094280020D42C00205012002065
:109E000000FC0008FA0100200000C04050A9ABCDC2
:109E100050A9AB4D082900207C130020020000202F
:109E200008240020C81300200000C842C4F3072003
:109E3000A428A4D1C8F81C70C8F82070454988F837
:109E40001C00BAF812000968101A484303F0A0FC7D
:109E5000414903F0FDFC01F015F9404903F0F8FC1D
:109E600003F05AFC009900F0D5FD47E0C4F3072049
:109E7000A52884D1C8F81C70C8F8207088F81C0088
:109E8000374836490068E9E7C4F30720A72893D18B
:109E90003448C8F81C70C8F820703049006803F0D6
:109EA000D7FC03F039FCA72140E0C4F30720A82821
:109EB000BFD1C8F81C701046A821C8F8207035E042
:109EC000C4F30720A928B4D1C8F81C70C8F82070C2
:109ED00088F81C00B9F1050F16D2DFE809F0030677
:109EE000080A0C0088F8237008E0112004E0222002
:109EF00002E0332000E0442088F8230005B01A482F
:109F0000BDE8F04FF8F7FEBAFF20F5E7C4F30720ED
:109F1000AB288ED11548C8F81C70C8F82070006CAA
:109F20000E4903F095FC03F0F7FBAB2188F81C10F9
:109F300098E701208AF80500280EC82801D9C82012
:109F400001E000B9012041F28832B2FBF0F0AAF83A
:109F500014004AE4E80100200000B43C0000C842BC
:109F60001C000020180000207C130020C82A0020BC
:109F70002DE9FF5F7E4D01260024287BDFF8F48168
:109F800001282ED1A97B022906D2E86A401CE8628A
:109F9000404501D9C5F82C802A6AE86A904220D948
:109FA00073480227C07811B101290DD018E010B113
:109FB000714801F0B3F96C72704971486A6AF8F738
:109FC000CDF9EF70AE730BE010B16B4801F0A6F95C
:109FD0006C726A496A48AA6AF8F7C0F9EF70AC7304
:109FE000EC6204216748F9F7F5FF634FDFF89091C1
:109FF000DFF894B14FF0050A012801D1687828B143
:10A0000004216048F9F7E6FFE8B346E0E87A012862
:10A0100002D1A87A012809D0574801F07FF989F8C0
:10A020002CA06E70A878012819D01BE0E86A401CAB
:10A03000E862404501D9C5F82C804F4801F06EF91F
:10A04000296AE86A884228D3E869002800DA404291
:10A05000404203F09DFBF860EC626E701DE0A87951
:10A0600001286BD09BF8000070B10023009401948C
:10A0700002941A46F121FF20039401F063F843484B
:10A08000F8F740FA09E004E00B2141A0F8F780FA64
:10A0900003E06878012800D16C7008213948F9F78D
:10A0A00099FF012801D1287858B108213548F9F7DE
:10A0B00091FF002803D12878012800D12C70BDE839
:10A0C000FF9FE87A012802D1A87A012807D02E70D4
:10A0D000294801F023F9A878012818D019E0E86A86
:10A0E000401CE862404501D9C5F82C80224801F0A7
:10A0F00015F9296AE86A8842E1D3E869002800DA9C
:10A10000404203F045FBF860EC622E70D7E7A87977
:10A11000A0B189F82CA09BF8000010B30023009494
:10A12000019402941A46F121FF20039401F00AF8E9
:10A1300004B01648BDE8F05FF8F7E4B91748EC71D1
:10A14000008868820D48F8F753FA18370C4897E8EA
:10A150000E00FCF7B9FCAC7089F82C40C9F81C4023
:10A16000ADE704B00B21BDE8F05F09A0F8F710BA25
:10A1700020120020FFE0F505E02C0020BC28002084
:10A18000D828002000080140020000207C13002095
:10A190004C696D6974206E6F77210A00FA01002006
:10A1A0002DE9F04100252C460C4E4FF48047FCF77A
:10A1B0001FFC20B17088B84201D86D1CEDB201209F
:10A1C000F9F7ECFC641CE4B20A2CF0D3092D02D39D
:10A1D0000120BDE8F0810020FBE70000EC01002039
:10A1E00010B5044601F03EF8204600F063FF20461B
:10A1F00000F04CF8204600F081FF204601F0BAF84C
:10A200002046BDE8104000F0AFBF0000034901EB5D
:10A210008000D0F8000880B27047000000F000080D
:10A2200070B5054620F00040C0F1FF400C46C00F5D
:10A2300005D124F00040C0F1FF40C00F17D02846E0
:10A2400003F0CEFB6FEAD05111F0FF0F08BF70BDD5
:10A25000E917B1EBE07F08BF70BD014664F31E0152
:10A26000BDE870400A460146104603F069BC4FF055
:10A270007F40B0EB450F18BF5FEA4400DFD10120FB
:10A28000F6F735FABDE87040FEF710BD2DE9F05F36
:10A290000446416CC06C03F05DFC60658146064677
:10A2A000216CA06C03F056FC2065D4F864A08046B5
:10A2B00005463146504603F0CBFA216F03F0C2F851
:10A2C000074620672946504603F0C2FAE16E03F0C4
:10A2D000B9F84FF082464FF04145E066B74201DDE4
:10A2E000266702E0AF4200D925672449884202DC94
:10A2F0002349884200D9E1664846E16D03F02AFC13
:10A30000D4F868A0514603F0A3FAD4F860B0074629
:10A310004946584603F09CFA216F03F093F83946FA
:10A3200003F090F8206107464046A16D03F012FC4F
:10A33000514603F08DFA82464146584603F088FAAA
:10A34000E16E03F07FF8514603F07CF80D4909688F
:10A3500003F078F801466061B74201DD266102E052
:10A36000AF4200D92561B14201DD666102E0A94238
:10A3700000D96561C4E91689BDE8F09F000020415D
:10A38000000020C12400002010B5044600F06AFF40
:10A39000204600F0B3FE204600F0ECFF2046BDE86A
:10A3A000104000F0E1BE000010B51446002222600B
:10A3B000114A21F000439342A8BF10BD53EA0002A6
:10A3C00008BF10BDB3F5801FA8BF226807DA362288
:10A3D00003F069FC6FF0350221F000432260DFF8E2
:10A3E0001CC06FF31E510CEB23531A4441F0FF5174
:10A3F00041F00051226010BD0000F07F02FCFFFF21
:10A400002DE9F0472F4D286802F0F0FF04460E4674
:10A4100002212D48F8F7CCFC02F06EFDDFF8AC808D
:10A42000DFF8AC9042464B4602F0B6FD224633467A
:10A4300002F0F2FEDFF89CA00022534602F0ECFE90
:10A4400002F064FA244F254C3860A063686802F07B
:10A45000CDFF05460E4601211B48F8F7A9FC02F086
:10A460004BFD42464B4602F097FD2A46334602F02A
:10A47000D3FE0022534602F0CFFE02F047FA786086
:10A480000546E063164EA06BDFF858804FF0663744
:10A49000B04208D302F0AAFF3A46434602F07CFDE0
:10A4A00002F034FAA063B54209D3284602F09EFFB9
:10A4B0003A46434602F070FD02F028FAE063BDE838
:10A4C000F0870000181200201C130020F564FED154
:10A4D00037696A3F0000184050000020C82A002059
:10A4E000000080806666F23F3EB5002100910120A9
:10A4F0000191CDE90101029069460B48F8F7C2FCD1
:10A5000008B1F8F753F90848F8F72AFF4FF6FF713A
:10A510000548F8F787FE0448F8F733FD84B202488F
:10A52000F8F77EFF20463EBD4C13002070B5002595
:10A530000B4E2C4602213046F9F74CFD012803D181
:10A540006D1CEDB2F9F72AFB641CE4B2C82CF1D300
:10A550000448BE2D01D9002100E00121817070BDA9
:10A5600000080140000000202DE9F0412548F8F7DF
:10A5700051FA2448F8F74EFA2349DFF888C0002042
:10A580000CF503744FF47A670B6801E0C72811D00B
:10A590000CEB40013CF8102049881C4E891A5943A5
:10A5A00024F81010BCF80020BCF88E11511A594341
:10A5B0000DB201E0A4F88E5134F9101001F5FA62E1
:10A5C000BA4204D901F5804124F810103080401CB3
:10A5D000C0B2C828DAD3B4F90000B4F98E11B4F9C6
:10A5E00002200844B4F98C111144084402F06DFCB7
:10A5F0006FF0010203F057FB02F00AFCA4F88E0191
:10A60000BDE8F08138290020E80100201002002078
:10A6100010B51548F8F7A4FE64211348F8F702FEB8
:10A620001148F8F7AEFC84B20F48F8F7F9FE20465F
:10A6300002F062FC4FF066320C4B02F0ADFC6FF0A2
:10A640000B0203F030FB0A4A0A4B02F0D9FD0A4A1A
:10A650000A4B02F049FA0022094B02F089F9BDE8E1
:10A66000104002F053B900001C13002066660A4037
:10A67000E17A14AE47E1F63F22FDF675E09C713FAA
:10A680000000394010B50020FFF72EFF02F034FC27
:10A69000034A044B02F080FCBDE8104002F036B9DA
:10A6A000B5A679C7293A823F7FB5234E234D244C66
:10A6B000B07801283FD1A86820F00041206C20F03C
:10A6C000004003F00CFA06D3206C1E4920F0004035
:10A6D00003F005FA2FD2194800F020FE1A48002492
:10A6E000F471008870821948F7F782FF183518480E
:10A6F00095E80E00FCF7E8F91548B47080F82C4096
:10A70000C4611448007878B1002300940194029445
:10A710001A46F121FF20039400F014FD04B00E4806
:10A72000BDE87040F7F7EEBE04B00B21BDE8704005
:10A730000AA0F7F72DBF7FBD20120020E02C0020DB
:10A74000C82A002000002040FA010020BC28002078
:10A75000D8280020020000207C1300204C696D697D
:10A7600074206E6F77210A0070B5002506462C46CE
:10A77000305DF5F778FDC1B2412901D3373900E0EA
:10A780003039C8B240EA0510641C85B2042CEFDBF6
:10A79000284670BD2DE9FE4F002505700446457022
:10A7A0004FF08040C4E901507E48E061E5602062DE
:10A7B0007D48C4E904057D48A0617D48DFF8F48147
:10A7C000DFF8F4B1007801281AD17C4800687C4F8A
:10A7D0007A49C0B2091DB8720968F972774908311F
:10A7E0000968DFF8E0A1DFF8E09140F6B836F961DA
:10A7F000012806D0714820300078387301282FD006
:10A80000B2E000F0FFF8F869B04201DDFE6103E05C
:10A810006E49884200DAF96168481030006880B2F9
:10A8200002F06AFB52464B4602F0B6FB02F06EF8AD
:10A83000A06062480C30006880B202F0C1FF644939
:10A840002061884200DD21615C48143000684000CE
:10A850003862F86902F09CFFE0600220607083E0DB
:10A8600056482430006802F030FB52464B4602F056
:10A8700093FB02F04BF8786250482830006802F0F1
:10A8800024FB52464B4602F087FB02F03FF8B862C9
:10A890004A482C300068B04200DD304602F078FFB4
:10A8A000A0614648303000684A49884200DD0846C9
:10A8B00002F06EFF2062E06140483430006802F030
:10A8C00004FB52464B4602F067FB02F01FF8A06003
:10A8D0003A48383000684000386238483C300078E8
:10A8E000787300F08FF8F87901280CD13348001FF5
:10A8F000006833493031886080B244F2C2117882F6
:10A90000884200D97D823448F7F772FE08F11801B9
:10A9100046460EC93148FCF7D7F8A068009580F08C
:10A920000041CDE9011000235A462D492D48FBF77F
:10A9300021FF03207070787B0126012806D026496C
:10A9400026487A6AF7F70AFDBE730DE023492648C8
:10A9500008617D72B879012821D0244A1E491F4818
:10A96000FCF7F2F8FE70BE70A068009580F0004120
:10A97000CDE9011000235A4619491A48FBF7FAFE9F
:10A98000D8F80800009580F00041CDE90110184B7F
:10A99000184A19491948FBF7EDFEBDE8FE8F184A21
:10A9A000DCE700000000C84300007A440000F042E9
:10A9B000F4010020E02C002052491D390CFC000855
:10A9C000201200207B14AE47E17A843F48F4FFFF59
:10A9D0000050C347A0860100BC280020D8280020D2
:10A9E0008FC2753C942800200000344450A9ABCDA0
:10A9F000CDCC4C3F17B7D138CDCC4C3D0C290020E5
:10AA000050A9AB4D02484188818000218160704788
:10AA1000F8010020020E0A71020C4A71020A8A71C2
:10AA2000C87170472DE9F04106460C4640F2FF75AB
:10AA3000174635EA14502BD000221346304602F058
:10AA4000ABF925D03A463046214603F02CF90646AC
:10AA50000C4635EA145010D000221346304602F05E
:10AA60009BF915D10220F5F742FEFEF717F90A46C9
:10AA7000214662F31E01BDE8F0810220F5F737FEA2
:10AA8000FEF705F90A46214662F31E01BDE8F08192
:10AA900030462146BDE8F08170B5044615460E46A5
:10AAA000006803F01CF801D2266070BD29462068BA
:10AAB00002F09AFEF9D2256070BD00002DE9F04148
:10AAC00006461746084602F091FC04460D463846F5
:10AAD00002F08CFC00220B4B02F092FB22462B462C
:10AAE00002F05AFA04460D463946304602F0B0FEEE
:10AAF00002F07CFC22462B4601F03AFFBDE8F04113
:10AB000001F004BF0000F03F0EB5F9F7AFFAFCF713
:10AB1000C8FB0024F548F6490094CDE90110F64D34
:10AB20002346F44A2946F548FBF724FEF3480094EF
:10AB300001940023F24A294628300294FBF71AFEBA
:10AB40004FF08140EF490094CDE90110EB4800231C
:10AB5000ED4AEE495030FBF70DFEFBF7C3FAFBF769
:10AB600029FAFBF71BFBFBF72FFBFBF753FBFBF76C
:10AB70006FFAFBF7B5FB1522E549E648F7F7C8FE83
:10AB8000E448001D0188E448018089B2B1F5006FF6
:10AB900002D34FF400710180DE484C300078DF4969
:10ABA0003C28087009D0182807D00C2805D00628A2
:10ABB00003D0032801D006200870D548D84990F862
:10ABC00050000870012800D90C7001221103D548EB
:10ABD000F9F705FAFFF7AAFCD34FB87800287CD024
:10ABE000F7F766FC4FF47A70F8F7D8FF0C21CF48DE
:10ABF000FAF702FF0821CD48FAF7FEFE0421CB4800
:10AC0000FAF7FAFE0021C948FAF7F6FE4FF461752B
:10AC10002846FBF79BF92846FBF79EF92846FBF7E9
:10AC2000A1F92846FBF7A4F9C048FAF7D9FCC048B7
:10AC3000F7F7F8FEBF48F7F7F5FEBD48F8F7C8F894
:10AC40000A20F8F7ABFFDFF8E0A2A146254626462A
:10AC500000240AF1500AB846B748F9F7F9F95746FF
:10AC60002846DAF8001002F0EDFB05463046796818
:10AC700002F0E8FB0646FFF705FD4746D8F8181036
:10AC800002F0E0FBB8610520F8F788FF641CE4B22D
:10AC9000642CE1D34446D8F8180002F0A7FBDFF893
:10ACA0009C82A74B424602F077F901F02FFEA0618B
:10ACB00001909848243000882081964828300088E8
:10ACC00060812089B0F57A6F02D94FF4C870208175
:10ACD0006089B0F5FA5F04D900E0B8E04FF466701F
:10ACE0006081DFF860B20199584602F01FFC4FF016
:10ACF0007E51A062884202DC9349884200DAA16258
:10AD0000A06A02F073FB0746904A914B009102F053
:10AD100043F901F0FBFD606338468E4A8E4B009983
:10AD200002F03AF901F0F2FDA0633846C24642460D
:10AD30008A4B009902F030F901F0E8FDE0623846F4
:10AD4000824A874B009902F027F901F0DFFD20636A
:10AD500038465246834B009902F01EF901F0D6FDA9
:10AD6000E0633846804A814B009902F015F901F002
:10AD7000CDFD2064D8465946019802F0EBFE83468B
:10AD80007B4902F065FD0746208902F019FD39462E
:10AD900002F058FB02F0DCFCA0815846754902F035
:10ADA00057FD0746608902F00BFD394602F04AFB69
:10ADB00002F0CEFCE0814146019802F0B7FB6E49FB
:10ADC00002F046FD02F0C4FCE070284602F00EFBE3
:10ADD0005B4F52463B4602F0DFF801F097FD674DAE
:10ADE0002860304602F002FB52463B4602F0D4F89F
:10ADF00001F08CFD686084F80090FFF7D1F960499C
:10AE00004FF00108087028B15E49A0690844B0F10C
:10AE1000B47F01D984F80180FEF7F6F85A48FFF7AD
:10AE2000B9FC5A48FAF7DCFB00F048FA584FDFF853
:10AE300064914FF0640A42F2107B3F48F9F708F939
:10AE4000218AB1FBFAF20AFB121058B12CE0FBF791
:10AE500025F95148F8F7EAFD0120F8F79FFEFBF7C6
:10AE600073FABFE6FFF70EFC4C4A216AFFF726FE95
:10AE70004B4DA0614FF07C563246286C616CFFF759
:10AE80001DFE60643246686CA16CFFF717FEA0647B
:10AE9000A0692062FFF7BCFBE06100F083F817486F
:10AEA000B9698161F969C161A078D0B1FEF752F941
:10AEB0003A4A4D463869D9F80010FFF7FFFD28607F
:10AEC000208A401C80B22082584501D9A4F8108005
:10AED000607848B101224FF480511248F9F77FF8A9
:10AEE000ABE700F0FDFBE3E70022F4E79A99993F16
:10AEF0009A9999BFACC5A7360AD7233CA412002063
:10AF0000ACC52737000080C0ACC5A7376F12833BA4
:10AF10005012002000FC0008301200205C000020CD
:10AF200026120020000C01400000002054140020D4
:10AF30001C1300204C130020F01300207B14AE479C
:10AF4000E17A843F00004041CDCCCC3EFCA9F1D257
:10AF50004D62803FF168E388B5F8043FE17A943FA1
:10AF60004D62503FE17AA43F2D431CEBE2364A3F4D
:10AF700000002041000070410000F0411812002044
:10AF8000F40100200000A0BFE02C00209C14002051
:10AF90009428002038120020C8130020CDCCCC3DCE
:10AFA000C82A00207FB52A4D2A490024E8694FF0BD
:10AFB0008146884213DC686C314620F0004002F084
:10AFC0008EFD0CD3A86C314620F0004002F087FDC6
:10AFD00005D32149A8690844B0F1E07F31D91F4861
:10AFE0000022114644701E4800F016F900211C484A
:10AFF000FFF7CAF91B48C4602830C4602830C46019
:10B0000019486C6204611648C46484640467C466A9
:10B01000687870B9A87878B1FF200090019002900C
:10B02000034602460146039000F08CF80F48F7F7FC
:10B0300069FA012068707FBD0D210DA0F7F7A8FA0D
:10B04000F7E70F4800780128F5D16C707FBD00004C
:10B05000000000200000A0420000A0BFE02C002063
:10B06000C82A0020A4120020942800207C1300206D
:10B0700050726F74656374696E67210A0000000086
:10B08000F401002010B5094C2146FFF7C9F810F172
:10B09000FF4F02D3214602F0D5F90549884204DD6D
:10B0A0002146BDE8104002F055BD10BD0000B4437C
:10B0B000000034432DE9F0470446C06AA76B804680
:10B0C0000146384602F0C4FB266BE56B81463146EB
:10B0D000284602F0BDFB494602F03CFD2064414693
:10B0E000284602F0B5FB05463146384602F0B0FB73
:10B0F000294602F0A7F96064BDE8F0872DE9F04722
:10B1000004464069E76A80460146384602F0A0FBE3
:10B110002669256B81463146284602F099FB49464F
:10B1200002F018FDA0614146284602F091FB054659
:10B130003146384602F08CFB294602F083F9E06183
:10B14000BDE8F087F0B505AC94E8E010054C04F8D4
:10B150001C0F6170A270E37025716671A77184F88D
:10B1600007C0F0BD7C13002010B5044690F82A00FB
:10B17000012819D0022821D0032833D004283BD13C
:10B18000208DFAF7F5FE208DA18C401A80B2FAF7D7
:10B19000E9FE208DFAF7DAFE208DE18CBDE8104043
:10B1A000401A80B2FAF7D8BE208DFAF7E1FE208D62
:10B1B000A18C401A80B2FAF7D5FE08E0208DFAF78C
:10B1C000D1FE208DA18C401A80B2FAF7D1FE208DDD
:10B1D000FAF7C2FE208DE18CBDE81040401A80B223
:10B1E000FAF7B4BE208DFAF7BDFE208DA18C401A6F
:10B1F00080B2FAF7BDFECCE710BD0000044A9142D0
:10B2000002DC044A914200D9114681647047000073
:10B2100000004040000040C070B50E460446416B3F
:10B220001546304602F05BFC14D3606B314680F06B
:10B23000004002F054FC0DD32846616B02F04FFC35
:10B2400008D3606B294680F0004002F048FC01D32F
:10B25000C4E9046570BD10B5029C01704270837032
:10B26000C47010BDC1F30903054A01F58071C1F333
:10B27000090152F82330C36252F82110016370476C
:10B2800018020020F0B500252B462C4610E096420F
:10B2900009D004EB840701EB4707FE545B1C9BB20B
:10B2A0000B2B08D802E0641CA4B200236D1CADB2C5
:10B2B000465D002EEBD1641CE0B2F0BD70B5144CBD
:10B2C000607B012822D1134D287870B1FDF742FF31
:10B2D0001148F8F7BDFEA07B032817D1207B012879
:10B2E00014D12078012803D004E000F0F9F9EFE749
:10B2F000A07940B16078012802D1A079012802D05C
:10B30000E0782128E0D100206072A07370BD0000B9
:10B310002012002002000020F01300200E4A00211D
:10B32000D1600E4AD1600E4A11600E4AD164916418
:10B330001167D1660C4AD1604078012807D00228F5
:10B3400006D0032803D10949052081F82C00704755
:10B350000748C16051617047A4120020CC12002040
:10B3600024000020C82A002094280020D82800208B
:10B37000E02C00202DE9F04181690446C069184A9B
:10B3800021F0004620F00045914203D2904207D2BE
:10B39000012006E0904201D2022002E0032000E0FA
:10B3A000042084F82A00208D02F00AFA276A8046D9
:10B3B0003946304602F0BAF8414602F049FA02F046
:10B3C000C7F9A08446463946284602F0AFF8314610
:10B3D00002F03EFA02F0BCF9E084BDE8F081000022
:10B3E000000080802DE9FF5F9B4E9D4D3046A5F10A
:10B3F0000C0E327A90F800C0DFF860A26B784078CB
:10B400000024DEF800104FF4000BA02A17D0B1463C
:10B410007646DFF8508276684FEA5A07B02A2BD07A
:10B4200005F11800C02A61D0C22A5FD0C12A73D0AA
:10B43000C32A71D0D02A1DD1042B6ED09EE0012BDF
:10B4400018D1874ABCF1010F526801D1524503D28D
:10B4500001280AD15A4508DB6C600023009401944E
:10B4600002941A46F12103948FE07F486960FFF748
:10B47000C5FE3472BDE8FF9F022B7FD1C5E90216DD
:10B48000B94200DDAF60A9684F4681F00042C8E9CB
:10B490000612DEF808102961BCF1010F01D15645F2
:10B4A00003D201280BD15E4509DBEC600023F121BA
:10B4B0000094019402941A46FF20039407E00023AD
:10B4C0000094019402941A46C721DD200394FFF7EB
:10B4D00039FE6648F7F716F86549E868884202DCE5
:10B4E0006449884200D9E9603C72C3E7032B45D127
:10B4F0006E61C02A12D0A9615E4A5D49FFF7CCFA9D
:10B5000018355D4895E80E00183DFBF7DDFA99F80F
:10B51000000001280CD00EE02EE080E0A960B942C6
:10B5200000DDAF60A86880F00041C8E90601EEE7E1
:10B530006869504506D299F8010001280CD1686964
:10B54000584509DB6C610023F121009401940294B9
:10B550001A46FF20039479E04848F8F779FD89F806
:10B560000940474944486A69FBF7EEFA012053E075
:10B5700004E089F808407DE7032B0FD000230094F6
:10B58000019402941A46F2210394FF20FFF7DAFD9A
:10B5900004B03648BDE8F05FF6F7B4BF6E61C12A6B
:10B5A00011D0A961334A3249FFF776FA183532488B
:10B5B00095E80E00183DFBF787FA99F80000304E29
:10B5C00001280AD011E0A960B94200DDAF60A86887
:10B5D00080F00041C8E90601EFE73169B06802F088
:10B5E000B9FA696902F07BFAACD399F80100012835
:10B5F00007D13169B06802F0ADFA696902F0F4F878
:10B60000A0D31E48F8F724FD89F809401C491A48C0
:10B610006A69F6F7A3FE022089F80300A9E76E61C4
:10B62000A960B94200DDAF601649A868C86180F022
:10B630000040086231461348F6F79EFE002300944E
:10B64000019402941A46CD21DD200394FFF77AFD80
:10B650000648F6F757FF8CE7201200200000808094
:10B66000E02C002094280020C82A00207C13002011
:10B6700000803B4500803BC5D8280020F013002007
:10B68000BC2800200829002030B585B00C460546AE
:10B6900014220EA16846F4F79BFF684600EB1531B3
:10B6A00009782170C5F303211DF801106170C5F3FD
:10B6B00003111DF80110A17005F00F011DF8010024
:10B6C000E0700020207105B030BD00003031323311
:10B6D000343536373839414243444546000000008E
:10B6E0002DE9F04FF848DFF8E4B3DFF8E4830178A0
:10B6F0000024DFF8E0A3F84EA5B000297ED0047046
:10B7000001221103F548F8F76AFC642103A8F4F755
:10B71000B3FF2B2203A9F248FFF7B4FD0322F1A1E6
:10B7200003A8F4F7C5FE002869D10DF11600042224
:10B73000EDA10090F4F7BCFEED4D08A94FF0010912
:10B7400006F13007019100287DD00722E9A1009879
:10B75000F4F7AEFE002877D00722E8A10098F4F7AE
:10B76000A7FE002871D00422E6A10098F4F7A0FEFD
:10B7700000286BD00722E5A10098F4F799FE0DF19F
:10B780002A020DA902921C9100287CD00422E1A17A
:10B790000098F4F78DFE002876D00422DFA10098EF
:10B7A000F4F786FE002870D00522DEA10098F4F799
:10B7B0007FFE00286AD00522DCA10098F4F778FE0D
:10B7C00000287DD00522DBA10098F4F771FE002847
:10B7D00077D00522D9A10098F4F76AFE002871D02D
:10B7E0000622D8A10098F4F763FE00286BD004224B
:10B7F000D6A10098F4F75CFE002801E0FEE317E113
:10B800007ED00822D3A10098F4F752FE002878D009
:10B810000922D3A10098F4F74BFE002872D0082229
:10B82000D2A10098F4F744FE00286CD00922D2A1DE
:10B830000098F4F73DFE0DF13E021F9212AA0DF1A1
:10B840005201002803E0B5E08FE2C2E2EBE2CDE96D
:10B850001D127CD00922CBA10098F4F729FE002804
:10B8600076D00822CAA10098F4F722FE002870D0F2
:10B870000622CAA10098F4F71BFE00286AD006220F
:10B88000C8A1009803E0E2E21AE33CE36BE3F4F7BB
:10B890000FFE00287ED00422C4A10098F4F708FE11
:10B8A000002878D00522C3A10098F4F701FE0028F3
:10B8B00072D00622C1A10098F4F7FAFD002803E037
:10B8C00064E3A6E3B5E3C8E367D00422BDA1009812
:10B8D000F4F7EEFD00287CD00722BCA10098F4F715
:10B8E000E7FD002876D00722BAA10098F4F7E0FD22
:10B8F000002870D00622B9A10098F4F7D9FD03E022
:10B90000BEE3BEE3BEE3BEE3002876D00822B5A1C5
:10B910000098F4F7CDFD002870D00622B4A100985D
:10B92000F4F7C6FD00286AD00622B3A10098F4F708
:10B93000BFFDB34C002879D00622B2A10098F4F7DD
:10B94000B7FD002873D00622B0A1009803E09BE366
:10B950009BE39BE39BE3F4F7ABFD002868D1052252
:10B96000ACA10198F4F7A4FD00287DD00722ABA17B
:10B970000198F4F79DFD002877D00722A9A101982E
:10B98000F4F796FD002871D00722A8A10198F4F7DA
:10B990008FFD03E07CE37CE37CE37CE3002866D05E
:10B9A0000622A4A10198F4F783FD00287ED010217F
:10B9B000A2A04BE20422A6A10198F4F779FD58B1A8
:10B9C0000722A5A10198F4F773FDDFF894A2B8B19E
:10B9D00031E0E9E3E9E3E9E3A2480022114604602B
:10B9E000CBF84C40CBF870406C703848FFF714FC33
:10B9F00000213648FEF7C8FC16E0F2E3F2E3F2E37A
:10BA00006878012817D09AF80000002857D0954888
:10BA100085F801906C600460CBF84C4021462B48BF
:10BA2000CBF87040FFF7EAFB112102E0EFE3EFE310
:10BA3000BAE18DA0BDE7052230A10198F4F738FDE9
:10BA4000DFF8389210BB687801281BD002281DD07F
:10BA50009AF800000028D9D0FEF7D4FFEC60A8685F
:10BA6000002380F0004103E0F7E3F7E3F7E3F7E3B7
:10BA70000094CDE901104A4681498248FAF77AFEDE
:10BA8000022070E1686810F0FF4FE1D003227EA130
:10BA90000198F4F70DFDDFF8F4B188B96878012852
:10BAA0000FD003280CD09AF8000000E0FDE3002836
:10BAB000ACD0FEF7A7FFF079012803D003E19FE1A6
:10BAC000EBE0E5E0F5E00000AE000020C82A002031
:10BAD000FA010020BC28002020120020000C0140A8
:10BAE000A81900204A4830004D6F6465000000002E
:10BAF000E02C0020536574437572720053706565C5
:10BB0000640000005341636300000000506F7369DC
:10BB10006E69740052506F730000000041506F73E3
:10BB200000000000505A65726F0000005265736596
:10BB300074000000416E676C65000000415A657238
:10BB40006F00000041646A757374000053544F50D5
:10BB50000000000052455345544D4355000000007D
:10BB6000504944666163746F7200000052657365EA
:10BB70007444697200000000436F6E666967535435
:10BB800053000000436F6E66696753545000000015
:10BB9000436F6E666967574B00000000476D6F6426
:10BBA00065000000477370656564000047706F733F
:10BBB000000000004774656D7000000047616E670B
:10BBC0006C65000047766F6C0000000047746F7270
:10BBD00071756500537461727452440053746F70D0
:10BBE0005244000047656E636F6465720000000098
:10BBF0004763616E696400004763616E42520000F2
:10BC00005C0000205363616E696400005363616EE1
:10BC100042520000314D6270730000003530306BCD
:10BC2000627073003235306B627073003132356B85
:10BC30006270730035306B6270730000536574631B
:10BC4000616E4252206572726F72210A000000001C
:10BC500049444C450000000043757272656E7400E3
:10BC6000F4010020240000205365744D6F646520AA
:10BC700053756363657373210A00000052491D39CF
:10BC80008FC2753C94280020506F730008FC000898
:10BC9000686810F0FF4F3FF406AF0522AFF26C1159
:10BCA0000198F4F705FC00287ED16878012825D199
:10BCB00020E0DBF80000B86080B244F2C21170826C
:10BCC000884200D97482F448F6F792FC05F1180115
:10BCD000F2480EC9FAF7F8FEA868009480F0004117
:10BCE000CDE9011000234A46ED49EE48FAF742FD3E
:10BCF000032038E0686810F0FF4FD5D19AF80000B3
:10BD000000287DD0A868009480F00041CDE90110A2
:10BD1000A146E74CE44B0022E449201DFAF72AFD36
:10BD2000DBF80000B86080B244F2C2117082884231
:10BD300001D9A6F81290DF48768A076807FB06F05B
:10BD400001F026FDDFF87093494601F081FD206087
:10BD5000B8F80000801B784301F01AFD494601F055
:10BD600077FDA061042068705EE60198FDF736F962
:10BD700000F0CCFD68606978012914D1317801297F
:10BD800002D110F1FF4F05D27178012907D1B0F52A
:10BD9000000F04DB0B21C9A06C60F6F7F9FBCA4861
:10BDA0006968FFF72BFA00E03AE06868C74920F0BD
:10BDB0000040A860884200DDA960BA4ABC49A86872
:10BDC0009061C86180F00040D06108621421C0A079
:10BDD000EFE56878022872D10198FDF7FFF800F0CE
:10BDE00095FDE8603178012902D110F1FF4F05D2AD
:10BDF0007178012908D1B0F5000F05DB0B2100E0B7
:10BE00003DE1AEA0EC6001E01221B7A0F6F7C0FB67
:10BE1000BA49E868884202DCB949884200D9E96039
:10BE200025B0BDE8F08F68780228D4D10198FDF7DD
:10BE3000D5F821F0004100F069FD28614FF07E52F5
:10BE4000B049B148FEF728FE1221B0A013E268788D
:10BE50000328C0D10198FDF7C1F821F0004100F09E
:10BE600055FDA8610298FDF7B9F821F0004100F0F6
:10BE70004DFDE8611C98FDF7B1F821F0004100F09C
:10BE800045FD2862A0484FF07E542246A4490C305C
:10BE9000FEF702FE9C4822469A491030FEF7FCFD50
:10BEA000994822469F490830FEF7F6FD18357B4831
:10BEB00095E80E00FAF708FE11219BA0DBE180E077
:10BEC000687803287DD10198FDF788F800F01EFD01
:10BED00068613178012902D110F1FF4F05D27178E4
:10BEE000012904D1B0F5000F01DB6C6171E09348CA
:10BEF000F8F7AEF87472684968486A69FAF724FE80
:10BF000086F803908CE7687803285AD10198FDF7EA
:10BF100065F800F0FBFC074668613078012809D11C
:10BF2000DAF81010DAF8080001F014FE394601F0D2
:10BF3000D6FDDAD37078012809D1DAF81010DAF8D2
:10BF4000080001F007FE696901F04EFCCDD37B4883
:10BF5000F8F77EF87472504950486A69F6F7FEF9AE
:10BF60000220F0705CE76878032865D1B8F800001B
:10BF70007082B86086F807904748F6F739FB704939
:10BF80007048F6F7DBFC0F216FA074E16878032896
:10BF900052D13178B07901431ED0717809B90128A6
:10BFA0001AD059481038FFF7B9F9F471B8F8000001
:10BFB00070823948F6F71CFB1835384895E80E00B2
:10BFC00000E039E0FAF780FD3448B47080F82C4086
:10BFD000C4610B2139A04EE1304F052087F82C00B9
:10BFE000F7F7DCFD5C49A86901F032FC3861747236
:10BFF000B07901280BD0594A274900E095E227483B
:10C00000FAF7A2FD86F802900F2155A033E1584AB5
:10C01000F2E7687804280FD10198FCF7DFFF00F001
:10C0200075FC014668612248F6F7A6F9122151A075
:10C0300021E16878042802D00C2153A01BE11C48A0
:10C04000F6F7A2F9B8F800007082B8603C493D48A4
:10C05000F6F774FC102150A00DE100226C7011461F
:10C060001948FFF7D9F800211748FEF78DF932205B
:10C07000F7F794FDFEF794F808B12A2197E09FE0C6
:10C08000A1E0B1E0C5E0ECE0FFE03BE181E195E15A
:10C090009CE1A6E1B7E1BCE1BC280020D828002043
:10C0A0008FC2753C942800209A99993F8FC2F53C25
:10C0B00008290020E80100200000B43C4C696D69AB
:10C0C00074206E6F77210A00C82A002000004040CB
:10C0D00053657443757272656E742053756363653E
:10C0E0007373210A00000000536574537065656422
:10C0F0002053756363657373210A000000409C45FB
:10C1000000409CC500401C46F02C00205365745331
:10C110004163632053756363657373210A000000F4
:10C120000050434800803B45496E6974506F73204E
:10C1300053756363657373210A000000F0130020D8
:10C140005012002000FC0008505A65726F20537591
:10C150006363657373210A000000C04050A9ABCD32
:10C1600052657365742053756363657373210A00A8
:10C1700050A9AB4D536574416E676C652053756370
:10C1800063657373210A00004D6F64652045727208
:10C190006F72210A00000000415A65726F205375CA
:10C1A0006363657373210A0045E14AE14FE1F4A03E
:10C1B000F6F7EEF90A20F7F7F1FCFAF745FB2FE660
:10C1C0001121FAA061E3FE48FFF7A8F80E21FDA0B7
:10C1D000F6F7DEF90A20F7F7E1FCFE4880F82C407C
:10C1E0001EE646E149E150E1FB48007858B1FB48C2
:10C1F000F8F710F8F6F75CF91420F7F7CFFC72B6F1
:10C20000F7F7C4FF0CE6F648F7F710FCF4E748E14F
:10C2100066E10198FCF7E2FE00F078FBF14CF24990
:10C2200020600844F149884205D34FF07E502060D9
:10C230001121EFA001E01321F2A0F6F7A9F9FCF714
:10C2400037FFF549206801F003FB01F081FA3860FF
:10C25000F249F348F6F772FBE2E553E154E15EE19F
:10C260005FE10198F4F717F910F0FF0004D00128FE
:10C2700002D01121EBA008E33865B071E749E84826
:10C28000F6F75CFB1321ECA0FFE2FC624FF47A703E
:10C29000EC60F7F783FC0198F4F7FDF8F86002987A
:10C2A000F4F7F9F838611C9800E03CE1F4F7F3F892
:10C2B00040F6B831884202DC4942884200DA08463A
:10C2C00078611F98F4F7E7F8002800DA4042B86177
:10C2D0001E98FCF783FE21F000410022DB4B00F0AA
:10C2E0005BFE00F0C5FDF8611D98F4F7D4F8002856
:10C2F00000DA40423862C949C948F6F71FFB2121DC
:10C30000D3A0C2E2FC600198F4F7C5F8F862029885
:10C31000FCF764FECD4C0022234600F03DFE00F009
:10C3200077FD38631C98FCF759FE0022234600F085
:10C3300033FE00F06DFD78631F98F4F7ACF8002829
:10C3400000DA4042B8631E98F4F7A5F8002800DA36
:10C350004042F8631D98FCF741FE21F000410022A5
:10C36000234600F019FE00F083FD386417A8F4F7A7
:10C3700092F8002800DA404278640DF16600F4F784
:10C380008AF8B864A549A648F6F7D8FA2121B9A0D9
:10C390007BE20198F4F77FF8002800DA40427862E7
:10C3A0000298F4F778F8002800DA4042B8629B4916
:10C3B0009B48F6F7C3FA2021B7A066E2BFA0006849
:10C3C0000090687830308DF8040064E0B06901F0C6
:10C3D0000DF8BCA20EE02028BFF494AD81B21CA8D9
:10C3E00053E2DAF81010DAF8080001F0B3FB00F0BD
:10C3F000FDFFB7A2CDE9000120211CA8F3F742FF01
:10C400000028E8DC0CE5B548006800F0EFFFB4A2B6
:10C41000F0E7B8F80000718A401AB4490968484347
:10C4200001F0B6F9B24901F013FAFEF72BFE00F065
:10C43000DDFFB0A2DEE7B248006800F0D7FFB1A28E
:10C44000D8E7DBF8400000F0D1FFB1A2D2E786F8D0
:10C4500004900198F4F71FF880B2642801D9642091
:10C4600001E000B9012041F28831B1FBF0F0B08267
:10C47000D6E434711021A9A007E2B8F80030ACA2CC
:10C4800020211CA8F3F7FEFEBAE700940194694648
:10C49000308AFFF7F9F80A208DF805000621684672
:10C4A000F3E120780C2812D004DC032809D00628F8
:10C4B00004D109E018280DD03C280ED00E219FA0F1
:10C4C000E3E11021A1A0E0E11121A4A0DDE111210F
:10C4D000A7A0DAE11121ABA0D7E11021AEA0D4E1F1
:10C4E0000198FEF741F9B0F5006F08D2308278600C
:10C4F0004A494B48F6F722FA0F21ACA0C5E10D21BD
:10C50000AEA0C2E1032000E006202070C0B2F864B3
:10C5100042494348F6F712FA1321ACA0B5E10C20CA
:10C52000F3E71820F1E73C20EFE7AD48B18A008837
:10C53000B0FBF1F201FB1200002899D130790128FB
:10C5400096D1402104A8F4F797F82294239414215B
:10C5500014A82494F4F790F819941A941B941C943A
:10C560001D941E941F9420942194B06900F03EFF06
:10C57000CDE900019BA20A2122A8F3F783FE35E151
:10C5800041646A757374696E672144657669636591
:10C590002077696C6C2062652072657365746564D0
:10C5A000206C61746572210A000000004E6F7446B1
:10C5B000696E6420656E636F646572210A00000015
:10C5C000E02C002053544F50205375636365737300
:10C5D000210A0000D82800200200002008240020A2
:10C5E000C813002014020020333333C23433530302
:10C5F000504944666163746F72204572726F722194
:10C600000A000000504944666163746F72205375DC
:10C610006363657373210A000000C8425012002052
:10C6200000FC00085265736574446972204572729B
:10C630006F72210A000000005265736574446972CC
:10C640002053756363657373210A0000000059402D
:10C65000436F6E6669675354532053756363657304
:10C66000732120526573657420506C656173652178
:10C670000A000000436F6E6669675354502053757B
:10C6800063636573732120526573657420506C6514
:10C69000617365210A000000436F6E666967574B3E
:10C6A000205375636365737321205265736574202D
:10C6B000506C65617365210A000000006D6F646550
:10C6C000000000007370656564252E33660A000063
:10C6D000706F73252E33660A000000001C000020D6
:10C6E00074656D70252E33660A000000E801002095
:10C6F0000000B43C616E676C65252E33660A00004D
:10C7000018000020766F6C252E33660A00000000AA
:10C71000746F72717565252E33660A0053746F70DD
:10C7200052442053756363657373210A000000004F
:10C73000656E636F64657225640A000043616E2054
:10C7400052617465204572726F0A000043616E2069
:10C750005261746520314D6270730A0043616E202E
:10C7600052617465203530306B6270730A000000CE
:10C7700043616E2052617465203235306B62707394
:10C780000A00000043616E20526174652031323529
:10C790006B6270730A00000043616E205261746521
:10C7A0002035306B6270730A0000000053657449D5
:10C7B000442053756363657373210A00536574499C
:10C7C00044206572726F72210A0000005365746321
:10C7D000616E42522053756363657373210A0000D2
:10C7E00010000020252E336600000000DAF810103B
:10C7F000DAF8080001F0AEF900F0F8FDAFF21C0223
:10C80000CDE90001122114A8F3F73CFDB8F80000AF
:10C81000718A4446401A1E490968484300F0B8FF2F
:10C820001C4901F015F8FEF72DFC00F0DFFDAFF21A
:10C830004C02CDE900010A2119A8F3F723FD238852
:10C8400015A20A211CA8F3F71DFDDBF8400000F03B
:10C85000CDFDAFF27002CDE900010A211FA8F3F768
:10C8600011FD1FAB1CAA19A914A88DE80F0022AB5B
:10C870000AA2402104A8F3F705FD002803DD4028A3
:10C8800001D281B200E0402104A8F5F781FE96E4D0
:10C89000E80100200000B43C25640000733A2573D1
:10C8A000703A2573613A2573653A2573713A257399
:10C8B0000A00000010B500290AD00878002807D027
:10C8C00005487844F4F748FE002801D0002010BD48
:10C8D0000248784410BD0000C2150000BA150000DF
:10C8E00010B500290AD00878002807D005487844F8
:10C8F000F4F732FE002801D0002010BD0248784431
:10C9000010BD0000A61600009E16000021F0004297
:10C91000A2F16052B2F5801F01F0004328BFD2F1AE
:10C920007F6C0BD95FEA001C43EAC20242EB5070F5
:10C9300018BF704728BF20F001007047B2F5801F74
:10C94000BCBF184670474FEA410C1CF5001F02D2CD
:10C95000084601F0BFB870B500F0C8FB00000089C0
:10C96000FFF7F6BF4FF00040A0F5800070470000D1
:10C9700010B591EA030F48BF83F0004300F15484DF
:10C98000841A71EB030C05D2121943EB0C03001B44
:10C9900061EB0C01DFF824E14FEA1154A4EB135CC6
:10C9A0001EEA430F18BF9EEA445F73D023EA0E03CA
:10C9B000DCF1200E21EA045143F4801332D322FA31
:10C9C0000CFE10EB0E0023FA0CFE41EB0E01CCF135
:10C9D000200E03FA0EFE10EB0E0051F10001B1F52E
:10C9E000801FCCF1200E32D201EB045112FA0EF26C
:10C9F000BDE8104058BF7047401C38BF5FEA420294
:10CA000018BF7047002814BF20F0010041F1000159
:10CA10004FEA410313F5001F38BF7047A1F1C04131
:10CA200000F0B2BB012A43EB0302ACF1200CDCF1B5
:10CA30001F0E32BF4FF0000E23FA0CF310EB030071
:10CA400041EB0451B4EB115FD0D0A1EB045101F5DF
:10CA5000801149085FEA300001EB04510ED350F118
:10CA6000000038BF12FA0EFE08D1BDE81040C9E739
:10CA7000401C38BF5FEA4202CAD1C3E7BDE810409C
:10CA80004FEA410313F5001F38BF7047A1F1C041C1
:10CA900000F07ABB9EEA445F08D011EA5E0FBDE861
:10CAA000104004BF01F0004100207047BDE8104075
:10CAB00070B500F01BFB00BF64FBBE3E0000E0FF52
:10CAC00002494FF0000001F0BCB800BF0000F87F41
:10CAD000491058BFC1F140415B1058BFC3F14043FA
:10CAE0008B42EFF3008070472DE9C04130B4DFF88E
:10CAF000A0C23CEA111418BF3CEA131400F0EC8009
:10CB000081EA03051CEA111444EAD57418BF1CEA33
:10CB1000131500F0C780A4EB05044FF0004545EA6B
:10CB2000C12145EAC32341EA505143EA525304F17B
:10CB30007F74994204F500344FEAC0204FEAC222C4
:10CB400008BF904200F09C804FEA13650FF2401638
:10CB5000765D4FEA134506FB05F7C7F1807706FBC4
:10CB600007F74FEAD737A7FB03687642C8F5803846
:10CB7000A7FB06CE38BFA8F1010807FB08E64FF077
:10CB8000000EA6FB028CE6FB03CEDCF1000CCEF11E
:10CB9000004E38BFAEF1010EA6FB0C584FF0000757
:10CBA0004FF00005E6FB0E87A1FB08C6A0FB07CEF1
:10CBB00016EB0E0645F10005E1FB076515F1E04EA9
:10CBC0007EBFA4F580345FEA46066D4116F180070A
:10CBD00045F100054FEA17274FEA066647EA056761
:10CBE000A6F1DE46B6F1805F4FEA15251FD938461B
:10CBF00024F0010C05EBC471BCF1FE6F01EB0C11CC
:10CC000002D8F0BCBDE8008124425CBF01F5801E63
:10CC10009EEAC47F02D4F0BCBDE80081244238D42F
:10CC2000F0BCA1F1C041BDE8004100F0ADBA4FEA4F
:10CC3000D22242EA43524FEAD323A7FB02864FEAAD
:10CC4000D02040EA415007FB03661EEA0E0F4FEA70
:10CC5000D12105FB026658BFA6EB0056B6EB005685
:10CC60004FEA520E4EEAC37E18EB0E0E56EB530EF1
:10CC7000BDD518EB02085E417F1C55F10005B6E7F3
:10CC80004FF480154FF000074FF000064FF00008FA
:10CC9000ADE7F0BC4FF0000001F1C04101F00041F0
:10CCA000BDE8008111EA0C1F0CEA131500D00CE05E
:10CCB00013EA0C1F00F025804FF00000F0BC81EA61
:10CCC000030101F00041BDE80081F0BCBDE8004176
:10CCD00081EA030100F058BAF0BCBDE8004170B52C
:10CCE00000F004FA097EFC3E00F007B881EA030177
:10CCF0004FF0000001F00041704781EA030100F0AD
:10CD000043BAF0BCBDE800414FF000002149704734
:10CD1000FFFDFBF9F7F5F4F2F0EEEDEBE9E8E6E400
:10CD2000E3E1E0DEDDDBDAD8D7D5D4D3D1D0CFCD87
:10CD3000CCCBCAC8C7C6C5C4C2C1C0BFBEBDBCBBC0
:10CD4000BAB9B8B7B6B5B4B3B2B1B0AFAEADACABBB
:10CD5000AAA9A8A8A7A6A5A4A3A3A2A1A09F9F9E95
:10CD60009D9C9C9B9A999998979796959594939347
:10CD7000929191908F8F8E8E8D8C8C8B8B8A8989DE
:10CD80008888878786858584848383828281818061
:10CD90000000FF070000F87F51EA030C17D41CF5D0
:10CDA000801F58BFBCF5801F00F10680994218BF54
:10CDB000704708BF9042704707D711F5801F58BFD2
:10CDC00013F5801F19D499427047894270471CF5AA
:10CDD000801F08D5BCF5801FF7D58B4218BF704760
:10CDE00008BF824270474FF4001C1CEB410F38BF54
:10CDF0001CEB430F01D28B42704770B500F076F9FF
:10CE0000922449004FF000514FF08053FFF760BE6D
:10CE10004FEA41034FEA5353A3F58063D3F11E0356
:10CE2000C8BFD3F1210C0CDD4FF0004242EAC12211
:10CE300042EA505232FA03FC8CEAE17CACEBE1703E
:10CE40007047102BC4BF0020704703F5787CBCF1FD
:10CE5000FF3F04D06FF0004282EA2100704770B5B6
:10CE600000F044F94992248000207047F2E7000066
:10CE70004FEA1153A3F58063D3F11E03A8BFD3F18A
:10CE8000200C08DB4FF0004242EAC12252EA505225
:10CE900032FA03F0704709420BD4102BC4BF0020B4
:10CEA000704703F5787CBCF1FF3F05D04FF0FF30B1
:10CEB00070474FF00000704770B500F017F900BFE1
:10CEC0004992248000207047F0E710F0004248BFEC
:10CED0004042B0FA80F310FA03F10AD0C3F11D0307
:10CEE00003F580634FEA415002EB035202EBD1217C
:10CEF00070474FF000007047B0FA80F310FA03F16A
:10CF00000AD0C3F11D0303F580634FEA41504FEA95
:10CF1000035202EBD12170474FF000007047000030
:10CF200051EA030C17D41CF5801F58BFBCF5801FB5
:10CF300000F10680994218BF704708BF90427047C1
:10CF400007D711F5801F58BF13F5801F19D49942D8
:10CF50007047894270471CF5801F08D5BCF5801FBB
:10CF6000F7D58B4218BF704708BF824270474FF415
:10CF7000001C1CEB410F38BF1CEB430F01D28B424E
:10CF8000704770B500F0B2F8922449004FF000519C
:10CF90004FF08053FFF79CBDDFF848C170B51CEA25
:10CFA000111E1EBF1CEA13159EEA0C0F95EA0C0F0A
:10CFB00000F06F8081EA030423EA4C134EEAD47E2A
:10CFC00021EA4C1141F4801143F48013AE44A1FBDB
:10CFD000024CA0FB0365AEF17F7E361955EB0C05C4
:10CFE000A1FB034C4CF10003A0FB021C16EB0C064A
:10CFF000654153F10003094218BF46F0010613F4DE
:10D00000007F0BD14FEA03314FEA0530340341EA88
:10D01000155140EA16506FF003020AE04FEAC321AF
:10D020004FEAC520F40241EA555140EA56506FF0EC
:10D03000020202EB2E4201EB025585EACE710AD0C4
:10D040005FEA440C18BF24F0004450F1000041F1A5
:10D05000000120EAD47040F2FE7C624500D270BD2F
:10D06000A84214BF4FF080444FF04044002E08BF48
:10D070000024BEF1806FA8BFA1F1C041BDE870409F
:10D0800080F282804FF0000001F1C04101F00041C8
:10D0900070479EEA0C0F0CEA131518BF95EA0C0FA7
:10D0A00006D04FF0000081EA030E0EF0004170BD83
:10D0B00000F01CF88900013E00F007B800F009B844
:10D0C0004FEA430C5FEA5C5C08D081EA030100F0A0
:10D0D0005BB84FEA410C5FEA5C5CF6D14FF00000B0
:10D0E000014970470000FF070000F87F0EF1020EB3
:10D0F0002EF0030E5EF8046B364205D4012A43EB92
:10D10000030515F5001F12D8012841EB010C1CF591
:10D11000001F0CD80ED14FEAD17C15F5001F0CEB87
:10D120004C0C0CF1020C08BF4CEBD37C04E04FF02C
:10D13000080C01E04FEAD37C0CEB4C0526FA05F60F
:10D1400006F00706B6F1040C06D20EEB860CBDE81D
:10D1500070404CF0010C6047DFE80CF0090B020254
:10D160004FF000414FF00000A1F5002170BD1946BD
:10D170001046012851EB010418BFD4F5001484BFF8
:10D18000002001F0004170BD0808A0F500114FEA31
:10D190003101704753EA010C17D41CF5801F58BFAA
:10D1A000BCF5801F00F106808B4218BF704708BF96
:10D1B0008242704707D713F5801F58BF11F5801FB3
:10D1C00019D48B4270479B4270471CF5801F08D5CD
:10D1D000BCF5801FF7D5994218BF704708BF904231
:10D1E00070474FF4001C1CEB430F38BF1CEB410F82
:10D1F00001D2994270470FB40CBC03BCFFF7C1BE0B
:10D2000091EA030F10B581F000413FF5B9AB83F00F
:10D21000004300F009B8000010B591EA030F48BFC1
:10D2200083F000433FF5ACAB841A71EB030C07D2DB
:10D2300012198CF0004C43EB0C03001B61EB0C014A
:10D24000DFF8A4E14FEA1154A4EB135C1EEA430F8C
:10D2500018BF9EEA445F00F0B08023EA6E0352429A
:10D2600021EA0451C3EB6E0338BF5B1EDCF1200ED4
:10D2700025D322FA0CFE10EB0E0043FA0CFE41EB14
:10D280000E01CCF1200E03FA0EFE10EB0E0051F150
:10D290000001CCF1200E29D412FA0EF201EB045158
:10D2A000BDE8104058BF7047401C1CBFB2F1004F92
:10D2B000704700280CBF491C20F00100704712EB9A
:10D2C000020E43EB030218BF4FF0010E4EEA42027A
:10D2D000ACF1200CDCF11E0E54D943FA0CFE10EB1D
:10D2E0000E0051F1FF31CCF11E0ED5D50EF1010E1D
:10D2F00012FA0EFE404141EB010101EB445C5FEA92
:10D300005C5C10D910EBDE7001EB045138BFBEF14C
:10D31000004FBDE8104018BF704700280CBF491CE3
:10D3200020F00100704730D24FEAD42C11F50011E3
:10D3300024F400641BD0B1FA81F20B3AA41AA41EA3
:10D34000D2F12003914030FA03F31943904001EBEE
:10D35000CC71002C01EB0451BDE81040A8BF704710
:10D3600001F1C0414FF0000001F000417047B0FAF8
:10D3700080F310FA03F100D110BDE41A173C480500
:10D38000C90AE4E701EB045110BD491001EB045157
:10D39000BDE810404FEA300002E04FF00001704756
:10D3A0004A0008BF0042F8D0B2F5001F28BF7047FE
:10D3B00001F000414FF0000070479EEA445F07D043
:10D3C00011EA5E0FBDE8104004BF00210020704745
:10D3D000BDE8104070B5FFF789FE00BF40DFF63EA4
:10D3E00083F00041104670470000E0FF43004FEA21
:10D3F000D30C4FEA3C0C43401FBF40070CF1605177
:10D4000013F0FE4F70471CF0006F03D100200CF0AA
:10D41000004170470CF0004343EA507010B540EAF9
:10D42000CC0000F096FA00BF000000924FEA000125
:10D43000FFF7AABE4FF000414FF00000A1F5002118
:10D440007047000090EA010F48BF81F0004100F1F1
:10D450008883421A3CBF801A89184FEAD0524FF095
:10D460007F4C1CEA410FA2EBD15318BF9CEA026F1C
:10D4700000F03B804FF0004C4CEA00204CEA0121C8
:10D4800021FA03FC10EB0C0C1ED202F1FF325FEA12
:10D490001C2040EBC25038BF70471CF07F0F4FEA92
:10D4A000400C18BFBCF17F4F38BF7047C3F1200359
:10D4B000994008BF20F00100BCF17F4F38BF704792
:10D4C000A0F1C04000F006BB4FEA3C00000A40EB70
:10D4D000C25028BF1CF0FF0F4FEA400CE6D018BF27
:10D4E000BCF17F4F38BF7047EAE79CEA026F05D076
:10D4F00010EA5C0F08BF00F00040704710B500F064
:10D5000028FA00BF64FBBE3E014800F09ABB00BF92
:10D510000000C07F401058BFC0F14040491058BFC4
:10D52000C1F140418142EFF3008070474FF47F0C1E
:10D530001CEAD0121EBF1CEAD11392EA0C0F93EA28
:10D540000C0F00F0858090EA010F48BF42F4807212
:10D5500040F4000C41F400002CF07F4120F07F40AB
:10D5600000B58142A2EB03020FF2081CACEB504E57
:10D57000C0F100009EF800E04FEA4E0E00FB0EFCEA
:10D5800038BF49004FEA2C1C02F5FA020CFB0EF3DF
:10D590004FEACE1E4FEA112C4FEAC1210EEB635E1B
:10D5A00042EB22420EFB0CFC4FEA1C5300FB031122
:10D5B0004FEA112C4FEA01310EFB0CFC4FEADC4C18
:10D5C00000FB0C11C14228BF09184CEB03335DF876
:10D5D00004EB10EB410143EBC250B2F57C0F38BFB6
:10D5E000704729D512F0F00F1CBF00F1C04000F0C9
:10D5F00000407047008182838485868788898B8C70
:10D600008D8E8F919293959697999A9C9D9FA0A2AB
:10D61000A3A5A7A8AAACAEB0B2B3B5B7B9BCBEC0FB
:10D62000C2C5C7C9CCCED1D4D7D9DCDFE2E6E9EC9C
:10D63000F0F3F7FAFE0000004FEA400C0CF1807C9A
:10D64000BCF17E4F28BF7047B0F1C04000F042BA35
:10D6500090EA010F0CEAD11348BF42F48072624590
:10D6600038BF634507D213F47F0F16D080EA01005C
:10D6700000F00040704710B500F06BF9097EFC3EE9
:10D6800000F005B880EA010000F00040704780EA31
:10D69000010000F0004000F01DBA12F47F0F04BF3B
:10D6A0000248704780EA010000F014BA0000C07F11
:10D6B00050EA010C00F113801CF5000F58BFBCF5B7
:10D6C000000F01D48842704707D710F5000F58BFEC
:10D6D00011F5000F15D488427047894270471CF538
:10D6E000000F04D5BCF5000FF7D5814270474FF00D
:10D6F000807C1CEB400F38BF1CEB410F01D28142F4
:10D70000704710B500F025F9922449004FF0005001
:10D710004FF08051FFF7FEBE41000B0ED3F19E0289
:10D7200008D950F400034FEA032323FA02F048BF5C
:10D730004042704710B500F00CF900BF49922480B8
:10D74000002070476FF0004282EA2000704700001E
:10D75000C10DD1F19E0206DB4FEA002343F00043E6
:10D7600023FA02F07047004207D54FEA4001B1F1B9
:10D77000FE4F02D24FF00000704710B500F0E9F8FC
:10D7800049922480002070476FEA20007047000013
:10D7900010F0004148BF4042B0FA80F310FA03F2A3
:10D7A000C3F19D030BD051EAC35101EB1220530684
:10D7B00038BF704700F1010008BF20F0010070473A
:10D7C000B0FA80F310FA03F2C3F19D030AD0D90531
:10D7D00001EB1220530638BF704700F1010008BF6B
:10D7E00020F001007047000050EA010C00F11380A6
:10D7F0001CF5000F58BFBCF5000F01D488427047DC
:10D8000007D710F5000F58BF11F5000F15D4884247
:10D810007047894270471CF5000F04D5BCF5000F16
:10D82000F7D5814270474FF0807C1CEB400F38BF2A
:10D830001CEB410F01D28142704710B500F089F80E
:10D84000922449004FF000504FF08051FFF762BE24
:10D850004FF47F0C1CEAD0121EBF1CEAD11392EACF
:10D860000C0F93EA0C0F00F0478090EA010F48BFBD
:10D8700042F480724FF0004C4CEA00204CEA012147
:10D8800002EB0302A0FB0113A2F50002002918BF5E
:10D8900043F001035B0028BF4FEA330342EB22420F
:10D8A0005FEA132C4CEBC2502EBFBCEB436FB2F5BA
:10D8B0007C0F70474FEA036CBCF1004F08BF20F0AB
:10D8C0000100B2F57C0F38BF70470BD582F0FF0224
:10D8D00012F5803FC8BF704700F1C040D8BF00F0CC
:10D8E0000040704700F5000C5FEA4C0C48BF7047E1
:10D8F000B0F1C04000F0EEB890EA010F0CEAD1138D
:10D9000048BF42F48072624538BF634504D280EA62
:10D91000010000F00040704710B500F01AF800BF99
:10D920008900013E00F007B800F009B85FEA410C39
:10D930005FEA1C6C08D080EA010000F0CBB85FEA17
:10D94000400C5FEA1C6CF6D14FF00040A0F580005F
:10D9500070470EF1020E2EF0030E5EF8044B2442C7
:10D9600004D44FEA4102B2F17F4F11D84FEA40038D
:10D97000B3F17F4F0CD80ED14FEAD07CB2F17F4F7C
:10D980000CEB4C0C0CF1020C08BF4CEBD17C04E00E
:10D990004FF0080C01E04FEAD17C0CEB4C0324FA69
:10D9A00003F404F00704B4F1040C06D20EEB840C6B
:10D9B000BDE810404CF0010C6047DFE80CF00708B0
:10D9C00002024FF00040A0F5800010BD0846420062
:10D9D00018BFD2F1807288BF00F0004010BD000077
:10D9E0004FF07F4C3CEA410318BF3CEA400200F094
:10D9F00062804FF47F0C10F0004F0CEAD11318BF77
:10DA000043F005031CEAD01218BF13EA0C0F00F014
:10DA100057804FF0004C4CEA00204CEA0121A3F55E
:10DA200080339A4210DDB0F1004F23F0020306D399
:10DA3000401A43F00203BCBF404283F001034FEAA7
:10DA40004000A2F58032ECE74FEA224CBCEB234FBA
:10DA500008DB884206D31CD0A0EB4100C0F10000D7
:10DA600083F0010340001DD217D40DD0B0FA80FC22
:10DA70000CF1010C00FA0CF0A2EB0C42D2F1000CFC
:10DA800012DB4FEAC37070474FEA437000F000406A
:10DA9000704713F0020FE5D0DEE7B2F580324FEAAF
:10DAA0004000EBDD002AE9DD4FEAC21242EA5020D5
:10DAB00040EAC370704710B5FFF74BFFEDFFFF3E24
:10DAC0001CEAD11F02D000F00040704700487047A8
:10DAD0000000C07FFF2141EAD050C005704751EAE5
:10DAE000000C00F113801CF5000F58BFBCF5000FAF
:10DAF00001D48142704707D711F5000F58BF10F5C8
:10DB0000000F15D481427047894270471CF5000F01
:10DB100004D5BCF5000FF7D5884270474FF0807CE4
:10DB20001CEB410F38BF1CEB400F01D288427047FD
:10DB300080EA010081EA000180EA0100FFF77DBE72
:10DB400080F0004090EA010F7FF583AC81F0004146
:10DB500000F007B890EA010F48BF81F000413FF59F
:10DB600078AC421A04D882F00042A0EB02001144C3
:10DB70004FEAD0524FF07F4C1CEA410FA2EBD15339
:10DB800018BF9CEA026F4AD04FF0004C4CEA0020CC
:10DB90004CEA012121FA03FCB0EB0C0C0FD412F07B
:10DBA000FE0F36D05FEA4C001DD5001240EBC2508C
:10DBB00038BF70471CF03F0F18BF70470BE0A2F151
:10DBC00001025FEA1C2040EBC25038BF70471CF0D6
:10DBD0007F0F18BF7047C3F12003994014BF401E48
:10DBE00020F00100704780084FEA122308BF7047F9
:10DBF000B0FA80FCA2EB0C02CCF1280C60FA0CF01D
:10DC000093EA122F04BF00EBC25070474FEAC37073
:10DC10007047130A5FEADC1008BF7047F6E79CEA1A
:10DC2000026F04D010EA5C0F08BF0020704710B5E7
:10DC3000FFF78FFE40DFF63E81F000407047F2F7BD
:10DC40008CBE0CF00F03092B08BF082000F0858064
:10DC50000A2B0BD0082B18BF704708BF1CF0400FD1
:10DC60000AD04FF000004FF0000170471CF0400F49
:10DC700018BF4FF0004070471CF0100F08D020F084
:10DC8000704300F07F4242EAD3014FEA437070478D
:10DC900000F0604021F07F4242EA000201F07F4044
:10DCA00040EA727070474FF0FF0C4CF4E06C1CEAD5
:10DCB00011531CBF9CEA030C9445C2BFDA4201EB2E
:10DCC00002517047002B0DD0BCF1000F0FD0002A7D
:10DCD00001F00041A4BF41F0E04141F07F614FF00D
:10DCE0000000704701F000414FF00000704750EA1B
:10DCF00001334FF09B0C18BF4CF0806C7EF4E0AE0B
:10DD000070474FF0FF0212EAD0521CBF92F0FF039F
:10DD10008B42C2BFD14200EBC1507047002A0AD0EB
:10DD2000002B0BD0002900F00040A4BF40F0FE40C3
:10DD300040F40000704700F00040704743024FF08D
:10DD40000B0C18BF4CF0806C7FF4DEAB7047F3F720
:10DD5000A5BAF3F741BCF3F7CBBD1CF4801F11D07B
:10DD60001CF4E02F03D06FEACC31490070474FF02C
:10DD70004050EFF3008222F0704242EA000282F348
:10DD8000008870474FF0000070470102020304054D
:10DD9000060708090A0B0C0D0E0F101001020203F2
:10DDA0000405060708090A0B0C0D0E0F10100000E1
:10DDB000000000000000010203040607080900003B
:10DDC000000001020304000002400000000000A067
:10DDD0000000000005400000000000C80000000036
:10DDE0000C4000000000409C0000000019400000B2
:10DDF0000020BCBE0000000034400000BFC91B8EE4
:10DE000000000004B5400000504BCFD06607E2CFC1
:10DE1000010000006C4100003E8251AADFEEA734F1
:10DE200001000000D9420000DCB5A0E23A301F97A3
:10DE3000FFFFFFFFB4450000FD25A0C8E9A3C14FC7
:10DE4000FFFFFFFFFF3F0000000000800000000018
:10DE5000FF3F00000000008000000000B0DF00086D
:10DE600000000020A41200002801000808EE0008AD
:10DE7000A4120020C42600008C010008000000004D
:10DE80000000F07F1001000043000000F8FFFFFFDA
:10DE900000404040404040404040414141414140BD
:10DEA0004040404040404040404040404040404072
:10DEB0004005020202020202020202020202020201
:10DEC0000220202020202020202020020202020206
:10DED000020290909090909010101010101010105E
:10DEE000101010101010101010101010020202026A
:10DEF00002028888888888880808080808080808AE
:10DF000008080808080808080808080802020202A9
:10DF100040000000000000000000000000000000C1
:10DF200000000000000000000000000000000000F1
:10DF300000000000000000000000000000000000E1
:10DF400000000000000000000000000000000000D1
:10DF500000000000000000000000000000000000C1
:10DF600000000000000000000000000000000000B1
:10DF700000000000000000000000000000000000A1
:10DF80000000000000000000000000000000000091
:10DF9000000000001C00000043000000F8FFFFFF2D
:10DFA0000C0000000E0000000F0000002E0000001A
:10DFB00010060100001E000120059001E803041175
:10DFC0001051014340410800043520410001120670
:10DFD000461006317900086104126D04128504129E
:10DFE000A510121114123D08201504030904120192
:10DFF0000002020200408304405700020102810334
:10E00000181A0354100629250008250412210812A5
:10E010004D0821B062101D33127A0720050A060050
:10E0200002C1211C100409024357100A00C0320922
:10E0300004000001020B101D05240010010524013D
:10E0400000010424020205240600010705820308DA
:10E05000001009048D120A3510050705010243203E
:10E060000407058107013844224007228107200464
:10E0700000090744023B044410069D76000803048F
:10E08000240585770008B412470C40078F750008F7
:10E09000D5751065BA12852412791C129108476D46
:10E0A000762412FF01051856434844044370424247
:10E0B00023803F0600FF007E0FC93B670E493CA648
:10E0C000C9963CA00AC93CB849FB3C26C3163D1280
:10E0D000E02F3D36FB483D5D14623D6A2B7B3D07DA
:10E0E000208A3D09A9963D8730A33D7FB6AF3DC943
:10E0F0003ABC3D30BDC83DEA3DD53D12BCE13DA82E
:10E1000038EE3D9EB2FA3DFB94033E9ACF093EA7FE
:10E1100008103E6440163ED1761C3EACAB223EF465
:10E12000DE283EAA102F3E8940353ED66E3B3E4E3D
:10E130009B413EACC5473E78EE4D3EE814543E82CE
:10E14000395A3E035C603E6C7C663E789A6C3E6B4E
:10E15000B6723EC0CF783EFBE67E3ECC7D823ECBA3
:10E1600086853E9B8E883EFB948B3E2C9A8E3EEDA0
:10E170009D913E3CA0943E1BA1973E88A09A3E8470
:10E180009E9D3EED9AA03EC495A33E088FA63EBA42
:10E1900086A93ED97CAC3E4371AF3EFA63B23EFCE9
:10E1A00054B53E2844B83EA131BB3E431DBE3E108F
:10E1B00007C13E07EF00FF00C33E28D5C63E52B957
:10E1C000C93E849BCC3EC07BCF3E045AD23E5036E3
:10E1D000D53E6210D83E7DE8DA3E7FBEDD3E4792F6
:10E1E000E03EF563E33E6A33E63EC500E93EC5CB5B
:10E1F000EB3E6894EE3EF35AF13E001FF43ED2E04F
:10E20000F63E27A0F93E205DFC3EBE17FF3EDEE74E
:10E21000003FAF42023F419C033F84F4043F884BE0
:10E22000063F3CA1073FA1F5083FA6480A3F6B9A6D
:10E230000B3FD1EA0C3FD6390E3F8B870F3FD0D32F
:10E24000103FB41E123F2768133F3AB0143FDCF66C
:10E25000153F0C3C173FBB7F183FF8C1193FC50263
:10E260001B3F0F421C3FD87F1D3F0EBC1E3FC2F616
:10E270001F3FF52F213F9467223FA19D233F2DD2C1
:10E28000243F0305263F5936273F0A66283F189446
:10E29000293F83C02A3F4AEB2B3F6E142D3FDE3BC4
:10E2A0002E3FAA612F3FC285303F15A8313FC5C818
:10E2B000323FC0E7333F00FF00F704353F682036A8
:10E2C0003F263A373F1E52383F4068393F9E7C3ADE
:10E2D0003F368F3B3F0AA03C3FF7AE3D3F1FBC3E61
:10E2E0003F60C73F3FDDD0403F73D8413F22DE4211
:10E2F0003FFCE1433FEFE3443FFCE3453F22E2467E
:10E300003F61DE473FBAD8483F0BD1493F86C74AF5
:10E310003FF9BB4B3F75AE4C3F0A9F4D3F978D4E2B
:10E320003F1C7A4F3FAA64503F404D513FCE33527D
:10E330003F4418533FC2FA533F38DB543F95B95519
:10E340003FEA95563F2670573F5A48583F641E593A
:10E350003F67F2593F50C45A3F21945B3FC8615C0C
:10E360003F562D5D3FBAF65D3F06BE5E3F27835F99
:10E370003F2046603FEE06613F93C5613F0E8262DB
:10E380003F603C633F77F4633F54AA643F075E6598
:10E390003F800F663FCFBE663FD36B673FAD1668C9
:10E3A0003F3CBF683F9065693FAB096A3F7AAB6A03
:10E3B0003F0E4B6B3F57E800FF006B3F66836C3F9F
:10E3C000191C6D3F92B26D3FBF466E3FA1D86E3FA4
:10E3D00038686F3F73F56F3F6380703F0709713F87
:10E3E000508F713F4D13723FFF94723F4414733F3F
:10E3F0003F91733FDD0B743F1F84743F05FA743FF8
:10E400008F6D753FCEDE753F904D763F06BA763FF5
:10E410001024773FBD8B773F0FF1773FF453783F60
:10E420007CB4783F9912793F486E793F9BC7793F1A
:10E43000821E7A3FFC727A3F19C57A3FBA147B3F3D
:10E44000FE617B3FC5AC7B3F30F57B3F2E3B7C3F85
:10E45000AE7E7C3FC2BF7C3F7AFE7C3FB43A7D3FBC
:10E4600071747D3FD2AB7D3FB5E07D3F2B137E3F86
:10E4700024437E3FB0707E3FD09B7E3F72C47E3F80
:10E4800096EA7E3F5E0E7F3F982F7F3F664E7F3F2E
:10E49000C66A7F3FA9847F3F209C7F3F07B17F3FB3
:10E4A00093C37F3F91D37F3F22E17F3F46EC7F3F85
:10E4B000EDF47F3F16FB7F3F1C04C1FE7F0004325A
:10E4C00080082110211821202128213021382140C5
:10E4D0002148215021582160216821702178218014
:10E4E00021882190219821A021A821B021B821C004
:10E4F00021C821D021D821E021E821F021F82500F0
:10E5000025082510251825202528253025382540C3
:10E5100025482550255825602568257025782580B3
:10E5200025882590259825A025A825B025B825C0A3
:10E5300025C825D025D825E025E825F025F829008F
:10E540002908291029182920292829302938294063
:10E550002948295029582960296829702978298053
:10E5600029882990299829A029A829B029B829C043
:10E5700029C829D029D829E029E829F029F82D002F
:10E58000032D08032D10032D18032D20032D280320
:10E590002D30032D38032D40032D48032D50032D1E
:10E5A00058032D60032D68032D70032D78032D80F3
:10E5B000033D88031D90032D98032DA0032DA80370
:10E5C0002DB0032DB8032DC0032DC8032DD0032D6E
:10E5D000D8032DE0032DE8032DF0032DF8032D00C3
:10E5E000042D08042D10042D18042D20042D2804BA
:10E5F0002D30042D38042D40042D48042D50042DB9
:10E6000058042D60042D68042D70042D78042D808D
:10E61000042D88042D90042D98042DA0042DA80409
:10E620002DB0042DB8042DC0042DC8042DD0042D08
:10E63000D8042DE0042DE8042DF0042DF8042D005D
:10E64000052D08052D10052D18052D20052D280553
:10E650002D30052D38052D40052D48052D50052D53
:10E6600058052D60052D68052D70052D78052D8028
:10E67000052D88052D90052D98052DA0052DA805A3
:10E680002DB0052DB8052DC0052DC8052DD0052DA3
:10E69000D8052DE0052DE8052DF0052DF8052D00F8
:10E6A000062D08062D10062D18062D20062D2806ED
:10E6B0002D30062D38062D40062D48062D50062DEE
:10E6C00058062D60062D68062D70062D78062D80C3
:10E6D000062D88062D90062D98062DA0062DA8063D
:10E6E0002DB0062DB8062DC0062DC8062DD0062D3E
:10E6F000D8062DE0062DE8062DF0062DF8062D0093
:10E70000072D08072D10072D18072D20072D280786
:10E710002D30072D38072D40072D48072D50072D88
:10E7200058072D60072D68072D70072D78072D805D
:10E73000072D88072D90072D98072DA0072DA807D6
:10E740002DB0072DB8072DC0072DC8072DD0072DD8
:10E75000D8072DE0072DE8072DF0072DF8071C0539
:10E760004A310D2500081EBB00081EBC00081EBC57
:10E77000000812BC2812BC301EBD00081EBD0008D7
:10E780001EBD000812BD5012BD581EBD00081EBDA2
:10E7900000081EBD000812BD781EBD000812BD880D
:10E7A00012BD901EBD00081EBD000812BDA812BEFD
:10E7B000B012BEB81EBE00081EBE00081EBE000875
:10E7C00012BED812BEE01EBE000812BEF012BEF885
:10E7D0001EBE00081EBE00081EBE000816BE18168B
:10E7E000BE201EBE000816BE301EBE00081EBE00A3
:10E7F000081EBE000816BE5016BE581EBE000816E3
:10E80000BE6816BE701EBE000816BE801EBE000882
:10E810001EBE00081EBE00081EBE000816BEA816BA
:10E82000BEB01EBE000816BEC01EBE00081EBE0042
:10E830000816BED816BEE01EBE000816BEF016BEF4
:10E84000F81EBE00081EBE00081EBE00081EBE0048
:10E85000081ABE201ABE281EBE00081EBE00081ED2
:10E86000BE00081ABE481EBE00081EBE00081ABE22
:10E87000601EBE00081ABE701EBE00081ABE801AB6
:10E88000BE881EBE00081ABE981EBE00081EBE002E
:10E89000081ABEB01ABFB81ABFC01EBF00081ABF00
:10E8A000D01EBF00081EBF00081ABFE81EBF000828
:10E8B0001EBF00081EBF00031EBF08031EBF0008C6
:10E8C0001EBF18031EBF20031EBF00081EBF30035B
:10E8D0001EBF38031EBF00081EBF00081EBF500326
:10E8E0001EBF00081EBF60031EBF68031EBF0008D6
:10E8F0001EBF78031EBF80031EBF88031EBF900388
:10E900001EBF00081EBF00081EBFA8031EBF0008D0
:10E910001EBF00081EBFC0031EBF00081EBF0008A8
:10E920001EBFD8031EBFE0031EBF00081EBF0008A5
:10E930001EBF00081EBF00041EBF08041EBF100437
:10E940001EBF00081EBF00081EBF28041EBF3004E3
:10E950001EBF00081EBF00081EBF48041EBF0008DF
:10E960001EBF00081EBF60041EBF00081EBF0008B7
:10E970001EBF00081EBF80041EBF88041EBF000803
:10E980001EBF98041EBFA0041EBF00081EBFB00417
:10E990001EBFB8041EBF00081EBF00081EBF00082F
:10E9A0001EBF00081EBF00081EBF00081EBFF004E7
:10E9B0001EBFF8041EBF00051EBF00081EBF1005C5
:10E9C0001EBF18051EBF00081EBF00081EBF300571
:10E9D0001EBF38051EBF00081EBF00081EBF500521
:10E9E0001EBF58051EBF60051EBF00081EBF0008E1
:10E9F0001EBF00081EBF80051EBF88051EBF000881
:10EA00001EBF98051EBFA0051EBF00081EBF000840
:10EA10001EBF00081EBFC0051EBFC8051EBFD00513
:10EA20001EBF00081EBFE0051EBFE8051EBFF005A3
:10EA30001EBF00081EBF00061EBF00081EBF000844
:10EA40001EBF00081EBF20061EBF28061EBF0008EE
:10EA50001EBF38061EBF40061EBF00081EBF0008AE
:10EA60001EBF58061EBF60061EBF00081EBF7006F0
:10EA70001EBF78061EBF00081EBF00081EBF00088C
:10EA80001EBF98061EBFA0061EBF00081EBFB00610
:10EA90001EBF00081EBF00081EBFC8061EBFD0064E
:10EAA0001EBF00081EBF00081EBF00081EBFF006E4
:10EAB0001EBFF8061EBF00081EBF00081EBF1007BD
:10EAC0001EBF18071EBF00081EBF00081EBF30076C
:10EAD0001EBF38071EBF40071EBF00081EBF00082C
:10EAE0001EBF58071EBF60071EBF00081EBF0008DC
:10EAF0001EBF78071EBF80071EBF88071EBF000805
:10EB00001EBF00081EBF00081EBF00081EBFB007C2
:10EB10001EBFB8071EBF00081EBF00081EBFD007DB
:10EB20001EBFD8071EBF00081EBFE8071EBFF007A4
:10EB30001EBFF8071EBF0008310821102118212030
:10EB4000212821302138214021482150215821609D
:10EB5000216821702178218021882190219821A08D
:10EB600021A821B021B821C021C821D021D821E07D
:10EB700021E821F021F82500250825102518252059
:10EB8000252825302538254025482550255825603D
:10EB9000256825702578258025882590259825A02D
:10EBA00025A825B025B825C025C825D025D825E01D
:10EBB00025E825F025F829002908291029182920F9
:10EBC00029282930293829402948295029582960DD
:10EBD000296829702978298029882990299829A0CD
:10EBE00029A829B029B829C029C829D029D829E0BD
:10EBF00029E829F029F82D00032D08032D10032DF5
:10EC000018032D20032D28032D30032D38032D400C
:10EC1000032D48032D50032D58032D60032D680349
:10EC20002D70032D78032D80033D88031D90032D47
:10EC300098032DA0032DA8032DB0032DB8032DC0DC
:10EC4000032DC8032DD0032DD8032DE0032DE80399
:10EC50002DF0032DF8032D00042D08042D10042D94
:10EC600018042D20042D28042D30042D38042D40A7
:10EC7000042D48042D50042D58042D60042D6804E3
:10EC80002D70042D78042D80042D88042D90042DE2
:10EC900098042DA0042DA8042DB0042DB8042DC077
:10ECA000042DC8042DD0042DD8042DE0042DE80433
:10ECB0002DF0042DF8042D00052D08052D10052D2F
:10ECC00018052D20052D28052D30052D38052D4042
:10ECD000052D48052D50052D58052D60052D68057D
:10ECE0002D70052D78052D80052D88052D90052D7D
:10ECF00098052DA0052DA8052DB0052DB8052DC012
:10ED0000052DC8052DD0052DD8052DE0052DE805CC
:10ED10002DF0052DF8052D00062D08062D10062DC9
:10ED200018062D20062D28062D30062D38062D40DC
:10ED3000062D48062D50062D58062D60062D680616
:10ED40002D70062D78062D80062D88062D90062D17
:10ED500098062DA0062DA8062DB0062DB8062DC0AC
:10ED6000062DC8062DD0062DD8062DE0062DE80666
:10ED70002DF0062DF8062D00072D08072D10072D64
:10ED800018072D20072D28072D30072D38072D4077
:10ED9000072D48072D50072D58072D60072D6807B0
:10EDA0002D70072D78072D80072D88072D90072DB2
:10EDB00098072DA0072DA8072DB0072DB8072DC047
:10EDC000072DC8072DD0072DD8072DE0072DE80700
:10EDD0002DF0072DF807DDCB115D17121D99111DC0
:10EDE00010119E2890110E310A18121E9075129E55
:10EDF00084E4111EB46C101E64A41043E803698FF0
:08EE0000E803401221010000AB
:04000005080000ED02
:00000001FF
