:020000040800F2
:10000000A839002001020008A3630008555F00081A
:10001000A16300084D240008718E00080000000054
:10002000000000000000000000000000AD730008A8
:10003000D125000800000000F1670008CB7400081B
:100040001B0200081B0200081B0200081B0200081C
:100050001B0200081B0200081B0200081B0200080C
:100060001B0200081B0200081B0200081B020008FC
:100070001B0200081B0200081B0200081B020008EC
:100080001B0200081B020008752200081B02000862
:10009000DD8D00081B0200081B0200081B0200087F
:1000A0001B0200081B0200081B0200081B020008BC
:1000B00055750008617500081B0200081B02000846
:1000C0001B0200081B0200081B0200081B0200089C
:1000D0001B0200081B0200081B0200081B0200088C
:1000E0001B0200081B0200081B02000800F002F8B7
:1000F00000F077F80AA090E8000C82448344AAF14B
:100100000107DA4501D100F06CF8AFF2090EBAE848
:100110000F0013F0010F18BFFB1A43F0010318473B
:10012000A0DE0000C0DE000010F8013B0A4413F01E
:10013000030408BF10F8014B1D1108BF10F8015B44
:10014000641E05D010F8016B641E01F8016BF9D133
:10015000002D15D010F8014B03F00C030C2BA1EB74
:1001600004040ABF10F8013BA4EB8314A4EB03249E
:1001700005F1010314F8016B5B1E01F8016BF9D561
:10018000914238BF10F8013BD1D3704700230024BF
:1001900000250026103A28BF78C1FBD8520728BF97
:1001A00030C148BF0B60704766290DF0FA8564299D
:1001B00000F0AE80732900F03E85002070471FB527
:1001C00000F0CAFD0400002000210CF025FC401CBA
:1001D0006060002000210CF035FCE0601FBD10B510
:1001E00010BD00F029FF1146FFF7E9FF0AF09EFD60
:1001F00001F0A8F903B4FFF7F2FF03BC01F012FC11
:100200000948804709480047FEE7FEE7FEE7FEE7AA
:10021000FEE7FEE7FEE7FEE7FEE7FEE704480549E6
:10022000054A064B7047000053750008ED000008B2
:10023000A82D0020A8390020A8310020A8310020D6
:10024000B2F120030AD5C2F1200320FA02F001FA2C
:1002500003F321FA02F140EA0300704721FA03F0A8
:100260004FF00001704710B5044600F02FFA006807
:10027000005D000704D5DF2C02D0A4F1200010BDE2
:10028000204610BD0FB47CB50C0009AA009001D027
:100290002044401E084B7B4469460190089800F0BA
:1002A00098FC05461CB10020694600F0A5FC2846D4
:1002B0007CBC5DF814FB00006909000070B50C46B9
:1002C0000546012A05D02878800600D5EA69002372
:1002D00002E0012305E05B1C934202D2E05C0028AF
:1002E000F9D1A869E618C01AA861286A18442862DA
:1002F0002846AFF3008004E0D5E9012114F8010B92
:100300009047B442F8D32846AFF3008070BD000098
:100310002DE9F0410646002410687529314616A5DE
:1003200010D0AFF30080002802DA404213A507E0A6
:1003300031688A0701D512A502E0490704D511A545
:10034000012401E0AFF3008000210A2206F1240716
:1003500009E0B0FBF2FCB0FBF2F302FB1C00303012
:1003600078541846491C0028F3D123462A463046C3
:10037000BDE8F04100F0C1B9000000002D00000010
:100380002B000000200000002DE9F0474FF0000A8C
:1003900089460446C0F820A02046E1688847002826
:1003A00076D0252806D0D4E901219047206A401C48
:1003B0002062F1E7E168204600258847C4F81CA0C8
:1003C00006460027C4F818A02A2E09D0304608F0A7
:1003D000DEFD38B304EB8708303EC8F8186019E03A
:1003E00059F8041B204604EB87029161E1688847B5
:1003F000012F064618D1E069002820DA25F02005F3
:100400001DE0D8F8180000EB800006EB4000303803
:10041000C8F818002046E1688847064608F0B7FD8E
:100420000028EED1012F0AD02E2E08D12046E168F7
:1004300088477F1C0646022F45F02005C4DBA069D3
:10044000002803DA404245F00105A061E80701D029
:1004500025F01005B6B1A6F14100192802D82036C2
:1004600045F400654A463146204625604D46FFF773
:100470009BFE58B1012806D0ED1D25F0070000F1C4
:10048000080989E704E005F1040985E730468AE7B1
:10049000206ABDE8F08770B5064600F01FF90468D1
:1004A000054630460A22002100F01AFC2C6070BD7F
:1004B00040EA010370B59B072ED14FF00136042AA4
:1004C0002AD308C810C99D1B9D43121F15EAC615E3
:1004D00017D0D8B2E1B2401A50EA056110D198B2F3
:1004E000A1B2401A50EA05410AD123F07F4024F01E
:1004F0007F41401A50EA052102D1180EA0EB14608A
:1005000070BDA342DBD018BA21BA884201D90120BC
:1005100070BD4FF0FF3070BD0AB9002070BD10F8FB
:10052000013B11F8014B63B1A3420AD1521E08D01E
:1005300010F8013B11F8014B1BB1A34201D1521E2F
:10054000EDD1181B70BD032A40F2308010F0030C6F
:1005500000F0158011F8013BBCF1020F624498BF16
:1005600011F801CB00F8013B38BF11F8013BA2F1B3
:10057000040298BF00F801CB38BF00F8013B11F02E
:10058000030300F02580083AC0F0088051F8043BCE
:10059000083A51F804CBA0E80810F5E7121D5CBF3B
:1005A00051F8043B40F8043BAFF30080D20724BF6E
:1005B00011F8013B11F801CB48BF11F8012B24BF02
:1005C00000F8013B00F801CB48BF00F8012B704751
:1005D00010B5203AC0F00B80B1E81850203AA0E8DE
:1005E0001850B1E81850A0E81850BFF4F5AF5FEA12
:1005F000027C24BFB1E81850A0E8185044BF18C9C5
:1006000018C0BDE810405FEA827C24BF51F8043B6B
:1006100040F8043B08BF7047D20728BF31F8023BBF
:1006200048BF11F8012B28BF20F8023B48BF00F853
:10063000012B70474FF000020429C0F0128010F027
:10064000030C00F01B80CCF1040CBCF1020F18BFAE
:1006500000F8012BA8BF20F8022BA1EB0C0100F041
:100660000DB85FEAC17C24BF00F8012B00F8012B14
:1006700048BF00F8012B70474FF0000200B5134649
:1006800094469646203922BFA0E80C50A0E80C50B2
:10069000B1F12001BFF4F7AF090728BFA0E80C5063
:1006A00048BF0CC05DF804EB890028BF40F8042B5C
:1006B00008BF704748BF20F8022B11F0804F18BFC9
:1006C00000F8012B704770477047704710B500F075
:1006D00043FB001D10BD00BF41C300000048704730
:1006E000482D002010B5FFF7F9FF006810BD10B5C8
:1006F0000446FFF7F3FF046010BD2DE9F0470D46F7
:1007000099469246044600F124080168880604D5FB
:10071000E06921F01001216000E00120A84201DD24
:10072000471B00E00027A1697A1902EB0900081AAB
:10073000A0612078C00602D42046AFF300800026D6
:1007400008E0D4E901211AF806009047206A401C0D
:10075000761C20624E45F4DB2078C0060AD5204680
:10076000AFF3008006E0D4E9012130209047206AF1
:10077000401C2062381EA7F10107F4DC07E0D4E931
:10078000012118F805009047206A401C2062281EAD
:10079000A5F10105F3DC2046AFF3008020780006C8
:1007A00002D50220BDE8F0870120FBE770472DE964
:1007B000FF4F0C461E464FF0FF378BB0D2E90001C9
:1007C000DDF860800A908A46C1F30A5505B93D46B6
:1007D000002108464FF00000BAF1000F00F440007D
:1007E00005DA00EB80004FF4400101EA50004FEAC7
:1007F0009059B9F1010F00DDB9460A9850EA4A0054
:100800000ED044F61050A5F2FF3545432F14B8F131
:10081000000F1ED07542291E1EDDC9F100021CE02A
:10082000B8F1010F4FF0000001D0302103E0F24396
:1008300005E02154401CB042FBDB30460022002181
:1008400021540B99C1F80880C1E900200FB0BDE820
:10085000F08FBD1B6D1CDEE74A4600DA694206A830
:1008600000F07CFB06AB93E8070003AB83E80700CE
:1008700050460A9901F0F0F88DE80700A0F5005005
:100880001F3800900398002D09DD42F21F014A46EF
:10089000084403A90390684601F079FB08E0A0F53D
:1008A00000504A461F3803A90390684601F097FBA1
:1008B0008DE807000004000C03D04FF0FF30410822
:1008C00000E01046B8F1000F03D000220092154658
:1008D0001EE0751E05D400F043FA303262556D1EDD
:1008E000F9D5B3460122084302D000227F1C04E060
:1008F0002078302801D100227F1E002A099786D057
:100900001DE0112D07DA00F02BFA303262556D1C14
:1009100050EA0102F5D1084302D00098C8B10EE0B8
:100920000021681E05E0235C625C63542254401E73
:10093000491C8142F7DBAB46A81B401E09900020F2
:1009400004F80B000B98099AC0F80880C0E9002B46
:100950007CE711264FF0000859E72DE9F04F884653
:100960000446D21D22F0070191B0D1E90001CDE982
:100970000A0108F07EFA02460B98C00F01D02D2024
:1009800007E02068810701D52B2002E0202101EA41
:10099000C000032A099001D0072A05DB034641461F
:1009A000204600F02BFA0BE12078800601D5E069A3
:1009B00000E00620B8F1650F814606D0B8F1660F59
:1009C00018D0B8F1670F70D131E00020B9F1110FE4
:1009D000009001DB112301E009F101030AAA01A93A
:1009E0000CA8FFF7E4FEDDE90C70002609F1010513
:1009F000834647E001204B4600904FF000470AAA8B
:100A000001A90CA8FFF7D3FEDDE90DB00C995D46F6
:100A1000002610B909F101000D18B9EB050003D447
:100A2000C0F1FF3609F10105A5EB09002BE0B9F192
:100A3000010F01DA4FF001090020B9F1110F009008
:100A4000484601DD112300E003460AAA01A90CA8CB
:100A5000FFF7ADFEDDE90C704D4600268346207899
:100A600000070AD4AB4500DA5D4601A8012D04DD7C
:100A7000411911F8011C302907D04F4502DA17F14E
:100A8000040F04DA012082460FE06D1EEEE7002F0E
:100A900002DCED1B3E4403E0781CA84200DD7D1C17
:100AA000B81B00F1010A4FF000472078000703D47B
:100AB000AA4501DB4FF0FF3A0021B7F1004F0DF1DD
:100AC00043088DF8431024D002202B23002F01DA95
:100AD0007F422D230A21021EA0F1010000DC5FB13C
:100AE00097FBF1FC97FBF1F201FB1C7C17460CF124
:100AF000300C08F801CDEEE7A8F101000370218861
:100B0000090501D5452100E06521A0F1010800F8A3
:100B1000011C09980FA9A1EB0807FF1D00B10120D6
:100B2000411901EBEA70A1693844081A401EA0611E
:100B30002078C00602D42046AFF30080099828B17F
:100B4000D4E901219047206A401C20622078C00629
:100B500022D52046AFF300801EE0002E04DBB34513
:100B600002DD01A8805D00E03020D4E9012190473A
:100B7000206A401C2062761CAAF101005FEA000A8C
:100B80000AD100F0E9F8C0680168405CD4E90121AD
:100B90009047206A401C2062281EA5F10105DCDC7C
:100BA00007E0D4E9012118F8010B9047206A401CA6
:100BB0002062381EA7F10107F3DC2046AFF3008066
:100BC000032011B043E6000001694A1C0261087865
:100BD000704700B58FB0CDE901310021059105497D
:100BE0007944CDE9031011466846FFF7CDFB0FB0FD
:100BF00000BD0000E5FFFFFF0A6802F8010B0A6074
:100C00007047D1E900239A4202D2531C0B60107046
:100C1000704710B5436913B1AFF3008001E0FFF7EF
:100C20004DFB012010BD127800F124010A70002252
:100C30004A700122EDE711684FF0FF32E9E700004A
:100C40000FB4002300B589B00CA900910B99CB60BB
:100C5000204B7B440693204B7B44079304236FF087
:100C60000042CDE901321D4A7A446B4608920246A1
:100C700000200DF01EF909B05DF814FB70B50646B2
:100C80004FF0FF3015460C46324686B00091CDE954
:100C9000010169460020049004A8FFF7D1FF034634
:100CA0000498211825B108B10A4600E022462A60BE
:100CB00000280DD0002B02DD0098884208D0324673
:100CC000081B69460094CDE9010404A8FFF7B8FFAA
:100CD00006B070BD270200003F0200007F01000047
:100CE0002DE9F04791460F4680460446002614F849
:100CF000015B2DB1FFF7EAFC0068405DC007F6D14B
:100D00002B2D02D02D2D18D0641E4A463946204680
:100D100000F0D4F827B13968A14201D1C7F80080AA
:100D20004FF0020471050BD54042002803DDFFF7A8
:100D3000D5FC0460A007BDE8F08746F48066E4E7D0
:100D40000028F8DAFFF7CAFC04606FF00040F2E711
:100D500000487047482D002000487047682D00204B
:100D600030B5B0F10A024FEA900E71F100034EEA7D
:100D7000817EB0EB0E0061EB91014FEA101E4EEA4E
:100D8000017E10EB0E0041EB11114FEA102E4EEADE
:100D9000016E10EB0E0041EB11214FEA104E4EEAAE
:100DA000014E10EB0E0041EB1141401841F10001E2
:100DB0004FEAD00040EA41704FEAD10110EB8005C4
:100DC0004FEA810444EA907444EB01046D1944EB4A
:100DD0000404521BA3414FF0000348BF0A3200D560
:100DE00030BD401C41F1000130BD10B50446FFF795
:100DF0006DFC0068005D00F0010010BD2DE9F041C0
:100E00001F46044603260168072A01F4006004DB3C
:100E100008B116A505E016A503E008B115A500E088
:100E200015A521F010002060A069C01EA0610FB1BF
:100E3000401EA0612046AFF300804FB1D4E90121EC
:100E400038469047206A401C2062C01C206206E0A1
:100E5000206AFAE7D4E9012115F8010B9047761EC4
:100E6000F8D22046AFF30080BDE8F0814E414E003D
:100E70006E616E00494E4600696E6600426842B17E
:100E8000016811F8013B23B1521EC0E90012184657
:100E900070470121C160881E704742685AB1C3681B
:100EA000016843B983688B4205D0491E521CC0E9D2
:100EB0000012002070474FF0FF3070472DE9F05FBF
:100EC000824615468B4600270AF10104B946007890
:100ED000302801D09DB113E014F8010B01277828C8
:100EE00003D0582801D045B10AE00DB1102D07D12B
:100EF000002714F8010B102502E0082500E00A2560
:100F00000026B0460EE005FB080005FB06F10127B0
:100F10001FFA80F801EB1046B6F5803F00D3B946C2
:100F200014F8010B294600F0ACF80028EBDABBF10D
:100F3000000F05D00FB1641E00E05446CBF800400E
:100F4000B9F1000F06D0FFF7C9FB02210160C81EEE
:100F5000BDE8F09F48EA0640FAE700002DE9F047B7
:100F6000814616468AB0334878440DC88DE80D0096
:100F700030487844801C03AC0DC884E80D0041F66D
:100F80009B300844372190FBF1F290FBF1F5A5F17D
:100F9000800501FB12041B3C02D56442012000E0E5
:100FA0000020DFF890A080460027FA44AAF1BE0A8C
:100FB0000DE0E00709D03246684607EB47010AEB2F
:100FC000810101F00CF88DE8070064107F1C002CF3
:100FD000EFD1184F7F44AC3F18E0E80714D007EB7F
:100FE00004100DF1180A90E80E008AE80E00C0689F
:100FF000F04201D198190890324606A903A800F0E2
:10100000EEFF03AB83E807006D10641C002DE4D1F4
:1010100032466946B8F1000F03A802D000F0B7FFCE
:1010200001E000F0DCFFC9E90001C9F808200AB0BE
:10103000BDE8F0873CD000007546FFF789FEAE465C
:1010400005006946534620F00700854618B020B5D4
:10105000FFF7E4F8BDE820404FF000064FF000072E
:101060004FF000084FF0000B21F00701AC46ACE850
:10107000C009ACE8C009ACE8C009ACE8C0098D46BD
:1010800070473A2800D2303820F02002412A01D39C
:10109000A2F13700884201D34FF0FF3070470000C3
:1010A0002DE9FF4F064689B00878FF2806D0491C75
:1010B0002D2805D000244FF0000908E000200CE0A6
:1010C0000124F8E709EB8903491C00EB4309087880
:1010D000FF28F7D114B1C9F100008146107800252E
:1010E0002C46AA4629462D2801D02B2804D1521C73
:1010F0002D2813D0002082468B461078FF280FD071
:101100004FF0000C0A21521CA5FB017804FB018161
:1011100005FB0C11C5194BEB0104EEE70120EAE7D2
:10112000002108464FF00000BAF1000F02D000EB9A
:1011300080004008C0F38158B8F1010F01DD4FF085
:10114000FF380C9809EB000755EA040009D04FF06E
:10115000020917F5FA7F0BDA4FEACA70C6E900B048
:1011600012E04FEACA70C6E900B00DB0BDE8F08FDA
:10117000B7F5FA7F0DDDF0487844D0E90010C6E9F4
:10118000001040EACA707060FFF7A8FAC0F800903B
:10119000EBE7391E02DAC8F1000200E0424600DA4D
:1011A000794206A8FFF7DAFE06AB93E8070003AB27
:1011B00083E8070044F23E005BEA040100905846D1
:1011C00004D144F21E012C465D460091210C090415
:1011D000014306D10099240444EA15442D04103932
:1011E000009104F07F41014306D10099240244EAB2
:1011F00015642D020839009104F07041014306D1B5
:101200000099240144EA15742D01091F009104F08E
:101210004041014306D10099A40044EA9574AD0011
:10122000891E009104F00041084304D100986D1913
:101230006441401E009042466846002FCDE90145BA
:1012400003A902DD00F0DFFE01E000F0B4FEBAF118
:10125000000F04460D4601D084F0004440F2FF77B1
:1012600024F00040284303D0C4F30A50B84212D1FE
:10127000FFF734FAC0F80090C4F30A50B8420AD11C
:10128000AE487844D0E90010C6E9001004F00041EF
:101290000843706069E7C6E9005466E72DE9FF4F2F
:1012A0001F464FF0000A4FF0FF38454691B0D7E98E
:1012B0000146CDF83CA0FFF74FFDC0680168405CD7
:1012C0001090B96912986D1C8847396A8146884721
:1012D0000028F6D1B9F1FF3F0AD0002E24F4D064E3
:1012E00011DDB9F12B0F08D0B9F12D0F0BD102E0B0
:1012F000404615B03AE744F48064B96912986D1C11
:101300008847761E8146600504A901D52D2000E09E
:101310002B20002E01F1010B0DF130088DF810008B
:101320003FDDB9F1690F08D0B9F1490F05D0B9F126
:101330006E0F02D0B9F14E0F1CD13B4601A80095AB
:1013400080E85002DDE912126FF002000CF0B5FDEA
:10135000C11CCED10EE0B96912986D1C8847814638
:101360001398761E44F4007405600F98401C002EFC
:101370000F9016DDB9F1300FEDD0B9F1780F02D032
:10138000B9F1580F0DD10F9801280AD13B46CDE98C
:101390000054DDE91212001F02960CF08CFDC11CF6
:1013A000A7D1109989453ED144F0800406E01399F5
:1013B000681CAAF1010A44F400740860B9696D1C44
:1013C0001298761E884730288146F0D02BE010997D
:1013D000894505D1200603D4761E44F0800418E028
:1013E000484607F0D4FD08B3761E0DF123018B4566
:1013F00044F4007408D2A9F130000BF8010B200668
:1014000007D5AAF1010003E0200602D40AF1010089
:101410008246A00502D51399681C0860B969129824
:101420006D1C88478146002ED1DC53E0002E51DD33
:10143000B9F1650F02D0B9F1450F4BD1A00549D5DF
:10144000B9696D1C1298761E24F440748847002EEA
:1014500081460CDD2B2804D0B9F12D0F07D144F4BF
:101460008074B96912986D1C8847761E8146E00524
:1014700001D52D2100E02B2108F8011BCDF80080BB
:1014800021E0761E0DF13901884544F400740CD238
:10149000A9F1300010F0FF0088F8000002D1009997
:1014A000884509D908F1010806E0E00501D524487E
:1014B00001E042F20F708246B96912986D1C8847AC
:1014C000814613980560002E04DD484607F05FFD55
:1014D0000028D6D1F96912988847FF2053468BF827
:1014E000000088F8000000200A900B9004AA0CA9C4
:1014F0000AA8FFF7D5FDA00502D46FF00100F8E6B9
:1015000014F0240F0AD0E00714D13868DDE90A127C
:10151000031D3B600068C0E900120BE00AA96846A1
:1015200007F0DEFCE00705D13868009A011D39603C
:10153000006802602846DCE664CE00005ACD000058
:10154000F1D8FFFF10B50446AFF300802046BDE898
:101550001040FEF74FBE00004FF0013C50F8042B46
:1015600051F8043B9A4221D1A2EB0C03934313EAB6
:10157000CC1317D150F8042B51F8043B9A4215D1E3
:10158000A2EB0C03934313EACC130BD150F8042BBA
:1015900051F8043B9A4209D1A2EB0C03934313EA9E
:1015A000CC13DBD04FF00000704700BFD01A01BA57
:1015B000B1FA81F101F0180122FA01F0CB40C1F13A
:1015C0002001DBB2C0B2C01A2CFA01F3D11A914348
:1015D00011EAC311E6D170472DE9FF4F1F464FF0C6
:1015E0003C0987B04FF00042DDE9141001F1010819
:1015F000DDF858A002EA4050039000200490834692
:10160000054604460590B969461E08988847AAF120
:10161000010A0290BAF1000F37DD02982E2815D08A
:101620001021FFF72EFD00282ADB4FF0010B049953
:10163000014316D0B9F1000F0BDB4A46C11700F089
:10164000F7F905430C43A9F1040905E001200590D1
:1016500007E008B145F0010501200490059800B9A4
:10166000361DB969089808F101088847BBF1000FD9
:10167000AAF1010A0290CDD00999C1F80080C9E70A
:101680000298702808D0502806D0F9690898884731
:10169000BBF1000F14D04FE0002002900120BBF1FD
:1016A000000F049009D0B969089808F1010888472B
:1016B000AAF10109B9F1000F07DCF9690898884718
:1016C0006FF001000BB0BDE8F08F2B2804D02D285F
:1016D0000CD14FF0FF300490B969089808F1010867
:1016E0008847A9F10109B9F1000FE6DD411CE4D0FA
:1016F0000A21FFF7C6FC0028DFDB029908F1010888
:1017000001EB810100EB41000290B969089888471C
:101710000A21FFF7B6FC099AA9F10109B9F1000FF6
:10172000C2F8008001DD0028E7DAF96908988847E7
:101730000499029800FB016655EA040004D004F005
:101740004041090002D006E0039898E0A40044EA72
:101750009574AD00B61E04F00041080002D16D1969
:101760006441761E159810F0240F03D04FF00B093A
:101770005C4803E04FF028096FF07D008246564533
:1017800007DAAAEB06018944B9F1410F01DD4FF0F8
:10179000410901200021A9F1010200F049F90246A6
:1017A00028400B462140084301D0012100E00021E0
:1017B000501E029143F1FF3128402140084301D0DF
:1017C000012000E000200299834651EA0B014FD02E
:1017D000002108464FF00000039900F4400039B1A1
:1017E00000EB80004FF4400100EBD07001EA600094
:1017F0008015012802DD4FF0FF3000E013D0401CBF
:1018000036D0029860B3BBF1000F0CD14A460120DC
:10181000002100F00DF928402140084301D00120AB
:1018200000E00020E0B101204A46002100F000F96C
:10183000034640190A4661412D1A8C4111D3B9F172
:10184000400F09DD159810F0240F02D0AAF13406DC
:1018500003E0AAF1170600E0761C00254FF00044D3
:1018600006E05B1E42F1FF3220EA030521EA020492
:10187000CAF10100B04206DA1B49039808430190FF
:10188000002000900EE0039AC4F3D321E80A0A4333
:10189000164940EA44500A433146CDE90002684601
:1018A00007F06AFB159810F0240F0BD01598C007AD
:1018B00015D13868DDE90012031D3B600068C0E9FE
:1018C00000120CE002A8694607F00AFB1598C00751
:1018D00005D13868029A011D3960006802604046EF
:1018E000F0E6000002FCFFFF0000F07F0000F03F88
:1018F0002DE9FF4F92461D4685B04FF00041DDE9CE
:10190000124BDDE914727F1E01EA4B50414940F051
:10191000FF4940EA0108002122F0200049280491F3
:1019200002D04E2828D04CE03BA0012607C88DE805
:101930000700A9690698641C88477F1E014606D4E3
:101940001DF8060018B121F0200181420BD0E96991
:1019500006988847032E34D0082E32D06FF001004D
:1019600009B0BDE8F08F761C032E01D0082EE0D11F
:10197000601CCAF80000DCE7A9690698641C884767
:101980007F1E2AD420F02000412826D1A96906987C
:10199000641C88477F1E20D420F020004E281CD1D4
:1019A000A9690698641C88477F1E48F4002849F4FA
:1019B0008009CAF8004001D4282806D0E9690698B1
:1019C00088475FEACB7012D022E0A9690698641CB0
:1019D00088477F1E01D4002803DAE9690698884702
:1019E000BCE72928F1D1641CCAF80040E9E71BF0E4
:1019F000240F07D028680499031D2B600068C0E9F4
:101A0000001805E02868021D2A600068C0F80090F0
:101A10002046A5E70000F07F494E46494E495459FB
:101A20000000000001491820ABBEFEE726000200BE
:101A3000B2F120030AD5C2F1200301FA02F120FA23
:101A400003F300FA02F041EA0301704700FA03F1E0
:101A50004FF00000704770475FEA400C08BF91F0FC
:101A6000000F4FEA8C234FEAC12243EA51514FEA5B
:101A70001C5018BF00F5F0404FEA300018BF41F08D
:101A800000415FEA6C5C00F02980BCF1FF3F08BFB9
:101A900040F080407047130C06BF12044FF0100C4A
:101AA0004FF0000C130E04BF12020CF1080C130FC0
:101AB00004BF12010CF1040C930F04BF92000CF14F
:101AC000020CD30F04BF52000CF1010C11464FF071
:101AD0000002A0F11F00A0EB0C00704711F0004FB6
:101AE00008BF704731F000413FF4D5AF0B0C06BF83
:101AF00009044FF0100C4FF0000C0B0E04BF09024C
:101B00000CF1080C0B0F04BF09010CF1040C8B0F36
:101B100004BF89000CF1020CCB0F04BF49000CF18B
:101B2000010CCCF12003A0EB0C0022FA03F302FA23
:101B30000CF241EA030100F10100704720F07F4CF4
:101B400080EA030023F07F47ACEB070303F57C53E7
:101B500000F0004003F1FF032DE980494FEA154BE7
:101B600009B44FEA144325EA0B4E24EA03480FF266
:101B7000042606EB132749083E785FEA320203FB8E
:101B80000667C7F5000707FB06F64FEA54374FEA2A
:101B9000D64606F1020607FB066CCCF1005C4FEA64
:101BA0001C472CEA074C07FB06F40CFB06F504EB7C
:101BB00015464FEA961634BF00204FF000404FEA1A
:101BC000D13706FB07FC4FEA1C4C0CFB0BF7D21B72
:101BD00003FB0CF761EB07010CFB0EF7B0EB0740C2
:101BE00072EB17420CFB08F734BFA2EB0742B2EBD3
:101BF000074261EB17414FEA0C444FEA910706FB9D
:101C000007FC4FEA1C4C0CFB0BF7B0EBC74072EB28
:101C1000573203FB0CF734BFA2EBC742B2EBC7420B
:101C200061EB57310CFB0EF7B0EBC70072EB57724C
:101C30000CFB08F734BFA2EBC702B2EBC70261EBA3
:101C40005771039F4FEA816141EA921104EBCC0482
:101C50004FEAD1374FEA826206FB07FC42EA901254
:101C60004FEA80604FEA1C4C0CFB0BF7D21B03FBC6
:101C70000CF761EB07010CFB0EF7B0EB074072EBC2
:101C800017420CFB08F734BFA2EB0742B2EB074246
:101C900061EB17414FEA8C554FEA910704EB9C2406
:101CA00006FB07FC4FEA1C4C0CFB0BF7B0EBC740E4
:101CB00072EB573203FB0CF734BFA2EBC742B2EB17
:101CC000C74261EB57310CFB0EF7B0EBC70072EB6C
:101CD00057720CFB08F734BFA2EBC702B2EBC70286
:101CE00061EB577115EB4C254FEA816141EA921186
:101CF0004FEA82624FEAD13742EA901206FB07FCB4
:101D000044F100044FEA80604FEA1C4C0CFB0BF7D7
:101D1000D21B03FB0CF761EB07010CFB0EF7B0EBDA
:101D2000074072EB17420CFB08F734BFA2EB0742E7
:101D3000B2EB074261EB174115EB1C154FEA8131FD
:101D400041EA92414FEA823242EA90424FEA8030C1
:101D50004FEA0C7644F1000448EA03434EEA0B488C
:101D60004FF0000EB2EB080C71EB030724BF624684
:101D700039464EEB0E0E4FF0000B00185241494110
:101D80004BEB0B0BB2EB080C71EB03077BF1000B79
:101D900024BF624639464EEB0E0E4FF0000B001882
:101DA000524149414BEB0B0BB2EB080C71EB0307B3
:101DB0007BF1000B24BF624639464EEB0E0E51EA12
:101DC000020718BF46F0010616EB0E7655F1000229
:101DD00054F1000103D5BDE88901BDE80088BDE8E4
:101DE0008901BDE80048B619524141EB0101A3F158
:101DF0000103704780807F7E7D7C7B7A797877765F
:101E000076757473727171706F6E6E6D6C6C6B6AD7
:101E10006A69686867666665646463636261616075
:101E2000605F5F5E5E5D5D5C5C5B5B5A5A595958F2
:101E3000585757565655555554545353525252515C
:101E4000515050504F4F4F4E4E4D4D4D4C4C4C4BB2
:101E50004B4B4A4A4A4949494848484747474746F9
:101E60004646454545444444444343434342424235
:101E70004241414146EA0646A3F570534FEA1646F1
:101E800046EA42564FEAD22242EA415210B54FEAA0
:101E9000D121A3F1010300F017F820F0004000F178
:101EA000010C00F0004701EB00501146BCF5006F3B
:101EB00040EA070000D210BD02484FF0000140EA9E
:101EC000070010BD0000F07F002B26D4770021D042
:101ED0001CB54FEA370703B44FF010004FF0100164
:101EE0004FF000000FBCBDE810400BF1010BBBF13F
:101EF000010F08BF5FEA170722BF12F1010211F1BB
:101F000001014FF0004143F1000300F0004043EABB
:101F100000007047F9D35708DAE746EA064613F19E
:101F2000400F4FEA16461FDD13F1200FDFBF1643A7
:101F30000A46002120335B42C8D0C3F1200746EA9D
:101F4000064602FA07F74FEA164646EA0706C3F1C5
:101F5000200722FA03F201FA07F721FA03F14FF002
:101F6000000342EA0702B1E746EA020646EA0646ED
:101F70004FEA164646EA0106BCBF46EA0646360C5C
:101F80004FF000034FF000024FF000019EE72DE9F3
:101F9000C048934630B491E8380007C831EA400C95
:101FA00048BF34EA430C03D5FFF7C8FDFFF78CFFA9
:101FB000F0BCBDE800882DE9C048934630B491E8F4
:101FC000380007C831EA400C48BF34EA430C03D557
:101FD000FFF7B4FDFFF74EFFF0BCBDE800882DE928
:101FE000C048934630B491E8380007C810F0804FDD
:101FF00008BF13F0804F03D100F019F8FFF764FF1A
:10200000F0BCBDE800882DE9C048934630B491E8A3
:10201000380007C810F0804F08BF13F0804F03D17D
:1020200000F005F8FFF726FFF0BCBDE8008820F0BF
:102030007F4780EA030023F07F4C07EB0C03A3F5F6
:102040007C5300F00040A3F1FE0392F0000F00F07B
:10205000B38095F0000F00F077802DE901494FEA39
:1020600011404FEA144621EA004800FB06FC24EA2E
:10207000064708FB06F607FB08F800FB07F718EB16
:1020800006484CEB164C4FEA124B18EB07484FEA48
:1020900015464CEB174022EA0B4E0BFB06FC25EADB
:1020A00006470EFB06F607FB0EFE0BFB07F71EEBC3
:1020B000064E4CEB164C4FF000061EEB074E4CEB59
:1020C000174B18EB0B0840F1000018EB0E0B58EB08
:1020D000000840F100008F1A4FF000013CBFC943D7
:1020E000661B14BFB5EB040C00213CBFC943F61BB3
:1020F0004FEA17444EEA8E0E27EA04454FEA1C4782
:1021000004FB07622CEA074C05FB07F70CFB05F6FE
:1021100004FB0CFC16EB074642EB174216EB0C4691
:1021200042EB1C421BEB060658EB0202414146EA19
:102130009E0601D5BDE80189B619524141EB010166
:10214000A3F10103BDE801894FEA14454FEA1147A5
:1021500024EA054621EA074C05FB07F406FB07F7CE
:102160000CFB06F105FB0CFC11EB074144EB17449B
:102170004FEA124711EB0C4144EB1C4422EA074C96
:1021800005FB07F206FB07F70CFB06F605FB0CFC4C
:1021900016EB074642EB174216EB0C4642EB1C458A
:1021A0006A1854F1000148BF7047B619524141EB1B
:1021B0000101A3F10103704795F0000F37D04FEAFA
:1021C00011424FEA144721EA024624EA074C02FB77
:1021D00007F106FB07F70CFB06F402FB0CFC14EB03
:1021E000074441EB17414FEA154714EB0C4441EB10
:1021F0001C4125EA074C02FB07F506FB07F70CFB21
:1022000006F602FB0CFC16EB074645EB174516EBF2
:102210000C4645EB1C42121951F1000148BF7047B2
:10222000B619524141EB0101A3F1010370474FEA96
:1022300014454FEA114724EA054621EA074C05FBFD
:1022400007F106FB07F70CFB06F24FF0000605FB53
:102250000CFC12EB074241EB174112EB0C4251EB25
:102260001C4148BF7047921841EB0101A3F10103E3
:102270007047000010B5044800F07AFEBDE8104039
:10228000024800F075BE000008130020381300203B
:1022900070B5044600688168C943C90716D18168D2
:1022A00021F00101816001F093FE054609E001F093
:1022B0008FFE401B022804D920688068C043C007F5
:1022C00006D020688068C043C007F0D0002070BDF1
:1022D000A06A40F01000A062E06A40F00100E062F5
:1022E000012070BDF8B5002604460096006881689C
:1022F000C943C9072CD0816841F0010181601548AC
:1023000015490068B0FBF1F000E0401E0090002885
:10231000FBD101F05DFE054615E001F059FE401BC2
:10232000022810D920688068C043C0070BD0A06A7B
:1023300040F01000A062E06A40F00100E06284F822
:1023400024600120F8BD20688068C043C007E4D144
:102350000020F8BDCC00002040420F0010B504461C
:10236000084600F05FF8A06110BD000010B50446FB
:10237000064807490068098848430BF0BBFA05493D
:102380000BF018FB20600020A06110BDE8010020C8
:10239000F80100200000B43C10B504460F48104975
:1023A0000068098848430BF0A5FA0E490BF002FBC0
:1023B00021680BF081FC00F035F80146A06900F0BF
:1023C00017F801460848814202DC0848814200D9DA
:1023D0000146201D04F0D2F9E06210BDE8010020A2
:1023E000F80100200000B43C00007042000070C200
:1023F00010B50BF061FC084A0849904203DDBDE8C6
:1024000010400BF059BC064A904203D9BDE8104079
:102410000BF0CAB810BD0000000034430000B44304
:10242000000034C370B5074C074D02E021460BF0A5
:10243000BBF8A842FAD201E00BF03EFC21468842EC
:10244000FADA70BD0000B44300008080FEE70000AF
:1024500000B58BB000210122CDE905120B48079190
:1024600000884001009001904FF6E0700290CDE9A5
:1024700003010E20CDE908206946054801F04EF819
:10248000002801D000F086F90BB000BD2212002018
:10249000B4130020124810B50188B1F5006F02D3C3
:1024A0004FF4007101800F4A002182F82410028845
:1024B0000C4824384260C1600822C0E90412017649
:1024C00003F0D8FDFFF7C4FF0648283001F027FBD2
:1024D00004480221BDE81040283000F0AFBF0000E2
:1024E000221200208C13002010B5034600F11C02BC
:1024F000011D034800F0B4FF002800D0012010BDEA
:10250000B4130020002070470020704710B500224F
:102510000449054805F044FA0449034805F03AFA2D
:10252000002010BDD41D0020D0140020D41900209C
:1025300070B50C46054640210B48FEF77BF829464E
:1025400009482268FDF7FFFF0849207808704021FC
:102550002846FEF76FF82946054805F01BFA04489F
:1025600005F0FCF9002070BD94190020AE00002099
:10257000D01400200A46094910B5D1F8B812D1F894
:10258000141209B1012010BD0146044805F008FAF3
:10259000BDE81040014805F061BA0000D0140020E9
:1025A00070B5094C054660680BF0A4F96FF00D0199
:1025B0000BF059FC0021616029460BF069F8BDE879
:1025C000704002490BF0F6B9F8010020000070429B
:1025D000704700002DE9F05F04462D48008805464D
:1025E0000BF0A0F92B4988460BF0E4F920602A484B
:1025F00000272782066805FB06F00BF07BF94146B1
:102600000BF0D8F9834660600120A07430460BF0CF
:1026100071F981462148008882460BF083F94146D2
:102620000BF0C8F949460BF0C5F9A060A5EB0A000C
:1026300070430BF05FF941460BF0BCF905461848B2
:10264000007801281FD11748174985420BD35846F7
:1026500088460AF0A9FF6060414628460AF0A4FFB8
:10266000E060268210E0114885420CDD584688461D
:102670000BF022FB6060414628460BF01DFBE0603A
:102680007042208200E0E5606761BDE8F09F0000D5
:10269000F80100200000B43CE801002024120020D2
:1026A0001A120020000034C30000B4430000344379
:1026B00070B504461F4800880BF034F91E490BF032
:1026C00079F90546A07C1D4E48B1284621680BF0DB
:1026D000F3FA1B4988420FDD208A401E11E0256075
:1026E00030680BF007F929460BF064F900216060AF
:1026F00021820121A17470BD1249884202D9208A29
:10270000401C2082256030680BF0F4F80646B4F9CE
:1027100010000BF0EFF80C490BF04CF929460AF0C9
:1027200043FF31460BF046F9A1680BF0C5FA606033
:1027300070BD0000F80100200000B43CE80100205A
:1027400000003443000034C30000B443401A00B218
:10275000B0F5005F02DDA0F5804004E010F5005FF9
:1027600002DA00F5804000B202490988484300B20D
:1027700070470000E8010020054A00B55188108824
:10278000FFF7E4FF5168084450601088508000BD96
:10279000F801002072B6FEE706490020C86106482D
:1027A000016941F004010161016941F040010161E9
:1027B00070470000D026002000200240064A002179
:1027C000D16106490A6942F002020A61486108695A
:1027D00040F0400008617047D026002000200240F1
:1027E000044B0022DA61044A136943F001031361C8
:1027F00001807047D02600200020024014490020AC
:10280000CA68D306134A04D5D06940F00200D061EB
:102810001020CB685B0705D5D36943F00103D36172
:1028200040F00400CB69DB0707D0D36943F0040311
:10283000D361CA6922F00102CA61A0F58072013A2F
:1028400001D0C8607047C86920F00100C8617047B6
:1028500000200240D026002070B5044601F0B8FBED
:102860000546114E09E0601C07D024B101F0B0FB11
:10287000401BA04201D9032070BDF068C007F2D10F
:10288000F068800601D52020F060F068C00605D40D
:10289000F069C00702D1F068400703D5FFF7AEFF2B
:1028A000012070BD002070BD0020024010B5C8207E
:1028B00007F09AFD0E490B2817D04FF0FF30086043
:1028C0004FF07C5200210B4808F0AAFD0021094876
:1028D00007F048FE642001F055F906494FF4807076
:1028E000C860BDE8104007F02DBF0120E7E70000F9
:1028F000E8010020942A002010B5002303E010C84E
:1029000041F823405B1C9342F9D310BD10B500235E
:1029100004E030F8044B21F813405B1C9342F8D3D9
:1029200010BD0000F0B585B00E46054601F0DCF99B
:102930001448C16921F00101C16100210120CDE9E4
:102940000010114A0292CDE9030104A9684601F082
:102950002BF94FF0FF3740B90024002356F824200C
:102960002946022001F07EF910B1384605B0F0BDCD
:10297000641CA4B22D1D142CEFD301F069F90020C2
:10298000F4E700000020024000FC00082DE9F041BF
:1029900086B016460F46054601F0A6F91548C169EE
:1029A00021F00101C16100210120CDE90010124A8E
:1029B0000292CDE9030104A9684601F0F5F84FF051
:1029C000FF3848B900240EE037F8142000232946C8
:1029D000022001F047F918B1404606B0BDE8F08189
:1029E000641CA4B22D1DB442EED301F031F90020D5
:1029F000F3E700000020024000F800080146C8226A
:102A00000148FFF783BF000000F80008F8B5002672
:102A10000446009690F8240001280BD0012084F889
:102A200024002046FFF734FC2046FFF75BFC07003C
:102A300002D050E00220F8BDA06A20F4885040F097
:102A40000200A062022002F06DF825490968B1FB7E
:102A5000F0F0400000E0401E00900028FBD120680C
:102A6000816841F00801816001F0B2FA054608E092
:102A700001F0AEFA401B0A2803D9206880680007DD
:102A800015D4206880680007F2D42068816841F07E
:102A90000401816001F09CFA054612E001F098FA09
:102AA000401B0A280DD920688068400709D5A06A14
:102AB00020F0020040F01000A06284F824600120A1
:102AC000F8BD206880684007E8D4A06A20F00200C2
:102AD00040F00100A06284F824603846F8BD000090
:102AE000CC000020F8B50022009290F824508368B2
:102AF0001446012D1CD0012580F82450D3B14D6817
:102B00000B691F269D4226D81F055B1BC3F10303DB
:102B10000D6803EB83039D40A7F580172F439E406C
:102B2000036846F440169D6BB5432F439F631EE038
:102B30000220F8BD4B68012B05D0826A42F02002CA
:102B40008262012213E003689D6B0E686FF3150526
:102B500045EAC6350AE05B1BC3F1030303EB8303BD
:102B60009E40036846F440169D6BB5439D63036821
:102B70009D68ED43ED0706D09D6847F20106B54319
:102B80008E6935439D604B7D012B08D18B69B3F570
:102B9000E04F08D0826A42F02002826201220B7D5F
:102BA000012B06D00CE003685D6845F480655D602C
:102BB000F5E74B7DA3B1826A42F0200282620122D6
:102BC0000B68072605680A2B10D3EF680A3B03EB56
:102BD00043039E40B7438E689E403743EF600EE04C
:102BE00003685D6845F480555D60E9E72F6903EB94
:102BF00043039E40B7438E689E4037432F610B6866
:102C0000102B01D0112B04D103689D6845F40005F9
:102C10009D604B68012B10D0022B16D0032B03684C
:102C20001BD01D6ACE686FF30B0535431D620B6820
:102C3000102B19D0112B17D037E003685D69CE68CF
:102C40006FF30B0535435D61F1E703689D69CE685D
:102C50006FF30B0535439D61E9E7DD69CE686FF3DE
:102C60000B053543DD61E2E7124D0368AB4217D136
:102C70009D682D0219D49D6845F400059D60096882
:102C8000102912D10C490D4B0968B1FBF3F101EB8E
:102C90008101490000E0491E00910029FBD104E0B8
:102CA000816A41F020018162012280F824401046AF
:102CB000F8BD000000240140CC00002040420F007D
:102CC00070B52A4988424FD12948007828B104F0CC
:102CD000A1F90AF0EFFD274908802748274C4078E2
:102CE00008B1207830B1207801283DD1BDE870408E
:102CF00006F054B9A079224D401CC0B2A07105283D
:102D00000BD3FFF739FD1F48FFF74AFC1E4A29691C
:102D100007F0E6FF28610020A0711C4807F05EFC68
:102D200004F046FB28690AF013FC194A194B0AF013
:102D3000E5F90AF01FF941B21448027802F00302E3
:102D400001EB0221B0F90820C06810440844C11703
:102D500000EB91516FF30901401A81B2A182BDE8E5
:102D600070400A4807F02ABB70BD0000081300201D
:102D7000E4010020F8010020242D002000000020A4
:102D8000842800201101073ACDCCCC3D942A0020A4
:102D9000FA7E6ABC7493783F0068022909D003293F
:102DA00005D0042901D0C06B7047806C7047406C1F
:102DB0007047006C7047000070B5044690F824001E
:102DC00001280DD0012084F824002046FFF78AFA5C
:102DD00001004FF0000205D084F82420084670BDA1
:102DE000022070BDA06A42F20103984340F4805073
:102DF000A0621C4B20681C4D98421FD12E6816F40F
:102E0000702F1BD0A66A46F48016A662A66AF60545
:102E100000D4E26284F824206FF00402026020688B
:102E2000426842F080024260206842685205D5D470
:102E30008268C2F30232072A04D009E0A66A26F4A7
:102E40008016E2E7984208D12A6812F4702F04D065
:102E5000826842F400428260C0E7826842F4021253
:102E6000F9E700000028014004240140F8B50023E0
:102E7000009390F824201C46012A12D0012280F8E9
:102E800024204A681F26072A0DD205686F6B521E40
:102E900002EB82029640B7430E68964037436F6359
:102EA00019E00220F8BD05680D2A0AD22F6BD21F47
:102EB00002EB82029640B7430E68964037432F6379
:102EC00009E0EF6A0D3A02EB82029640B7430E68C2
:102ED00096403743EF620A68072605680A2A0AD334
:102EE000EF680A3A02EB42029640B7438E6896407A
:102EF0003743EF6008E02F6902EB42029640B74388
:102F00008E68964037432F610A68102A01D0112A33
:102F100020D1124D0268AA4217D195682D0219D40A
:102F2000956845F4000595600968102912D10C498F
:102F30000C4A0968B1FBF2F101EB8101490000E0A4
:102F4000491E00910029FBD104E0816A41F0200173
:102F50008162012380F824401846F8BD0024014016
:102F6000CC00002040420F0070470068C06C7047E2
:102F700070B50446006806684568A90625D5B107FE
:102F800023D5A16AC90603D4A16A41F40071A162E4
:102F90008168C1F34241072910D1217B71B9416891
:102FA00021F020014160A06A20F48070A062A06A34
:102FB000C00403D4A06A40F00100A0622046FFF7DD
:102FC000D3FF21686FF01200086028062ED5700725
:102FD0002CD5A06AC00603D4A06A40F40050A062B9
:102FE00020688168C1F30231072909D04168490589
:102FF00015D48168C1F34241072910D1217B71B9F1
:10300000416821F080014160A06A20F48050A062F4
:10301000A06AC00503D4A06A40F00100A062204667
:10302000FFF74EFE21686FF00C00086068060CD5B3
:10303000F0070AD0A06A40F48030A062204600F079
:1030400093F821686FF00100086070BD2DE9F04130
:103050004FF00006040035467ED0A06A002728B94C
:10306000E76284F82470204600F080F82046FFF7DD
:103070000FF9A16A01F01001014304D0A06A40F0E9
:103080001000A06268E0A16A21F4885141F00201B9
:10309000A1626268E169237B0A4346EA43010A436D
:1030A000A1684FF48076B14208D0012906D00021F2
:1030B00094F814C0BCF1010F02D00AE03146F7E7E2
:1030C000F3B1A36A43F02003A362E36A43F0010370
:1030D000E3622368D3F804C02CF4694C4CEA010C79
:1030E000C3F804C021688B68DFF870C003EA0C03E2
:1030F00013438B60A168B1420BD0012909D00CE0C9
:10310000DFF85CC0A3690CEB43330B4343F400616D
:10311000DFE7218A0D05A5F580152168CB6A23F428
:1031200070032B43CB62216889680E4B1940914292
:1031300008D1E762A16A21F0020141F00101A16218
:10314000BDE8F081A06A20F0020040F01000A0620B
:10315000E06A40F00100E0620120F1E7FDF7E1FFE5
:1031600000E0FFFFFE0E1FFF7047000000B585B0B6
:10317000002100910191029103911F4B01681F48AA
:103180000322994214D1816941F4007181618169FE
:1031900001F400710491816941F008018161806945
:1031A000009200F00800049069460192144817E06C
:1031B000144B99421ED1816941F48061816181691A
:1031C00001F480610491816941F0040181618069A9
:1031D000694600F0040004900120CDE900020A488D
:1031E00000F006FE00221146122000F091FF12208E
:1031F00000F080FF05B000BD002401400010024037
:10320000000C014000280140000801402DE9F8436E
:103210004FF000080D460446CDF8008000F0D8FEBF
:10322000074620688168C90508D5A06A40F02000DB
:10323000A06284F824800120BDE8F8834168C905B4
:1032400003D4C06A10F4700F29D0022001F06AFC88
:103250003A490968B1FBF0F620680169384A114221
:103260004FEA62024FEAA2131ED1C1684FEA621C04
:1032700011EA0C0F18D10169114224D1C06818421B
:1032800021D1142022E0681C09D025B100F0A0FE55
:10329000C01BA84203D920680068800724D5206895
:1032A00000688007EFD52CE00169114202D1C168A6
:1032B000194206D0026923490A4206D1C068084271
:1032C00003D1542002E0292000E0FC20464300986E
:1032D00015E0681C10D025B100F07AFEC01BA84292
:1032E0000AD90098B04207D2A06A40F00400A06258
:1032F00084F8248003209FE70098401C0090B0428F
:10330000E7D321686FF012000860A06A40F40070F3
:10331000A06220688068C0F3424007280CD1207B5F
:1033200050B9A06A20F48070A062A06AC00403D4DF
:10333000A06A40F00100A06200207DE7CC000020E0
:10334000244992244992240070B5044690F8240040
:1033500001280DD0012084F824002046FEF7C2FF8A
:1033600001004FF0000205D084F82420084670BD0B
:10337000022070BDA06A40F20123984340F480709F
:10338000A0621F4D20681F4BA84218D11E6816F47A
:10339000702F14D0A66A46F48016A6621E687605C1
:1033A00005D5A66A26F4005646F48056A662A66A9B
:1033B000F6040AD5E66A26F00606E66206E0A66A84
:1033C00026F48016A6624668E9E7E26284F82420C3
:1033D0006FF00202026020688268C2F34242072A4C
:1033E00005D1A84208D11A6812F4702F04D082685F
:1033F00042F480128260B9E7826842F4A002F9E7E1
:10340000002801400424014010B5044690F824002F
:10341000012807D0012084F824002046FEF738FF59
:1034200010B107E0022010BDA16A21F4885141F0DB
:103430000101A162002184F8241010BD90F8202021
:10344000012A07D0022A05D0416A41F48021416255
:1034500001207047006842690A43426100207047BA
:10346000F0B590F820500468A468012D05D0022D15
:1034700003D0416A41F480214DE014F0406F01D146
:10348000E50045D5C4F301640125A5401D608B68A6
:103490004FF4C0759BB1CE6833434E6843EAC60310
:1034A000066805EB0417F3514FF4C273076803EB8A
:1034B00004130E69FE50097D012905D009E00E882C
:1034C000CB6843EA4653EBE70168CE5846F4807672
:1034D000CE501179D2F805304FF4C67641EA032177
:1034E000036806EB041699511178D2F801204FF4C5
:1034F000C47341EA0221026803EB0413D15000684F
:1035000005EB0411425842F0010242500020F0BD88
:10351000416A41F4001141620120F0BD10B590F8FC
:1035200020300268012B07D0022B05D0416A41F4FC
:1035300080214162012010BDD2F8000240F001005C
:10354000C2F80002087D00F01F0301209840D2F865
:103550001C328343C2F81C32CB69B3B9D2F80C32A7
:103560008343C2F80C328C894B6864F31F434C6967
:1035700002EBC404C4F840320C890B6864F31F43A7
:103580004C6902EBC404C4F84432CB69012B16D158
:10359000D2F80C320343C2F80C320C884B6864F347
:1035A0001F434C6902EBC404C4F840320C89CB6859
:1035B00064F31F434C6902EBC404C4F844328B69C2
:1035C000002BD2F804320ED00343C2F804320B6948
:1035D000002BD2F8143208D00343C2F81432096A1F
:1035E000012904D008E08343EFE78343F5E7D2F8ED
:1035F0001C120143C2F81C12D2F8000220F0010094
:10360000C2F80002002010BD704770B590F820404D
:10361000012C05D0022C03D0416A41F4802128E01E
:10362000046809B32469A40720D04FF4D87405684E
:1036300004EB01142D5915F00405956005682D590A
:103640001AD0ED08556005682C5904F00204D460C6
:103650004FF4DA74056804EB01142E5906F00F06D6
:10366000082E0CD308250DE0E468DCE7416A41F43C
:1036700000114162012070BD6D0D1560E3E72D5909
:1036800005F00F05156105682D59C5F307259561EE
:1036900005682C59240C54614FF4DC72046802EB69
:1036A0000112A4581C700468A458240A5C700468B1
:1036B000A458240C9C700468A258120EDA704FF4BF
:1036C000DE72046802EB0112A4581C710468A4584D
:1036D000240A5C710468A458240C9C710468A258E4
:1036E000120EDA71006829B1016941F0200101610F
:1036F000002070BDC16841F02001C160F8E72DE9EC
:10370000F05F0546006800244669D0F80490876899
:10371000D0F80CB0D0F810A0D0F81880F10748D03D
:10372000F90714D001218160B80703D5284600F0BD
:1037300022FA0CE0780702D54FF4006407E038075E
:1037400002D54FF4805402E0284600F013FAF80541
:1037500016D529684FF480708860B80503D52846CF
:1037600000F00BFA0CE0780502D544F4005407E0B1
:10377000380502D544F4804402E0284600F0FCF904
:10378000F80316D529684FF480308860B80303D554
:10379000284600F0F4F90CE0780302D544F4004424
:1037A00007E0380302D544F4803402E0284600F0F4
:1037B000E5F9300707D55FEACB6004D5296810200A
:1037C00044F40074C86070074FF0080707D55FEA3B
:1037D0000B7004D52868C760284600F07BF9B00755
:1037E00006D52868C068800702D0284600F074F922
:1037F000700607D55FEACA6004D52968102044F432
:1038000080640861B00607D55FEA0A7004D52868AD
:103810000761284600F080F9F00606D5286800699F
:10382000800702D0284600F078F9B00308D55FEA97
:10383000C96005D5296810204860284600F06EF957
:10384000F00307D55FEA097004D528684760284669
:1038500000F096F9300446D55FEA497040D5F0058E
:1038600004D55FEAC87001D044F00104B00504D566
:103870005FEA887001D544F00204700504D55FEA60
:10388000487001D544F00404300529D518F0700FB4
:1038900026D008F07000402815D006DC102809D08A
:1038A00020280AD0302816D10AE050280ED06028EF
:1038B00011D10EE044F008040DE044F010040AE0D9
:1038C00044F0200407E044F0400404E044F08004A5
:1038D00001E044F480742868816921F070018161FD
:1038E000296804204860002C05D0686A204368627B
:1038F0002846FFF789FEBDE8F09F70B5040003D0AD
:1039000094F8200010B104E0012070BD204600F0C2
:1039100097F82068016841F00101016000F058FB50
:103920000546052604E000F053FB401B0A2811D889
:1039300020684068C007F6D02068016821F00201C5
:10394000016000F045FB05460BE000F041FB401B29
:103950000A2806D9606A40F40030606284F820606A
:10396000D2E7206840688007EFD4207E01282068D5
:1039700001683DD021F080010160607E012820684F
:10398000016838D021F040010160A07E0128206844
:10399000016833D021F020010160E07E0128206819
:1039A00001682ED041F010010160207F01282068BD
:1039B000016829D021F008010160607F012820689A
:1039C000016824D021F004010160D4E90201084318
:1039D000D4E90412114308436168491E0843216871
:1039E000C86100206062012084F82000002070BDC2
:1039F00041F08001C0E741F04001C5E741F02001FE
:103A0000CAE721F01001CFE741F00801D4E741F007
:103A10000401D9E700680749884209D10648C1690D
:103A200021F00071C1614FF44071044800F070B999
:103A3000704700000064004000100240000C01408C
:103A400010B586B0002100910191029103910068A8
:103A50001C49884233D11C48C16941F00071C161E1
:103A6000C16901F000710491816941F0080181612F
:103A70008069164C00F0080004904FF480700090AC
:103A80006946204600F0B4F96115009102210191C8
:103A9000032103916946204600F0AAF90C494868C1
:103AA00020F4C04040F0E06040F4804048600022D4
:103AB0000321142000F02CFB142000F01BFB06B0A7
:103AC00010BD00000064004000100240000C0140E6
:103AD000000001407047000010B5044600680C4922
:103AE000884213D10B4B0021A3F11C022046FFF7A3
:103AF0008CFD00280AD1074901201C3981F82400D7
:103B00002046BDE810400221FFF798BC10BD000020
:103B100000640040A813002070477047704770B5DC
:103B2000044690F82000012804D0606A40F4002088
:103B3000606217E0022084F820002068016821F00C
:103B40000101016000F044FA05460DE000F040FA82
:103B5000401B0A2808D9606A40F4003060620520E2
:103B600084F82000012070BD20684068C007EDD1B6
:103B7000606270BD7047704770477047704770470C
:103B80007047000070B5044600F022FA0546601C3C
:103B900002D004480078044400F01AFA401BA04206
:103BA000FAD370BDC00000202DE9F0470546264835
:103BB0000F460126017E01290FD0012181460176A1
:103BC0002868DFF888804CF25034022808D0A246DA
:103BD0002046FEF741FEA8B131E00220BDE8F087A3
:103BE0002046FEF739FE08BB0120FEF7D5FD204632
:103BF000FEF732FED8F81010064621F00401C8F88E
:103C000010101CE04FF0FF303860AC6811E0204627
:103C1000FEF7D4FD5046FEF71FFED8F81010060040
:103C200021F00201C8F8101001D03C6007E004F553
:103C30008064D5E9020100EB8120A042E7D8002191
:103C400089F818103046C9E7D0260020002002402D
:103C50000348016941F080010161002070470000C4
:103C6000002002402DE9F05F05461D4888460024EB
:103C7000017E16461F46012909D0012181460176A1
:103C80004CF2503A5046FEF7E7FD18B123E002200F
:103C9000BDE8F09F012D02D0022D00D00425D346AF
:103CA000DFF840A015E0220130463946FCF7C8FA9B
:103CB00081B208EB4400FEF793FD5846FEF7CCFDB9
:103CC000DAF8102022F00102CAF8102018B9641C9A
:103CD000E4B2AC42E7D3002289F81820D8E700000C
:103CE000D026002000200240064900200A69120662
:103CF00007D5054A4A60054A4A600969090600D5A0
:103D0000012070470020024023016745AB89EFCDB9
:103D10002DE9F0430022DFF8C0904FF00F0C56E081
:103D2000012393400B4050D022F003054D44AC6872
:103D30009607370F0CFA07F606EA0408274CA0424C
:103D400001D100240FE0264CA04201D101240AE059
:103D5000244CA04201D1022405E0234CA04201D111
:103D6000032400E00424BC40444513D11F4F3C68A9
:103D70009C433C603F1D3C689C433C601B4F0C37A0
:103D80003C689C433C603F1F3C689C433C60AC6883
:103D9000B443AC60FF2B01D8044601E000F10404F9
:103DA0004FEA820501D9A5F1200526680CFA05F72E
:103DB00026EA07064FF0040707FA05F746EA070662
:103DC0002660C46824EA0304C46002F1010231FAE7
:103DD00002F3A5D1BDE8F0830000014000080140D6
:103DE000000C01400010014000140140000401409B
:103DF0002DE9F84FDFF8A4910024A9F1040B234624
:103E00004FF00F0809F1040AABF1040EBEE00127E0
:103E1000A7403A40BA4272D1DFF884C14D68A5EBA1
:103E20000C0665452BD00DDC032D34D005DC35B3F5
:103E3000012D19D0022D2FD11BE0112D16D0122DDE
:103E40002AD119E0B6F5881F19D006DCB6F5803FF7
:103E500015D0B6F5801F1FD111E0B6F5001F0ED0AA
:103E6000B6F5041F18D10AE0CB6815E0CB681B1D1E
:103E700012E0CB6808330FE0CB680C330CE08B68A2
:103E80002BB1012B4FF0080303D0476104E004235A
:103E900002E0076100E00023FF2A01D8064601E0A6
:103EA00000F104064FEA840501D9A5F12005376821
:103EB00008FA05FC27EA0C0703FA05F547EA0507A7
:103EC00037604D68ED0060D5364DAE6946F00106AD
:103ED000AE61AD6924F0030605F001050095324D91
:103EE0007719BE68A5072D0F08FA05FC26EA0C060F
:103EF000DFF8B8C0604503D14FF0000C17E044E094
:103F0000DFF8ACC0604502D14FF0010C0FE0DFF8E4
:103F1000A4C0604502D14FF0020C08E0DFF898C061
:103F2000604502D14FF0030C01E04FF0040C0CFA95
:103F300005FC4CEA060CC7F808C04D68D9F80060CB
:103F4000ED024D4601D5164300E096432E604D68C4
:103F5000DAF80060AD02554601D5164300E09643FD
:103F60002E604D68DBF80060AD035D4601D5164359
:103F700000E096432E604D68DEF80060ED03754664
:103F800001D5164300E096432E60641C0A6832FA9D
:103F900004F57FF43CAFBDE8F88F00000804014051
:103FA0000000111000100240000001400008014014
:103FB000000C0140001001400014014080680840DE
:103FC00000D0012070470AB1016170470904FBE786
:103FD0000148806870470000C000002070B50400F0
:103FE00013D021684CF6CC400860216845F255504A
:103FF0000860D4E9000141602168A0688860FFF78B
:10400000E7FF054641F23C360CE0012070BDFFF7AA
:10401000DFFF401BB04205D92068C068800701D08F
:10402000032070BD2068C0688007F0D121684AF67F
:10403000AA200860002070BD00684AF6AA2101602D
:1040400000207047024881680278114481607047FF
:10405000C0000020074810B5016841F01001016060
:10406000032000F075F80F2000F006F800F024F8A7
:10407000002010BD0020024070B50D4D04464FF4E5
:104080007A712878B1FBF0F00A490968B1FBF0F0C9
:1040900001F0F1F948B9102C07D200222146501E38
:1040A00000F036F800206C6070BD012070BD00008B
:1040B000C0000020CC0000200C4808B5816941F008
:1040C00001018161816901F001010091C16941F043
:1040D0008051C161C069064900F080500090486875
:1040E00020F0E06040F00070486008BD0010024021
:1040F00000000140002809DB00F01F02012191406F
:104100004009800000F1E020C0F800117047000075
:10411000F0B40E4B1B68C3F30223C3F10704042C55
:1041200000D904241D1D072D01D2002300E0DB1E51
:10413000012606FA04F56D1E0D409D409E40761E38
:10414000164045EA0601F0BC04F0A7BE0CED00E005
:10415000064A00F0070110684FF6FF03184040EAD6
:104160000120034908431060704700000CED00E097
:104170000000FA05BFF34F8F05480168054A01F4B6
:10418000E06111430160BFF34F8F00BFFDE7000006
:104190000CED00E00400FA0510B50C0607D501F09F
:1041A000070101EB810100EBC100103005E001EBDC
:1041B000810100EBC10000F5A87099B232B1012273
:1041C00002730181190C4181002010BD002202738D
:1041D000C180F9E7704701EB810200EBC202D0F821
:1041E000D402526A03F0DBBD01EB810200EBC20294
:1041F000D0F8D402D2F8642103F034BE10B5040024
:1042000006D0032084F89102206804F015FE08B15E
:10421000012010BD204600F0F9FB002084F8910237
:1042200010BD70B504460B0601F0070000EB8001DD
:1042300004EBC1014FF001024FF0000502D54A74B2
:10424000103103E081F8515101F5A871087094F81C
:104250009002012808D084F89022206804F053FAD4
:1042600084F89052002070BD022070BD70B50446E5
:1042700001F00F002279904201D9012070BD0B0698
:1042800001F0070000EB800104EBC1014FF00102D7
:104290004FF0000502D54A74103103E081F8515106
:1042A00001F5A8718D70087094F89002012808D06B
:1042B00084F89022206804F0C4FA84F89052002018
:1042C00070BD022070BD2DE9F05F046857040B78C3
:1042D0008D69B4F850704FF000064BF68F7948F2B4
:1042E000800A48F68F7B48F2C00E4FF480682AD5CA
:1042F0004FF0020C0CEBC30C674408EB4707E45B80
:10430000C4F30904A54203D32D1B8D6101D00BE03A
:104310008E61056835F8236006EA090686F40056C2
:1043200046EA0A0625F82360520609D50A7803688A
:1043300033F8225005EA0B0545EA0E0523F8225012
:1043400084B30A8929E04FF0060C0CEBC30C6744D8
:1043500008EB4707E45BC4F30904A54203D32D1B14
:104360008D6101D00BE08E61056835F8236006EAA7
:10437000090686F4005646EA0A0625F82360520626
:1043800009D40B78026832F8235005EA0B0545EA98
:104390000E0522F823502CB14A894969006823464A
:1043A00004F02DFD2046BDE8F09F2DE9F05F0546A5
:1043B00000680C465FEA426C8B6916460978B0F8D3
:1043C00050C048F68F774CF280094FF4004B4FF6FF
:1043D000FF7E4FF4806A4FF0000275D54FF002085F
:1043E00008EBC108E0440AEB480C30F80C00C0F3BD
:1043F0000900834211D91B1AA3610FD0730407D59A
:104400002B6833F821603E4046EA090623F8216014
:1044100094F82410012949D057E1A261607810B1C5
:10442000012813D01AE02868B0F85030184400EB87
:104430000110B0F80414C1F30901A0F80414B0F895
:10444000041441F40041A0F8041407E02868B0F80F
:104450005030184400EB0110A0F80424617828685B
:1044600011B1012913D01AE0B0F850100844217896
:1044700000EB0110B0F80C14C1F30901A0F80C1402
:10448000B0F80C1441F40041A0F80C1407E0B0F8A7
:1044900050100844217800EB0110A0F80C2421787A
:1044A0002846FFF798FE700473D40EE16169014459
:1044B0006161E1690144E1612369216A994204D3A0
:1044C0001846091A216205E03EE084F8242009B16B
:1044D00008462262617811B1012929D031E02968AA
:1044E000B1F850201144227801EB0211B1F80424F4
:1044F000C2F30902A1F8042401F204413E2807D9BD
:104500004209C30600D1521E0B884BEA822207E003
:1045100048B14208C30700D0521C0B880EEA822221
:1045200013430B800DE00A8842F400420A8008E041
:104530002968B1F850201144227801EB0211A1F84A
:10454000040483B22289BCE04FF0060808EBC108DE
:10455000E0440AEB480C30F80C00C0F30900834239
:1045600011D31B1AA3610FD0730407D42B6833F83F
:1045700021603E4046EA090623F8216094F82410A1
:10458000012953D0A1E0A261607818B1012814D0AC
:104590001BE041E02868B0F85030184400EB0110EF
:1045A000B0F80414C1F30901A0F80414B0F804141D
:1045B00041F40041A0F8041407E02868B0F8503036
:1045C000184400EB0110A0F804246178286811B1A8
:1045D000012913D01AE0B0F850100844217800EBFC
:1045E0000110B0F80C14C1F30901A0F80C14B0F8D4
:1045F0000C1441F40041A0F80C1407E0B0F850107E
:104600000844217800EB0110A0F80C2421782846FA
:10461000FFF7E1FD700458D42178286830F8212094
:104620003A4042EA090220F821204EE06169014443
:104630006161E1690144E1612369216A994203D31F
:104640001846091A216204E009B10846226284F87A
:1046500024206278296812B1012A28D02FE0B1F80D
:1046600050201144227801EB0211B1F80C24C2F35E
:104670000902A1F80C2401F20C413E2807D9420995
:10468000C30600D1521E0B884BEA822207E048B1D4
:104690004208C30700D0521C0B880EEA8222134343
:1046A0000B800CE00A8842F400420A8007E0B1F86F
:1046B00050201144227801EB0211A1F80C04628908
:1046C00083B26169286804F0C0FB2178286830F85B
:1046D000212048F6BF731A4082F0300248F280036E
:1046E0001A4320F821200020BDE8F09F01F00701C7
:1046F00001EB810100EBC100D0F86C0170472DE99E
:10470000F04104460E0601F0070000EB800104EBC7
:10471000C1014FF001074FF0000502D54F74103171
:1047200003E081F8515101F5A871022B08700A616C
:10473000CB7000D10D7194F89002012809D084F853
:104740009072206803F09EFE284684F89052BDE8DF
:10475000F0810220FBE710B501F0070404EB8401AF
:1047600000EBC101C1E959230022C1F86C2181F895
:10477000512181F85041006801F5A87104F0B4F8A6
:10478000002010BD70B504460D4601F007002179E8
:10479000884201D9012070BD29064FF000064FF074
:1047A000010206D500EB800104EBC1014A7410310F
:1047B00007E005EB850104EBC10181F8516101F5CA
:1047C000A8718A70087094F89002012807D084F8C4
:1047D0009022206804F06FF8680702D006E00220FB
:1047E00070BD04F52671206804F029F884F8906201
:1047F000002070BD10B501F0070404EB840100EB4C
:10480000C101C1E90923012281F834200B6300238F
:10481000CB624A7401F8104F006804F065F800207C
:1048200010BD1FB50446006804F0E6FA010403D584
:10483000204601F0B7FD1FBD41050DD5206830F8B9
:10484000441F21F480610180204600F00BF9002113
:10485000204600F022F91FBD410405D5206830F83C
:10486000441F21F4804173E0810405D5206830F8AD
:10487000441F21F400516BE0C10414D5206830F8C6
:10488000401F21F004010180206830F8401F21F012
:1048900008010180204600F0F8F8206830F8441F35
:1048A00021F4805154E001053FD5216800206A467B
:1048B00031F8203022F81030401CC0B20828F7D35D
:1048C00031F8400F40F001000880206830F8401FA8
:1048D00021F0010101802068B0F844104905FBD5A2
:1048E00030F8441F21F4806101800020236832F8F1
:1048F000101023F82010401CC0B20828F6D32068FE
:1049000030F8401F41F008010180206830F8441F52
:1049100021F400610180206830F8401F41F004015B
:104920000180204600F0ECF81FBD810509D5206804
:1049300030F8441F21F400710180204600F0A9F8EE
:104940001FBDC005FCD5206830F8441F21F48071DC
:1049500001801FBD2DE9F041040004D094F89102BC
:10496000002518B107E00120BDE8F08184F89052DD
:10497000204600F059F8032084F891026571206800
:1049800003F056FF94E80F0003F0BBFE022690BB35
:104990000021206804F048FA68BB002101270BE0E1
:1049A00001EB810004EBC00047740174C57405621B
:1049B0004562491CC9B2856220798842F0D800213D
:1049C00011E001EB810004EBC00080F8515180F848
:1049D000501180F85351C0F86051C0F86451491C1F
:1049E000C9B2C0F8685120798842EAD894E80F002B
:1049F00003F015FF10B184F89162B4E7657384F891
:104A00009172206803F009FF0020ADE700680449B7
:104A1000884204D10348C16921F40001C161704793
:104A2000005C00400010024008B500680B49884255
:104A300012D10B48C16941F40001C161C069002273
:104A400000F40000009003211420FFF761FBBDE893
:104A500008401420FFF74EBB08BD0000005C00407A
:104A60000010024070B5044680790125022801D06B
:104A7000FDF790FE2946D4F8D40203F0DBFAD4F80F
:104A8000D402BDE8704003F097BAD0F8D40203F026
:104A9000BBBAD0F8D40203F0C1BA10B5044690F8FE
:104AA000900201280AD0012084F8900261732068E6
:104AB00004F0BCF9002084F8900210BD022010BD63
:104AC000D0F8D42200F52671104603F0BFBA10B515
:104AD000044690F89002012810D0012084F890023A
:104AE000206804F071F901212046FFF773FB20686C
:104AF00003F091FE002084F8900210BD022010BD4A
:104B000010B50446D0F8D40203F0DFFAA07A0028EA
:104B100004D00348016841F00601016010BD0000A7
:104B200010ED00E010B501460020234C012922D0F1
:104B3000022939D010291DD161682268D20119D506
:104B40001E48C1F38342C903805C0AD561681B4AD1
:104B5000C1F34041921E515C194AB2FBF1F1484346
:104B600001E0184948436168490203D44000032129
:104B7000B0FBF1F010BD226AC2F30121012903D17B
:104B8000920701D5C80310BD022905D1626A9207B8
:104B900002D549F6404010BD0329FCD121688903A4
:104BA000F9D54FF2244010BD00F01EF96168C1F341
:104BB0008131491C4900DBE70010024002DF000898
:104BC00000127A0000093D002DE9F8430446007800
:104BD000344FC00752D0F8690025C00008D4F869E6
:104BE00040F08050F861F869012500F08050009095
:104BF0002D480168C90511D40168804641F48071CF
:104C00000160FFF7E5F9064604E0FFF7E1F9801BD4
:104C1000642822D8D8F80000C005F6D5386A10F408
:104C2000407020D0A18801F4407181421BD0386AC5
:104C30001E49012220F440700A6000220A60386296
:104C4000C00710D0FFF7C4F9064641F2883807E0E4
:104C5000FFF7BEF9811B414502D90320BDE8F88367
:104C6000386A8007F4D5386A616820F440700843D8
:104C700038621DB1F86920F08050F8612078800713
:104C800005D57868A16820F4404008437860207812
:104C9000C00605D57868E16820F480000843786094
:104CA0000020DBE700100240007000404004424258
:104CB0002DE9F0470D46040067D0DFF81881D8F8D9
:104CC000000000F00700A8420CD2D8F8001021F034
:104CD00007012943C8F80010D8F8000000F00700C9
:104CE000A84252D120683C4E810712D5400703D517
:104CF000706840F4E06070602078000703D5706849
:104D000040F4605070607068A16820F0F0000843C3
:104D100070602078C00727D06068012810D0316803
:104D2000022810D0890700292FDA716821F00301C9
:104D300001437160FFF74CF9074641F288390CE0F6
:104D400031688903EFE78901EDE7FFF741F9C11BFE
:104D5000494502D90320BDE8F0877068616800F01A
:104D60000C00B0EB810FF0D1D8F80010404601F0F4
:104D70000701A9420BD9016821F00701294301600D
:104D8000006800F00700A84201D00120E3E7207886
:104D9000400705D57068E16820F4E0600843706062
:104DA0002078000706D57068216920F4605040EA39
:104DB000C100706000F028F87168084AC1F303115F
:104DC000515CC8400649086006480068FFF754F97E
:104DD0000020C0E7002002400010024012DF00085F
:104DE000CC000020C4000020044805490068496840
:104DF000044AC1F3C221515CC8407047CC00002076
:104E00000010024022DF00080E4B59680E4801F0E6
:104E10000C02042A11D0082A0FD10C48C1F3834296
:104E2000C903805C0AD55968084AC1F34041921E03
:104E3000515C054A5043B0FBF1F0704704494843C8
:104E4000704700000010024000127A00F0DE0008F7
:104E500000093D002DE9F84F04006FD02078BE4DC9
:104E6000C00747D06868C0F38100012807D0686890
:104E7000C0F38100022809D16868C00306D52868FC
:104E8000800337D560680028E7D033E06068B0F56C
:104E9000803F0BD010B1B0F5A02F11D0286820F4BE
:104EA00080302860286820F4802002E0286840F4E0
:104EB00080302860606888B1FFF78AF8064609E00C
:104EC000286840F480202860F0E7FFF781F8801B15
:104ED000642873D828688003F7D50BE0FFF778F8CB
:104EE000064604E0FFF774F8801B6428F1D82868B0
:104EF0008003F7D42078DFF8648280074FF0010A3E
:104F00004FF0000939D5686810F00C0F07D06868B9
:104F1000C0F38100022809D16868C00306D428685C
:104F2000800714D52069012808D110E02069B0B1AC
:104F3000C8F800A0FFF74CF8064605E007E1FFF7C8
:104F400047F8801B0228C4D828688007F7D528684E
:104F5000616920F0F80040EAC10028600DE0C8F85F
:104F60000090FFF735F8064604E0FFF731F8801BA4
:104F7000022823D828688007F7D4207800072CD58A
:104F80007748A169D9B1C0F800A0FFF721F806461B
:104F900004E0FFF71DF8801B02280FD8686A80071D
:104FA000F7D570484FF4FA510068B0FBF1F000906B
:104FB00000BF0098411E0091FAD20EE07CE0C0F8DC
:104FC0000090FFF705F8064604E0FFF701F8801BA4
:104FD000022871D8686A8007F7D4207840075BD52B
:104FE000E8690027C00008D4E86940F08050E86113
:104FF000E869012700F0805000905B480168C9050E
:1050000011D40168834641F480710160FEF7E0FF2E
:10501000064604E0FEF7DCFF801B64284CD8DBF872
:105020000000C005F6D5E06801280AD008B10528BF
:1050300013D0286A20F001002862286A20F00400BA
:1050400002E0286A40F001002862E06841F2883BF3
:1050500088B1FEF7BDFF064609E0286A40F004006B
:105060002862EEE7FEF7B4FF811B59455BD8286A3A
:105070008007F7D50BE0FEF7ABFF064604E0FEF72E
:10508000A7FF811B59454ED8286A8007F7D41FB166
:10509000E86920F08050E861E069A8B36968C1F36D
:1050A0008101022946D00228484606D0C8F860008F
:1050B000FEF78EFF044639E035E04746C8F8600049
:1050C000FEF786FF064604E0FEF782FF801B0228FB
:1050D00029D828688001F7D4206AB0F5803F05D12F
:1050E0006868A16820F4003008436860D4E90801CA
:1050F0000843696821F4741108436860C7F860A028
:10510000FEF766FF044605E023E0FEF761FF001BA3
:10511000022808D828688001F7D51AE0FEF758FF62
:10512000001B022802D90320BDE8F88F28688001FF
:10513000F4D40EE00128F7D06868226A00F48031C8
:10514000914204D1616A00F47010884201D00120BC
:10515000EAE70020E8E700000010024000004242B9
:1051600080044242CC0000200070004070B5040072
:1051700009D0606A002540B125616561A56294F897
:10518000510040B10CE0012070BD6068B0F5827F35
:10519000F4D0E561F2E784F85050204600F040F882
:1051A000022084F851002068016821F0400101606C
:1051B000A088218900F4827001F404410843A18988
:1051C00001F400610843217C01F002010843217DC4
:1051D00001F001010843218B01F400710843217F94
:1051E00001F03801084394F8201001F080010843D1
:1051F000218D01F40051084321680860A069042151
:1052000001EA1040216848602068C16921F400610A
:10521000C1616565012084F85100002070BD000067
:1052200030B585B000240094019402940394006882
:105230001449884223D11448816941F48051816125
:10524000816901F480510491816941F00401816117
:1052500080690E4D00F004000490A0200090022010
:1052600001900320039069462846FEF7C1FD4020C7
:10527000CDE90004694628460294FEF7B9FD05B061
:1052800030BD000000300140001002400008014025
:105290002DE9FF4F81B01F469346044601250E9E1F
:1052A000FEF796FE804694F851006168012806D00A
:1052B000B1F5827F3CD1A168C9BB042838D10298DE
:1052C000002870D0BBF1000FFBD0002FF9D094F86C
:1052D000500001282CD04FF0010A84F850A094F817
:1052E0005100042802D0052084F851004FF0000935
:1052F000C4F85490C4F838B0E787A78702992163AF
:10530000E786A786C4F84090C4F8449020680168F6
:10531000490603D4016841F040010160E068B0F53E
:10532000006F606808D0E8B3012F47D07DE0FFE749
:10533000022005B0BDE8F08F08B1012F37D1206BF6
:1053400021680088C860206B801C2063E08E401EAE
:10535000E0862CE02068816889070DD5E18E59B17F
:10536000012D09D1216B0988C160206B801C20634D
:10537000E08E401EE086002520688168C9070BD0BA
:10538000E18F49B1C068A16B0880A06B801CA0634D
:10539000E08F401EE0870125FEF71AFEA0EB080013
:1053A000B04201E00AE064E001D3701C4ED1E08E0F
:1053B0000028CFD1E08F0028CCD13CE0206B2168C1
:1053C00000780873206B401C2063E08E401EE0864E
:1053D0002BE02068816889070DD5E18E59B1012D38
:1053E00009D1216B09780173206B401C2063E08E8A
:1053F000401EE086002520688168C9070BD0E18F38
:1054000049B1C068A16B0870A06B401CA063E08F1D
:10541000401EE0870125FEF7DBFDA0EB0800B0424F
:1054200002D3701C01D011E086B1E08E0028D0D1EB
:10543000E08F0028CDD142463146204601F040FFA2
:1054400050B12020606584F8509012E084F851A09B
:1054500084F8509003206CE7A06818B92068C168F0
:105460008068009084F851A084F85090606D002806
:10547000F1D001205DE710B5401EB0F1807F01D36F
:10548000012010BD4FF0E02460610F21601703F090
:1054900004FD0020A06107202061002010BD70479E
:1054A0007047000070B590F83C20012A26D00125F5
:1054B00080F83C50022280F83D20026853689468CE
:1054C00023F070060B68334353600D4B02689A4219
:1054D00008D0B2F1804F05D00A4B9A4202D00A4B55
:1054E0009A4204D1496824F080031943916080F8FE
:1054F0003D50002180F83C10084670BD022070BD70
:10550000002C0140000400400008004010B50400D9
:1055100003D094F83D0010B107E0012010BD002039
:1055200084F83C00204600F01FF8022084F83D007B
:10553000211D206802F01AF8012084F8460084F842
:105540003E0084F83F0084F8400084F8410084F86D
:10555000420084F8430084F8440084F8450084F84D
:105560003D00002010BD000008B500681449B0F1EE
:10557000804F14D0134A904220D1C86940F00200F5
:10558000C861C869002200F00200009002211D20BD
:10559000FEF7BEFD1D20BDE80840FEF7ABBDC869A3
:1055A00040F00100C861C869002200F001000090CD
:1055B00001211C20FEF7ACFD1C20ECE708BD00001B
:1055C000001002400004004090F83D10012901D075
:1055D00001207047022180F83D100168CA6842F03E
:1055E0000102CA6000680B49884208D0B0F1804FC0
:1055F00005D00949884202D00849884204D181680F
:1056000001F00701062903D0016841F001010160A2
:1056100000207047002C01400004004000080040BA
:1056200070B5044690F83C000025012817D00126EB
:1056300084F83C60022084F83D002068826822F0F3
:10564000770222F47F4282600868502838D00DDC4F
:1056500020284FD005DC90B3102811D14AE0022059
:1056600070BD302846D040280AD13BE060282FD0BA
:1056700070280DD0B0F5805F03D0B0F5005F12D078
:10568000012584F83D60002084F83C00284670BD68
:10569000CB68D1E90121206801F0B1FF2068816861
:1056A00041F0770109E0CB68D1E90121206801F0E0
:1056B000A6FF2068816841F480418160E1E719E03C
:1056C000CA684968206802F055F85021206806E051
:1056D000CA684968206802F05EF86021206801F01D
:1056E00098FFCEE7CA684968206802F043F8402175
:1056F0002068F4E7226801461046F0E770472DE97C
:10570000F04104460068C66805694FF00007A90724
:1057100013D5B10711D5F91E01610120207720684A
:1057200080698007204602D0FFF7E8FF04E000F020
:10573000C1F8204600F053F92777680716D570079F
:1057400014D521686FF004000861022020772068DA
:10575000806910F4407F204602D0FFF7CFFF04E0BD
:1057600000F0A8F8204600F03AF92777280715D569
:10577000300713D521686FF00800086104202077F6
:105780002068C0698007204602D0FFF7B7FF04E019
:1057900000F090F8204600F022F92777E80616D5A9
:1057A000F00614D521686FF01000086108202077FA
:1057B0002068C06910F4407F204602D0FFF79EFFAA
:1057C00004E000F077F8204600F009F92777E807B1
:1057D00008D0F00706D021686FF00100086120466C
:1057E00000F04EF9280608D5300606D521686FF07E
:1057F000800008612046FFF752FE680608D5700653
:1058000006D521686FF040000861204600F088FB53
:10581000A8060AD5B00608D521686FF020000861F7
:105820002046BDE8F041FFF73BBEBDE8F081000037
:1058300010B586B00021009101910291039100689A
:10584000B0F1804F2BD11748816941F00801816187
:10585000816901F008010491816941F004018161CD
:105860008069022400F00400049040F60840CDE96D
:10587000000469460C480394FEF7BAFAA003CDE988
:105880000004694609480394FEF7B2FA08494868DB
:1058900020F4407040F0E06040F44070486006B092
:1058A00010BD000000100240000C01400008014043
:1058B00000000140704770B5044690F83C00002697
:1058C0000D4601280FD0012084F83C006AB1042A5B
:1058D0001DD0082A2FD00C2A3FD00126002084F8A2
:1058E0003C00304670BD022070BD206801F09AFE79
:1058F0002068816941F0080181612068816921F097
:1059000004018161206881692A69114311E02068DE
:1059100001F0B4FE2068816941F400618161206872
:10592000816921F480618161206881692A6941EA85
:1059300002218161D2E7206801F0CEFE2068C169B2
:1059400041F00801C1612068C16921F00401C16111
:105950002068C1692A69114311E0206801F0E8FE5E
:105960002068C16941F40061C1612068C16921F406
:105970008061C1612068C1692A6941EA0221C1616F
:10598000ACE710B5040003D094F83D0010B107E077
:10599000012010BD002084F83C00204600F01EF8D5
:1059A000022084F83D00211D206801F0DFFD012068
:1059B00084F8460084F83E0084F83F0084F84000F4
:1059C00084F8410084F8420084F8430084F84400DD
:1059D00084F8450084F83D00002010BD70477047F2
:1059E00010B5044649B104290AD008290BD094F80F
:1059F000410001280AD0012010BD94F83E00F8E7CC
:105A000094F83F00F5E794F84000F2E7022041B334
:105A1000042929D008292AD084F8410001222068CD
:105A200001F0E0FD13492068884203D1426C42F442
:105A3000004242642068884208D0B0F1804F05D00F
:105A40000D49884202D00D49884204D1816801F095
:105A50000701062903D0016841F00101016000201F
:105A600010BD84F83E00D9E784F83F00D6E784F8FB
:105A70004000D3E7002C0140000400400008004033
:105A80002DE9FC5FFE49DFF8FC8388420BD14FF023
:105A90008040406AC8F84C0064282ED2BDE8FC5F04
:105AA000F948FDF789B9F949884226D104F05CFB31
:105AB00004F0E8FEF64DDFF8DC93F74C6878F74E1B
:105AC00003281CD002281AD0042816D1F448FCF769
:105AD00063FC306907F03CFD4A46F24B07F00EFBD1
:105AE0000546EF480E46C06A07F032FD2A463346A7
:105AF00007F044FC06F0BCFFA064BDE8FC9FEA4F41
:105B00004FF4000A4FF0000B022844D1E968706995
:105B100007F080FE3FD0E968706908F092F817D26C
:105B2000286907F015FD4A46E04B07F0E7FA814681
:105B30000091706907F00CFD4A46009B07F01EFCBF
:105B400006F096FF7061E96807F000FF1ED21BE0C7
:105B5000E968706907F0FAFE18D2286907F0F8FCC6
:105B60004A46D24B07F0CAFA81460091706907F0A5
:105B7000EFFC4A46009B06F0ADFF06F079FF70612E
:105B8000E96808F05EF801D2E868706188F805B04D
:105B9000A8F812B038E0B8F8120044F6206290423B
:105BA00003D2401CA8F812002EE098F8050040BB74
:105BB000E868504507DBBE49306907F0F5FC7169BC
:105BC00007F0C4FE0AD3E868B8421AD3B84930696E
:105BD00008F072F8716908F034F812D23069814621
:105BE000B84201D2642001E06FF0630007F082FE4A
:105BF000494607F0D9FC0121706188F80510E8607A
:105C000002E0012088F80500D6E90410B1460090B2
:105C100008F052F8A6490646884201DD0E4603E028
:105C2000A448864200D90646009820F00040009023
:105C300098F8030007F076FE009908F002F853D2B6
:105C400068784146032805D0CA6AC9F80020D8F808
:105C5000301004E0CA6BC9F80020D8F84010C9F829
:105C60000410B8F80C0007F05DFE009907F0E9FF9A
:105C70000FD3914AD9F810004946904202D94A6997
:105C8000BA4206D38D4988425DDDD9F814005045EB
:105C900059DAD8F8240007F05BFC894A894B07F0F1
:105CA0002DFA06F0E5FEC8F82400B8F80C006430C0
:105CB00007F0D4F9CDE90001D9F8100020F0004038
:105CC00007F046FCDDE9002307F0DCF9E06C12D2B6
:105CD00007F03EFC7C4A7D4B07F010FA06F0C8FE48
:105CE000E06431466D48BFE0D8F83420C9F80020A0
:105CF000D8F83810B3E77649884209DC07F028FC69
:105D0000744A754B06F0E6FE06F0B2FEE06400E071
:105D1000E164724AD9F810004946904206D94A69AE
:105D2000BA4203D26E486F49206409E06E4A90423D
:105D300008DDD9F81400504504DA6C486C49206439
:105D4000C8F8241093E0B8F80E0007F0EBFD0099B6
:105D500007F077FF48D8D8F8240007F0F9FB584A35
:105D6000584B07F0CBF906F083FE6249C8F82400CF
:105D7000C1F80CB0D9F81400B8420ED2A968A06CD2
:105D800007F0E4FD07D2A06C07F0E2FB514A524B4A
:105D900006F0A0FE0FE0A86813E0A868A16C80F0F0
:105DA000004007F0D3FD09D2A06C07F0D1FB494AAF
:105DB000494B07F0E3FA06F05BFE02E0A86880F0CA
:105DC0000040A0644B48D9F814105038514503DB0B
:105DD00086F00041016201E03146066245485038D4
:105DE00000F0CCFCE06442E0E06CB0F1404F08D23F
:105DF00007F0AEFB374A384B07F0C0FA06F038FE22
:105E000001E04FF040403B4A86F00046283AE0640B
:105E10001662D9F814004FF07C5150450DDB4FF05D
:105E2000804090613448D061344AD8F82400474615
:105E3000904214D207F040FF0FE0B84211D330482F
:105E400090614FF04040D061D8F824004FF081427B
:105E50004746904203DA07F0A7FB786201E0C8F8F2
:105E6000242024483146283800F088FCA064687853
:105E700003287FF442AE98F80400401CC0B241E011
:105E80004014002000000020081300208814002087
:105E9000242D0020FCA9F1D2942A0020842800207F
:105EA000D42800204D62503F000080804D62403F6A
:105EB00000004843000048C300007AC400007A4450
:105EC0009A9999999999B93F2B8716D9CEF7EF3FAF
:105ED0006666E63F7B14AE47E17A843F000016C455
:105EE000CDCC4C3F000020C100001644CDCC4CBFAF
:105EF00000002041E0120020CDCC4C3E000080C0CC
:105F0000CDCC4CBE88F804000228FFF4F6AD88F82A
:105F100004B0BDE8FC5F014800F0FEBEA02C0020EC
:105F20007047000001490968C863704740140020A9
:105F30000149096808647047401400200149096854
:105F4000486370474014002001490968886370471E
:105F500040140020FEE7F0B500230A243025372640
:105F60001F4610E0B4EB107F02D905EB107C01E076
:105F700006EB107C01F813C001EB430C00015B1C25
:105F80008CF80170DBB29342ECD3F0BD70B58AB0EF
:105F90001C216846FAF770FB0024224807940894F5
:105FA0001F490994016089158160047304750125F6
:105FB00005614FF460214460C161FDF747F808B105
:105FC000FCF7E8FB0820CDE900054FF4E04002268D
:105FD00006908DF81540049602958DF81440694698
:105FE00010480394FCF77EFD08B1FCF7D3FB0920B1
:105FF000CDE9000669460B48FCF774FD08B1FCF7D3
:10600000C9FB1020CDE9070507A906480995FCF74B
:106010002DFF002801D0FCF7BDFB0AB070BD0000C9
:1060200000240140081300203EB5002410480094CD
:10603000019402940D498460016004730475012584
:1060400005614FF460214460C161FCF7FFFF08B1B6
:10605000FCF7A0FBCDE90045694605480295FCF731
:1060600005FF002801D0FCF795FB3EBD002801404C
:10607000381300200F4810B50D4901600E494FF448
:10608000C0220978416000218160C0E90312D2007A
:106090004261017641768176C17601774177FDF7DD
:1060A0002CFC002803D0BDE81040FCF773BB10BDEA
:1060B00000640040B41300205C0000202DE9F04390
:1060C00085B00024284800940194029403948169C7
:1060D00041F020018161816901F020010491816911
:1060E00041F004018161816901F004010491816939
:1060F00041F0080181618069DFF8708000F00800DC
:106100000490002210214046FDF75DFFDFF860900B
:106110004FF48057002239464846FDF754FF0225C8
:10612000CDE90054694640460294FDF761FE0C201B
:106130008DE8310069464046FDF75AFE10200126E1
:10614000CDE9000669464046CDE90245FDF750FE1F
:10615000CDE9007669464846CDE90245FDF748FE9F
:1061600005B0BDE8F08300000010024000080140C7
:10617000000C0140094810B5074901600421416045
:1061800040F6FF718160FDF729FF002803D0BDE8CC
:106190001040FCF7FFBA10BD00300040DC130020B7
:1061A000114810B50F4901604FF482714160002120
:1061B0004FF40062C0E90212022202610122426130
:1061C000520282610822C0E90721416281620A21EC
:1061D000C162FEF7CBFF002803D0BDE81040FCF7FA
:1061E000D9BA10BD00300140E813002010B58EB0C0
:1061F00000240794089409940A940B941C2168467F
:106200000C94FAF739FA2B484FF0804101600121D4
:1062100041602021816040F28331C0E90314802174
:106220008161FFF773F908B1FCF7B4FA4FF48050BD
:10623000079007A91F48FFF7F3F908B1FCF7AAFA7E
:106240001C48FFF79EFB08B1FCF7A4FA0B940BA9BE
:1062500018480C94FFF726F908B1FCF79BFA602068
:10626000CDE9000402940022694612480494FFF725
:1062700022FB08B1FCF78EFA042269460D48FFF7AD
:106280001AFB08B1FCF786FA082269460948FFF7AD
:1062900012FB08B1FCF77EFA0C2269460548FFF7AD
:1062A0000AFB08B1FCF776FA0248FFF7C1FA0EB014
:1062B00010BD00004014002010B586B0002417481F
:1062C000009401940294039404941349059401608A
:1062D0004721C0E9011440F2F311C0E903148461BD
:1062E000FFF714F908B1FCF755FA4FF4805000900D
:1062F00069460A48FFF794F908B1FCF74BFA049491
:1063000004A906480594FFF7CDF8002801D0FCF752
:1063100041FA06B010BD00000004004088140020BF
:1063200070B51A4C2568206820F470202060206821
:1063300040F44030206015480830016821F4805155
:1063400001601420FDF71EFC256000221049114851
:1063500001F0FEFC08B1FCF71DFA0F490D4801F0F1
:10636000DAFE08B1FCF716FA0C490A4801F00AFBFC
:1063700008B1FCF70FFA074801F022FF002803D00C
:10638000BDE87040FCF706BA70BD0000040801408B
:1063900060000020D0140020AC010020B0000020DC
:1063A000FEE7FEE72DE9F05F04464FF0060A4FF4E2
:1063B00080694FF0000BC0E1B0F8441011F00F06F7
:1063C0003AD030F826805FEA08417DD530F82610B3
:1063D00040F68F72114041F0800120F8261006EB44
:1063E000860004EBC00595F85C0105F5A87500284A
:1063F0006BD0E878022869D02978206830F821200D
:1064000048F68F731A4048F2C0031A4320F821203F
:106410002978206830F82120B0F8503052047DD51A
:10642000022202EBC1015A1809EB4201415A8F05C1
:10643000BF0D74D02A89D9E0C9062CD4018848F64A
:106440000F72114041F400410180206804F11005F1
:10645000B0F85020237C022101EBC3010A4409EB70
:106460004201405AC0F30900E062616A0844606278
:1064700000212046FDF7AFFE607B00289BD0A86975
:10648000002898D1607B216840F08000A1F84C0082
:1064900084F80DB051E1018804F5A8750A0521D5ED
:1064A000B0F850202B780AEBC3010A4409EB4201F3
:1064B000405A04F52671C0F30903EB61EA882068AD
:1064C00002F09DFC206802E0A8E06FE07DE001881A
:1064D00040F68F72114041F0800101802046FEF7A6
:1064E000EFFA2AE10904D5D5018840F68F721140F0
:1064F00041F0800101802068B0F850202B780AEB31
:10650000C3010A4409EB4201405A83059B0DEB612C
:1065100010D0696971B1EA88206801E05CE05AE056
:1065200002F06DFCE9696869084468610021204651
:10653000FDF75AFE206801880A05ABD4C1F301318A
:106540000329A7D0B0F850100844B0F80C14C1F3D8
:106550000901A0F80C14296900F20C403E2909D960
:106560004A09C90600D1521E01884FF4004343EA8C
:10657000822209E0B1B14A08C90700D0521C018843
:106580004FF6FF7303EA82221143018020680188DD
:106590004BF68F72114081F4405148F28002114352
:1065A0000180CAE0018841F40041EEE72068B0F8BC
:1065B00050202B780AEBC3010A4409EB4201415AEF
:1065C0008F05BF0D16D0EA8810E0424629462046C6
:1065D000FDF779FE07460DE00AEBC1015A1809EBF9
:1065E0004201415A8F05BF0D04D06A893B46696953
:1065F00002F005FCE8693844E8616869384468617C
:10660000A86910B12869B84204D929782046FDF755
:10661000EBFD03E02946206802F066F95FEA0860B6
:1066200030D506EB860004EBC001206830F8262048
:1066300048F60F731A4042F4004220F82620C87C26
:10664000103101281FD05FEAC85072D42068B0F81A
:1066500050300D78022202EBC502134409EB4302CD
:10666000805A8A69C0F3090082425AD9121A8A6193
:1066700059D04A6902444A61CA691044C861206815
:1066800002F032F959E0C1F818B0087B5B4620B33C
:106690005FEA486022D5487810B1012814D03EE066
:1066A0002068B0F8502010440A7800EB0210B0F8CF
:1066B0000424C2F30902A0F80424B0F8042442F42C
:1066C0000042A0F804242AE02068B0F850201044CA
:1066D0000A7800EB0210A0F8043420E04A78206821
:1066E00012B1012A13D01AE0B0F8502010440A78F1
:1066F00000EB0210B0F80C24C2F30902A0F80C243D
:10670000B0F80C2442F40042A0F80C2407E0B0F8E2
:10671000502010440A7800EB0210A0F80C340978DD
:1067200002E0C1F818B0E9B22046FDF754FD04E0DC
:10673000FFE742462046FDF738FE2068B0F84410D7
:1067400009043FF539AE0020BDE8F09F70B5DDE9E2
:106750000554049E466180E80E000021C1604FF0A0
:1067600081418C4200DD0C4603498D4200D90D4623
:10677000C0E9064570BD0000000080C070B50E463F
:1067800004464168304607F015F9E16806F00CFF51
:10679000E060A16907F055FA01D2A06905E0E1695E
:1067A000E06807F0D3F801D2E069E0603046616A42
:1067B00007F082FAA16807F0FDF805463146206827
:1067C00007F0F8F8E16806F0EFFE294606F0ECFE67
:1067D0000546A16907F035FA01D2A56905E028460A
:1067E000E16907F0B3F800D2E5696662284670BD3A
:1067F0007047000070B5044600F01CF801462046C2
:1068000007F05AFA0A4D0446B0F5000F05DB0421E3
:106810002846FDF7D3FB012809D014F1FF4F05D31B
:1068200008212846FDF7CAFB012800D0002070BDD2
:10683000000801400148FBF73BBF0000002D00208D
:106840002DE9F84F4C4E04467078032866D194F831
:106850002600DFF828914A4DDFF828B1DFF828A19B
:106860004FF00008002859D1FFF7E4FF606022686C
:106870000146104607F020FA074620F0004000903D
:106880000121206C07F0EFFA009907F05FF847D27A
:10689000012184F8261084F8251084F8248084F8D7
:1068A000288084F85810394A394BC9F80C80C9E956
:1068B0000023C9F82070394610461034C5F80C8002
:1068C00007F078F8054654F810094FF0FF3107F04B
:1068D000CAFA304907F06EF806460146284607F026
:1068E000B0F900D2354686F000400646294607F04A
:1068F000A8F900D235465E46216C009807F0A1F950
:106900000BD225F00040314607F020F805D2B7F54C
:10691000000F01DB354600E05546E561BDE8F88F24
:106920004FF0FF31206C07F09EFA009907F00EF847
:1069300018D23846A16B07F03DF804465F46594629
:1069400007F07FF900D23C4657465046214607F0F3
:1069500078F900D23C460F49204606F099FEF060D7
:106960006861DBE7C6F80C80C5F81480C5F80C80B8
:10697000C9F80C80D2E70000242D0020AC280020AC
:10698000842800200000F0410000F0C1CDCCCC3DB7
:106990000AD7A33B0000C0402DE9FE4F0446DDE9C5
:1069A0000C9A1F4690460E461F48FBF713FE002523
:1069B00044F8085F201D276180E86001A562E56258
:1069C000C4E90E9A65772577E577A577012084F8E5
:1069D000200084F850506561A56165622564656496
:1069E00084F84850E56444F8545F104844F8240C97
:1069F0000D4844F8205C0F4F416844F8581CC068AB
:106A000044F85C0C0A4C0C49304606F0D3FF80F089
:106A10000041CDE9005102902B463A4621460748F5
:106A2000FFF794FEBDE8FE8F002D0020CDCCCC3DBD
:106A3000CDCC4C3E6F12833A0000C040AC28002001
:106A400010B50B4904460948C8600A4948610A491B
:106A5000206807F031F9094920600120087084F8A6
:106A60002600002084F8250010BD00000000F0C2C0
:106A7000242D0020842800204054094C16120020A8
:106A800070B504460E480F490125008808800E485D
:106A900005700E48FBF79EFD0C480F4A4168616087
:106AA000C06820600020A060E060094984F8285098
:106AB00084F82600C8600749C860D060486170BD8E
:106AC000F8010020241200201A120020002D0020BE
:106AD000AC28002084280020242D002070B500253B
:106AE0000160044680F85850FFF7A4FE606001463C
:106AF000A060206807F0E0F8014620F00040206325
:106B00000122606384F8272084F8262084F8252059
:106B100084F82450194AE56184F82850D560116240
:106B20001749184BCD60984203DD1748106017488D
:106B300009E0174B984203DA16481060164802E045
:106B400016481060164850601648194A80688861D7
:106B500080F00040C86114480860144848606069CB
:106B6000904203DD13480860134805E0134A904241
:106B700003DA134808601348486070BDAC28002051
:106B80008428002000004843CDCCCC3E6F12033B4C
:106B90000000A0419A99193E6F12033A9A99993EC2
:106BA0006F12833A242D00208FC2753C52491D3943
:106BB0000000FA44CDCCCC3C6F1283390000FA437C
:106BC0006F12033CACC5A73870B50446006806F0E8
:106BD000EBFC0025206084F85850FFF72BFE606026
:106BE0000146A060206807F067F8014620F00040E9
:106BF0002063606384F82750012284F8262084F8FB
:106C0000252084F824501A4AE56184F82850D5607C
:106C100011621849184BCD60984203DD1748106087
:106C2000174809E0174B984203DA174810601748D5
:106C300002E017481060174850601748194A8068EA
:106C4000886180F00040C8611448086014484860BA
:106C50006069904203DD14480860144805E0144A56
:106C6000904203DA134808601348486070BD000082
:106C7000AC2800208428002000004843CDCCCC3E26
:106C80006F12033B0000A0419A99193E6F12033A1C
:106C90009A99993E6F12833A242D00208FC2753C39
:106CA00052491D390000FA44CDCCCC3C6F128339D7
:106CB0000000FA436F12033CACC5A73870B500253D
:106CC00080F82650044680F82550032084F82400DC
:106CD0000120E56184F828000C34FFF7ABFD44F88F
:106CE0000C0C09480A490022C5600848C560CD60FF
:106CF00045611146074804F093FBBDE87040002150
:106D0000044803F02FBC0000AC2800208428002099
:106D1000242D0020942A00202DE9FF5F0446FFF770
:106D200089FD606094F82610AA4DDFF8AC924FF010
:106D3000000A4FF4000B69B322680146104606F0C2
:106D4000BBFF064620F000408046216C06F0FEFDA9
:106D500026D22888401C80B228800A2822D302200C
:106D600084F82500032084F8240044F81CAF012196
:106D700084F80AA0217399499A4AC1F80CA098494D
:106D8000C1F814A0C2F80CA0C1F80CA0A5F800A08E
:106D9000BDE8FF9F04B02046BDE8F05FFFF750BD9F
:106DA000A5F800A0904D2069294606F003FE07468D
:106DB0002946606906F0FEFD03902946A06906F0A9
:106DC000F9FD0190E569012125F00040009001984E
:106DD00007F049F800990290084606F0EBFD029989
:106DE00006F056FC216C06F0DFFB414606F029FF59
:106DF00056D8022084F824007C49019806F0DAFD78
:106E000001465D450DDB284606F056FF0546206C21
:106E1000314680F0004006F014FF1FD34D450DD2DF
:106E20001DE04D450CD3284606F0BEFB0546304616
:106E3000216C06F006FF08D35D4510DB00250EE04F
:106E40003046216C06F0FDFE01D2694D07E0206C52
:106E5000314680F0004006F0F4FE00D2654D6649F0
:106E600088451BDA5F4831460662FFF787FC6349B5
:106E70000546009106F0E5FE00D2009D60482946D7
:106E800006F0DFFE00D25E4D5E4502DB4D4500D3CD
:106E9000554D4E4502D35D4500DB5A4DE5613CE062
:106EA0004FF07E51384606F007FF009906F0C9FE04
:106EB00062D284F824A04D49039806F07BFD014678
:106EC000E0695E4508DB06F06FFB3946E06106F0DD
:106ED000B8FE0CD2E7610AE006F0EEFE87F000454E
:106EE0000146E061284606F0ACFE00D2E56130467E
:106EF000216C06F0A6FE04D2E069584501DA3C4850
:106F00000AE0206C314680F0004006F09AFE04D280
:106F1000E069484501D23748E0613749E56988456D
:106F20001FDD31462F48FFF729FC019036493846CE
:106F300006F040FD01460090019806F082FE01D265
:106F4000009801900098019980F00040009006F0B0
:106F500078FE01D2009801902846019906F024FBA2
:106F600005464046216C06F06CFE15D25E450DDBF1
:106F70004D450BD3254D10E0012084F824005E45DB
:106F800001DB3846C8E787F00040C5E74E4504D32B
:106F90005D4502DB1E4D00E000253946284606F01F
:106FA00050FE00D23D4687F000400746294606F0D5
:106FB00048FE00D23D460C49284606F069FB0749C9
:106FC000C86007494861C4F83480E66084F828A0A6
:106FD000DEE600000812002000008080242D002042
:106FE00084280020AC2800200000C0406F12833AA3
:106FF0000000F0410000F0C10000A0400000B442D9
:107000000000B4C20000C0C0CDCC4C3D0000904197
:10701000000090C170B50024084D00F0E5F838B1CB
:107020000648083040886880BDE8704006F07ABCA9
:10703000641CE4B20A2CF0D36888F5E7E401002070
:107040002DE9FF4700275748B846A0F108060780FA
:10705000478037703C464FF4FA6A534DDFF84C9145
:1070600001F0D0FF002210465346C72807D005EB99
:10707000400135F810C0498804E0494205E02988FC
:10708000B5F88EC1B1EB0C01F7D489B2994202D99F
:10709000C1F5804189B242391D2901D2521CD2B2B8
:1070A000401CC0B2C828E0D3C82A0FD00022114625
:1070B0003F4804F0B5F900213D4803F053FA641C41
:1070C000E4B2052CCCD3B8F1000F50D00021084613
:1070D00005EB400235F810305288D21A002A01DD43
:1070E000491CC9B2401CC0B20A28F1D301240829A6
:1070F00002D30B20746003E04FF0FF307060162065
:10710000A5F89001C92228492A48FBF73FFC6420D2
:10711000FCF738FD347099F800004C46F0B1C022FD
:1071200000970197029700231146DD20039704F092
:107130000DF92148FBF7D8F96420FCF723FD2078EE
:1071400088B11E48FDF75AF8FBF7A4F91420FCF7A4
:1071500019FD72B6BDE8FF47FDF70CB8102118A065
:10716000FBF708FAE8E71B48FCF754FCEEE799F850
:10717000000078B10097019702970023FF22C021F9
:10718000DD20039704F0E2F804B00B48BDE8F047B7
:10719000FBF7AAB904B00E21BDE8F0470EA0FBF73B
:1071A000E9B90000EC010020F026002002000020D8
:1071B000942A002000F8000868130020F42300201F
:1071C00041646A7573742053756363657373210A30
:1071D00000000000B413002041646A7573742046F7
:1071E000616C7365210A00002DE9FE4F4FF40340E6
:1071F000ADF804004FF404400024DFF8B8B02E4D81
:10720000ADF806000DF104090DF1080A661E4FF0F5
:107210000108002210215F465846FCF7D4FE0123E6
:1072200002AA01A925480096FEF732F80122102192
:107230003846FCF7C8FE002210213846FCF7C3FE92
:1072400001230AF1020209F102011C480096FEF72F
:107250001FF8012210213846FCF7B5FEBDF80800E2
:10726000BDF80A20C0B260F31F2200212A80084620
:10727000434603FA00F73A4201D0491CC9B2401C08
:10728000C0B21028F5D3C80706D00020641CE4B2B1
:107290002871032CBDD308E085F80480C2F38D006B
:1072A0006880C2F34000687110B10020BDE8FE8F15
:1072B0000120FBE700080140EC010020E81300205A
:1072C000F8B515460E460B460092044601220221EF
:1072D00000F010F840B93346002280212046009586
:1072E00000F008F8002804D0606D40F020006065D0
:1072F0000320F8BD2DE9F8431E4691468846044612
:10730000089DFCF765FE401B351AFCF761FE074639
:1073100025480068C0F3CB30684338E0701C37D094
:10732000FCF756FEC01BA84203D215B1009860B30B
:107330002CE02068416821F0E00141606068B0F510
:10734000827F0BD1A068B0F5004F02D0B0F5806FFE
:1073500004D12068016821F040010160A06AB0F505
:10736000005F09D12068016821F4005101602068A4
:10737000016841F400510160012084F851000020AF
:1073800084F850000320BDE8F8830025401E0090DB
:107390002068816838EA010004D000204845BDD14A
:1073A0000020F0E70120F9E7CC0000207047000042
:1073B000F0B53B4852213D4F008807F5C876B0FB39
:1073C000F1F438490B883849C833C8250A6802FBEC
:1073D000043191FBF5F305FB131CACF101010CF139
:1073E000010C2BE0012A07EB410309D05C8837F838
:1073F00011309C421AD283421FD3844209D91CE027
:107400005B8837F81140A3420AD9844215D88342D9
:1074100013D3C83191FBF5F305FB131131700FE065
:107420000BD2844209D803F58043F0E705D98342A3
:1074300003D300F580439C42EBD9491C6145D1DD63
:1074400031781B4B4C1CB4FBF5FC33F9113005FBB8
:107450001C44736037F8144037F81110544301FB93
:1074600002F5AC4202DD401A50430BE043F648748B
:10747000012A04D0A042A1EB00000CD802E0A042F7
:1074800005D9401A000290FBF3F03081F0BDC1F540
:1074900080410844F6E7000200F58000F3E70000B1
:1074A000F801002000020020E8010020042900204B
:1074B000102B0020002205E00621491E89B2FCD2D3
:1074C000521C92B28242F7D37047FCF7BBBD30B575
:1074D00093B028216846F9F7CFF814210AA8F9F7E4
:1074E000CBF800240F9409200121109400901194EE
:1074F00012944FF4803004910691CDE901040225E5
:10750000CDE907504FF4E01009906846FDF7A2FC62
:1075100008B172B6FEE70F20CDE90A054FF480608E
:10752000CDE90C4002210AA80E94FDF7C1FB08B179
:1075300072B6FEE712200F904FF40040CDE911041F
:107540000FA8FDF741FB002801D072B6FEE713B08B
:1075500030BD70470148FEF7D2B80000401400204B
:107560000148FEF7CCB8000088140020F0B502688E
:10757000194C1A4D1A4E4FF08047A04205D0B84220
:1075800003D0A84201D0B04203D122F070034A6870
:107590001A43A04205D0B84203D0A84201D0B0425D
:1075A00003D122F44073CA681A434B6922F0800267
:1075B0001A4302608A68C2620A688262A04201D1EC
:1075C00009690163012141610169C90703D00169AA
:1075D00021F001010161F0BD002C014000040040D8
:1075E0000008004010B501F01F010123046A8B4020
:1075F0009C430462036A8A401343036210BD10B5C2
:10760000846842EA032224F47F440A4322438260CE
:1076100010BD826822F070020A4342F007018160C7
:107620007047000030B5026A036A23F00103036269
:107630004368846924F073050C682C4322F002052A
:107640008A682A430C4DA84206D122F00805CA6870
:1076500042EA050222F0040207D14D6923F4407387
:1076600045EA03058B6943EA050343608461496881
:107670004163026230BD0000002C014030B5036A56
:10768000026A22F010020262426884690D6824F4E2
:10769000E64444EA05248D6823F0200343EA0513F9
:1076A0000C4DA84206D1CD6823F0800343EA0513B0
:1076B00023F0400307D14D6922F4406242EA85027B
:1076C0008D6942EA85024260846149688163036290
:1076D00030BD0000002C014030B5026A036A23F47B
:1076E000807303624368C46922F4007224F0730556
:1076F0000C682C438D6842EA05220C4DA84206D145
:10770000CD6822F4006242EA052222F4806207D1A9
:107710004D6923F4405343EA05138D6943EA051389
:107720004360C4614968C163026230BD002C0140FE
:1077300030B5046A026A22F4805202624268C36968
:107740000D6823F4E64343EA05238D6824F40054CE
:1077500044EA0534064DA84204D14D6922F4804222
:1077600042EA85124260C36149680164046230BD27
:10777000002C014010B5046A036A23F00103036280
:10778000836923F0F00343EA021324F00A020A4358
:107790008361026210BD10B5036A046A24F010040C
:1077A0000462846923F0A00324F4704444EA0232A2
:1077B00043EA01118261016210BD2DE9F041D0F868
:1077C000C062D0F8B822CAB101EB810300EB830498
:1077D0000027E5693DB106EBC3031B6AB5FBF3F671
:1077E00003FB165323B1C2F814720020BDE8F081E8
:1077F00000231A46E76100F071FCF6E70220F5E786
:1078000070B50546D0F8B84200F06DFBC4F80C0224
:10781000D5F8B80248B1D5F8BC12D4F80402CA6849
:1078200004F503719047002070BD022070BD70B553
:1078300004460026812100F0A9FA002501212046F6
:10784000E56200F0A3FA82212046C4F86C5100F0F2
:107850009DFA2564D4F8B80248B1D4F8BC0204F506
:107860002E7440688047206800F007FE256030468F
:1078700070BD10B5D0E9AE4159B194F80002FF28AF
:1078800007D08B6894F8012221469847FF2084F89E
:107890000002002010BD00000A210180004870474E
:1078A000D4000020432101800048704724010020BB
:1078B0004321018000487047E000002043210180FF
:1078C00000487047680100202DE9F0410446002679
:1078D000007C4FF40077012590B3402302228121E0
:1078E000204600F054FB4023E5620222012120469D
:1078F00000F04DFB0823032282212046C4F86C517E
:1079000000F045FB4FF40770256400F0B7FDC4F8A4
:10791000B802F8B10546D4F8BC02006880470021DF
:10792000C5F81412C5F81812207CD5F8042298B1B5
:1079300040230121204600F036FB3046BDE8F081AF
:10794000FFE73B4602228121204600F020FB3B4618
:10795000E562CAE70126F0E73B46EAE710B5D0F852
:10796000B81269B1027C002AD1F8042205D0402364
:10797000012100F018FB002010BD4FF40073F7E761
:10798000022010BD02460220002902D00020C2F8C9
:10799000BC127047D0F8B802C0F80412002070473B
:1079A000D0F8B802C0F81022C0F8081200207047C2
:1079B0002DE9FC410546D0F8B87200208DF8000092
:1079C000ADF80400064608780C4610F0600121D09E
:1079D00020293BD1E288AAB10006607807D5D5F806
:1079E000BC128B6839469847E288394626E087F80A
:1079F0000002A07987F80102E2883946284600F0A3
:107A00006AF828E0D5F8BC12607800228B6821461D
:107A1000984720E0607820B10A2809D00B2815D1BA
:107A200010E095F89C02032810D1022201A905E07C
:107A300095F89C02032809D101226946284600F0E6
:107A400064F808E095F89C02032804D021462846F3
:107A500000F036F802263046BDE8FC8110B5D0F8BB
:107A6000B812A1B1D1F814220AB1012010BD01222F
:107A7000C1F81422D1F810220263B1F8102293B297
:107A8000D1F80822812100F029FB002010BD02203E
:107A900010BD10B5D0F8B42252689047002010BD38
:107AA000134610B50A46002100F07DFA002010BDF3
:107AB000134610B50A46002100F010FB002010BD4F
:107AC00010B50446802100F0EEFA2046BDE81040D3
:107AD000002100F0E8BA10B50323C0F85C21C0F81B
:107AE0009432C0F8602113460A46002100F05BFA88
:107AF000002010BD10B505210023C0F894121A46CD
:107B0000194600F050FA002010BD10B50223C261E2
:107B1000C0F89432026213460A46002100F0DEFAF1
:107B2000002010BD10B504210023C0F894121A469D
:107B3000194600F0D3FA002010BD000010B50A4627
:107B4000024903A000F0D4F8004810BD94170020AB
:107B500043444320436F6E6669670000122008802B
:107B6000004870478000002010B50A46024903A073
:107B700000F0BEF8004810BD941700204344432095
:107B8000496E7465726661636500000004200880B8
:107B9000004870477C00002010B50A46024903A047
:107BA00000F0A6F8004810BD941700204A484D0088
:107BB00010B50A46024903A000F09AF8004810BD2B
:107BC000941700204A484D5F34325F464F4300000F
:107BD00010B51A2008800A480168001D0468001DBD
:107BE0000068081809D008220649FEF7B4F90549CB
:107BF000042210312046FEF7AEF90248801E10BD67
:107C0000E8F7FF1F96000020F8B504460020ADF805
:107C1000000048880D46010A082948D2DFE801F033
:107C20004704091747473D45D4F8B012207C0A683D
:107C300019E0207C02260028D4F8B40205D0C16ADD
:107C400068468847014646703EE0816AF8E7C0B260
:107C500006282CD2DFE800F0030B1115191DD4F80B
:107C6000B002426806E06946904701462CE0D4F82D
:107C7000B0028268DAB1207CF5E7D4F8B002C268BD
:107C8000F8E7D4F8B0020269F4E7D4F8B002426928
:107C9000F0E7D4F8B0028269ECE7207C38B9D4F878
:107CA000B402416B68468847DFE7207C20B1294653
:107CB0002046FFF705FFF8BDD4F8B402016B684613
:107CC0008847014607204870BDF8000048B1EA889F
:107CD00052B1824200D90246ADF800202046FFF79B
:107CE00014FFE8880028E6D12046FFF71BFFF8BD07
:107CF00070B5002300281ED00446002502E06D1C4C
:107D0000EDB2641C2678002EF9D1022404EB450460
:107D100014801278CA545B1C0322CA5400245B1CD2
:107D200006E0CA545B1CDAB28C54521CD3B2401C1D
:107D30000278002AF5D170BD01004FF0000004D098
:107D4000012901D0022901D002207047012070478B
:107D500010B580B1D0F8B43213B10023C0F8B432FA
:107D600009B1C0F8B012012180F89C12027000F035
:107D7000BFF8002010BD022010BD10B5D0F8C00221
:107D8000FCF774FABDE81040FFF7D6BF10B5D0F885
:107D9000C002FCF746FABDE81040FFF7CDBF2DE961
:107DA000F0411746044651B1D4F8B40242691AB101
:107DB00094F89C02032851D00220BDE8F081D4F849
:107DC0009432002504F11400022B03D0042B3AD086
:107DD000C3B33CE0D0E903639E4207D9F11AC16006
:107DE0008AB239462046FFF763FE12E08068B0FB96
:107DF000F3F103FB110199B9984211D3D4F8981209
:107E000088420DD2002211462046FFF751FEC4F8E9
:107E1000985200231A461946204600F0C4F816E08E
:107E2000D4F8B402C16829B194F89C02032801D1A6
:107E3000204688478021204600F035F92046FFF78C
:107E400059FE04E0FFE78021204600F02CF994F869
:107E5000A002012804D184F8A05201E020469047F6
:107E60000020AAE770B51546044649B1D4F8B4021B
:107E700082691AB194F89C02032830D0022070BDA8
:107E8000D4F8941204F5AA70032902D005291ED053
:107E900027E0D0E903318B420BD95B1AC360084657
:107EA000834200D303469AB229462046FFF7F8FDE5
:107EB00017E0D4F8B402016929B194F89C020328B0
:107EC00001D1204688472046FFF72CFE09E000201C
:107ED0000146C4F89402204600F0E5F801E020468F
:107EE0009047002070BDD0F8C002FCF7FFBB000037
:107EF00010B504461C481D49C0F8D442C4F8C0025D
:107F00000160082101710221817100218172C17219
:107F10000173FCF71FFD08B1FAF73CFC0022D4F80E
:107F2000C0021823114604F53074FCF735F95823C4
:107F3000002280212068FCF72FF9C0230022812134
:107F40002068FCF729F94FF488730022012120688A
:107F5000FCF722F94FF48073002282212068FCF79D
:107F60001BF9002010BD0000F4230020005C00403D
:107F70000A0601F07F01D0F8C00201EB810100EB9D
:107F8000C10001D5807C704790F85201704710B550
:107F90001C461346D0F8C0022246FCF7B0FBBDE8F1
:107FA0001040FFF7C9BE10B5D0F8C002FCF7D3FBF4
:107FB000BDE81040FFF7C0BE70B500220446402364
:107FC0001146FFF7E4FF40260125C4F864613346FB
:107FD000002280212046C4F85851FFF7D8FF66627E
:107FE000A56184F89C520020C4F894026060C4F833
:107FF000A402D4F8B80228B1D4F8B402002142682F
:1080000020469047002070BD90F89C12042903D1AF
:1080100090F89D1280F89C120020704710B590F8DF
:108020009C12032904D1D0F8B412C96901B1884760
:10803000002010BD01740020704710B5D0F8C002B8
:10804000FCF72BFDBDE81040FFF776BE70B5044687
:1080500000F52A70054600F04AF80120C4F89402A1
:10806000B4F8AE02C4F8980294F8A82212F01F00E7
:108070000AD001280DD0022810D002F0800120463D
:1080800000F011F8002070BD2946204600F09DF850
:10809000F8E72946204600F0C9F9F3E729462046CB
:1080A00000F01CF9EEE710B5D0F8C002FCF76AFB4F
:1080B000BDE81040FFF740BE10B5D0F8C002FCF795
:1080C00006FDBDE81040FFF737BE90F89C1280F81F
:1080D0009D12042180F89C120020704710B5D0F842
:1080E000C002FCF787FBBDE81040FFF725BE0A7809
:1080F00002704A7842708A78CB7802EB0322428081
:108100000A794B7902EB032282808A79C97902EBE2
:108110000121C18070470246002011B1C2F8B4129B
:1081200070470220704710B5D0F8B42202241AB16B
:108130001268904700B90024204610BD70B50E4665
:108140001E4D897804462970012931D894F89C0283
:1081500002280BD003280FD031462046FFF7B0FC91
:1081600029782046BDE87040FFF793BCD9B10320C1
:10817000616084F89C0209E071B16068884212D0A5
:10818000C1B22046FFF785FC297861602046FFF7E1
:10819000CAFF02280CD006E0022084F89C02204688
:1081A0006160FFF776FC2046BDE87040FFF7BABC7F
:1081B00031462046BDE87040FFF782BCD000002069
:1081C00010B5FFF779FF002010BD2DE9F0410A78C6
:1081D000002712F0600208D0202A01D0402A70D176
:1081E000D0F8B422926890476DE04A7800230126C7
:1081F0000A2A66D2DFE802F0405D6557650805652A
:108200002C29FFF701FD5EE004468888D8B9C888AC
:10821000C8B94888802816D200F07F0594F89C02DF
:10822000032810D084F89E5229462046FFF705FF08
:108230002046FFF777FC1DB1022084F89C0242E043
:1082400084F89C623FE020463BE0FFF777FF3AE08E
:10825000CA88012A35D190F89C22012A04D0022A2A
:1082600002D0032A2DD104E0012200F1080183602D
:1082700016E00122011D13E090F89C22012A03D090
:10828000022A01D0032A1CD1CA88022A19D1C66049
:10829000D0F8A41209B10321C160022200F10C013F
:1082A000FFF733FC0FE0498801290CD1C0F8A46224
:1082B00011E090F89C22012A08D0022A06D0032A55
:1082C00004D0FFF7FDFB3846BDE8F081498801295D
:1082D000F9D1C0F8A432FFF725FCF4E72DE9F0410D
:1082E0000A46044613780027097913F060000AD083
:1082F000202801D0402850D1D4F8B4021146836818
:10830000204698478FE0C3F34110012806D05078EB
:10831000D0B301282AD003283FD107E0D4F8B40213
:10832000114683682046BDE8F041184794F89C0246
:10833000022802D0032872D10AE071B380296ED0DE
:108340002046FFF7B0FE80212046FFF7ACFE6AE032
:10835000508838B931B1802904D0D08810B920466E
:10836000FFF7A1FE2046FFF7DDFB5CE094F89C02DE
:108370000228E2D0032852D1508898BB4806F1D099
:108380002046FFF7FAFCEDE7FFE794F89C02002691
:10839000022803D0032842D112E040E009B180292D
:1083A0003DD1080601F07F0000EB800004EB800166
:1083B00001D5143101E001F5AA7102220E602AE014
:1083C000080601F00F0000EB800004EB80000AD5E6
:1083D000806920B301F07F0000EB800004EB800592
:1083E00014350BE01FE0D0F85801C0B101F07F0058
:1083F00000EB800004EB800505F5AA7541B18029EA
:1084000006D02046FFF7B4FD10B10120286000E03F
:108410002E60022229462046FFF777FB03E0114633
:108420002046FFF74DFB3846BDE8F08170B50546A4
:1084300008780C4610F0600203D0202A01D0402AB0
:1084400016D195F89C22012A03D0022A01D0032AD2
:108450000ED1207901280BD8D5F8B40282682846BD
:108460009047E188014306D12846FFF75BFB02E015
:108470002846FFF725FB002070BD70470048704775
:10848000D42100202DE9F0470D78002730F8252071
:1084900048F68F131A40CB78002B72D0012B76D080
:1084A000022B02D0032B6FD0012748F28004224315
:1084B00020F825200A7830F8223048F68F752B40B6
:1084C0001343234320F822300B7B48F2C00948F6BF
:1084D000BF724CF2800A4BF68F7CE3B3CB78022B51
:1084E0000B7830F8236078D048F68F6806EA0806E3
:1084F000264320F82360B0F850300E78034403EB95
:1085000006130E8926F00106A3F80064B0F8503077
:108510000E78034403EB06134E8926F00106A3F8F8
:1085200008644B78002B0B7830F823604FEA4646FE
:108530007ED0002E06DA30F823602E4046EA0A0686
:1085400020F823600B7830F82360760608D530F8E1
:1085500023602E4000E01DE046EA090620F8236073
:10856000CB78012B0B7830F8235005EA02057CD03C
:1085700085F02002224320F82320B7E001E006E046
:1085800002E042F4007290E742F4C0628DE742F4E8
:1085900080628AE74B784BB3B0F850300E780344D2
:1085A00003EB0613CE8826F00106A3F800640B78CF
:1085B00030F82360760606D530F823602E4046EA70
:1085C000090620F82360CB78012B07D0097830F812
:1085D0002130134083F020028DE05EE0097830F80E
:1085E00021301340234320F8213087E0B0F8502099
:1085F0000B78024402EB0312CB8823F00103A2F8AC
:108600000834B0F850200B78024402EB0312B2F8A1
:108610000C34C3F30903A2F80C340B6902F20C42C8
:108620003E2B0BD95E09DB0600D1761E138800E0D5
:1086300039E04FF4004848EA862609E00BB35E08AB
:10864000DB0700D0761C13884FF6FF7808EA8626F1
:10865000334313800A7830F822305B0408D530F8B1
:1086600022302B4043EA0A0300E03CE020F82230AD
:10867000097851B130F8212002EA0C0282F400524C
:1086800039E0138843F40043E3E7018801EA0C0171
:1086900081F440512143018030E02E4048F280189F
:1086A00046EA080625E7002E06DA30F823602E4059
:1086B00046EA0A0620F823600B7830F82360760635
:1086C00006D530F823602E4046EA090620F82360DC
:1086D0000B7830F8235005EA0C0585F44055254306
:1086E00020F823507AE7254320F82350097830F802
:1086F000212002EA0C02224320F821203846BDE85E
:10870000F087002070472DE9F04391F80C804C78F9
:108710000A7848F6BF774BF68F7948F2800548F221
:10872000C0064CF2800C48F68F73B8F1000F29D0C8
:10873000002C30F822404FEA444448D0002C06DA9E
:1087400030F822401C4044EA0C0420F822400A7809
:1087500030F82240640605D530F822401C403443EE
:1087600020F822400A7830F822401C4044EA0C04E9
:1087700020F822400A7830F822303B402B4320F882
:10878000223019E0002C30F822400CD0640605D5C8
:1087900030F822401C40344320F82240097830F859
:1087A00021203A400DE0640406D530F822401C40F8
:1087B00044EA0C0420F82240097830F8212002EA2B
:1087C00009022A4320F821200020BDE8F083002C74
:1087D00006DA30F822401C4044EA0C0420F822401B
:1087E0000A7830F82240640605D530F822401C4053
:1087F000344320F822400A7830F822401C403443A9
:1088000020F822400A7830F8223003EA09032B438B
:1088100020F82230C2E70020704700207047012175
:1088200020F8401F002101808180018208467047A6
:1088300030F8401F21F43F410180002070470020A4
:10884000704730B50A7BA2BB4A7848F68F75002A7C
:108850000A7848F2800430F8223015D05B0607D53C
:1088600030F822302B4048F2C0052B4320F822304C
:10887000CA78012A1DD0097830F8212048F6BF7344
:108880001A4082F0200211E05B0407D530F8223054
:108890002B404CF280052B4320F82230097830F829
:1088A00021204BF68F731A4082F44052224320F865
:1088B0002120002030BD10B54A780978002A48F2FE
:1088C000800330F8212005D048F6BF74224082F0A2
:1088D000100204E04BF68F74224082F480521A4357
:1088E00020F82120002010BD2DE9F0470C464B78E0
:1088F000097B05464FF0000948F68F7248F2800A5E
:108900004FF400474FF6FF78012B09D000296FD0B4
:10891000E07802286DD001286CD00120BDE8F087F6
:10892000A6692069864200D9064691B1E1780229FC
:108930001ED0206A801B2062207835F8201049065E
:10894000B5F85010294401EB001073D5A0F80C6461
:1089500016E1B3B2E2882846616900F076FAB5F80C
:1089600050002178284400EB0110A0F804640DE1C8
:10897000216A8142207876D935F82010114048F2DA
:108980008012114325F82010206A801B2062207875
:1089900035F820104906617871D511B101292AD026
:1089A00030E0B5F85010294401EB0010B0F80C1479
:1089B000C1F30901A0F80C1400F20C403E2E07D9B7
:1089C0007109F20600D1491E028847EA812107E0B9
:1089D0004EB17108F20700D0491C028808EA8121D3
:1089E0000A4302800EE0018841F40041018009E061
:1089F000F0E01FE194E1B5F85020511901EB0010AF
:108A0000A0F80C646289B3B22846616900F01DFACF
:108A10006069304460612169206A884202D9801B04
:108A2000206202E00646C4F82090607818B1012860
:108A30002BD032E02FE0B5F850002178284400EB2D
:108A40000110B0F80414C1F30901A0F8041400F2F5
:108A500004403E2E08D97109F20600D1491E028851
:108A600047EA812108E0A1E056B17108F20700D081
:108A7000491C028808EA81210A4302800DE00EE0C9
:108A8000018841F40041018007E0B5F850002178E9
:108A9000284400EB0110A0F80464228971E011B1B0
:108AA000012927D02DE0B5F85010294401EB001022
:108AB000B0F80414C1F30901A0F8041400F2044052
:108AC0003E2E07D97109F20600D1491E028847EAF5
:108AD000812107E04EB17108F20700D0491C0288DD
:108AE00008EA81210A4302800BE0018841F4004139
:108AF000018006E0B5F85010294401EB0010A0F801
:108B000004642289B3B22846616900F09EF9606965
:108B1000304460612169206A884202D9801B20624A
:108B200002E00646C4F82090607810B1012836D0E3
:108B300026E0B5F850002178284400EB0110B0F889
:108B40000C14C1F30901A0F80C1400F20C403E2EE5
:108B500007D97109F20600D1491E028847EA81212E
:108B600007E04EB17108F20700D0491C028808EAFC
:108B700081210A43028003E0018841F40041018021
:108B80006289B3B22846616900F05FF9207835F850
:108B9000201048F6BF72114081F030010EE1B5F8A7
:108BA00050104819217800EB0110CFE635F820204D
:108BB00048F68F631A4042EA0A0225F82020B5F8E9
:108BC00050002278284400EB02108BB2A0F8043445
:108BD0002289D7E7A1692069814202D9091AA161D6
:108BE00002E00846C4F81890B5F8501022782944DD
:108BF00001EB0211B1F80C24C2F30902A1F80C2414
:108C000001F20C413E287DD94209C00600D1521E16
:108C1000088847EA82220AE0088840F4004007E01A
:108C20004208C00700D0521C088808EA822210437C
:108C30000880BBE033BBB5F850002178284400EB36
:108C40000110B0F80414C1F30901A0F8041421695B
:108C500000F204403E2907D94B09C90600D15B1E2A
:108C6000018847EA832307E041B14B08C90700D0D8
:108C70005B1C018808EA8323194302E0018841F460
:108C800000410180607810B1012828D030E0B5F8AB
:108C900050002178284400EB0110B0F80C14C1F307
:108CA0000901A0F80C14216900F20C403E2907D9F3
:108CB0004B09C90600D15B1E018847EA832307E000
:108CC00041B14B08C90700D05B1C018808EA832327
:108CD000194302E0018841F40041018008E0B5F841
:108CE00050104819217800EB0110218AA0F80C14CB
:108CF000E069C0B3217835F82100430401D543066B
:108D000005D400E046E044F2400318424ED135F865
:108D10002100104048F2C002104325F8210045E030
:108D2000A1692069814202D9091AA16102E00846BD
:108D3000C4F8189013BBB5F850102278294401EB01
:108D40000211B1F80424C2F30902A1F8042401F2CB
:108D500004413E2808D94209C30600D1521E0B889F
:108D600047EA822208E021E078B14208C30700D038
:108D7000521C0B8808EA822213430B806178002979
:108D80003FF42EAF012909D010E00A8842F40042D6
:108D90000A80F3E700287FF443AF3DE7B5F85020A1
:108DA0005119227801EB0211A1F80C04207835F852
:108DB00020104BF68F72114081F4405141EA0A01B4
:108DC00025F820100020A9E50021A0F844104FF458
:108DD0003F41A0F8401000207047000010B5044843
:108DE000FAF78DFCBDE810400248FBF71ABD000001
:108DF000B4130020F4230020B0F84400704710B5ED
:108E000000EB42005C0800F5806008D030F8042BCD
:108E100001F8012B120A01F8012B641EF6D1DA07C2
:108E200001D00088087010BD0020704711B9802162
:108E3000A0F84C1000207047012120F8401F0021AD
:108E40008180032101800020704710B55B1C00EB7E
:108E500042005B0800F5806009D011F8012B11F881
:108E6000014B42EA042220F8042B5B1EF5D110BD11
:108E7000FEE7490050EAC12018BF04204A0D18BF80
:108E800040F0010040F2FF72B2EB515F08BF40F0CA
:108E90000200012808BF052070470907090E0028B5
:108EA00004DB00F1E02080F80014704700F00F00B0
:108EB00000F1E02080F8141D704740F201320020DC
:108EC0004FF0E04104F0A1BF024A0020110704F076
:108ED0009CBF000001FDFFFF0021084604F0D8BB45
:108EE00010B50446D1E9000100F002F8206010BD81
:108EF000F8B504460D466A4601F044FB00987E3002
:108F0000009000281FDC002213462046294603F06B
:108F1000F5FF18D0002140F608004FF0000006468B
:108F20002046294603F0A4FD044640F6080006EA60
:108F300000014FF0000034F0004004BF0220F7F7BA
:108F4000D6FB2046F8BD0098FF280DDB0220F7F77E
:108F5000CEFB002213462046294604F0CDF98CBFF3
:108F600004484FF0FF40F8BD20462946BDE8F840D0
:108F700003F07EBD000080FF10B504460A46D4E928
:108F80000003194601F060FEC4E9000110BD30384D
:108F90000A2801D201207047002070472DE9F041D6
:108FA00002211348F9F7F8FE04F058F8114D124E5B
:108FB0002A46334604F0A2F8104F00223B4604F044
:108FC000DDF903F055FD0E4C012120600848F9F74A
:108FD000E3FE04F043F82A46334604F08FF80022FB
:108FE0003B4604F0CBF903F043FD6060BDE8F0813F
:108FF00008130020F564FED137696A3F000018406D
:10900000500000202DE9F04FADF5497D4FF4C874B4
:1090100021466846F7F730FB214664A8F7F72CFB9A
:109020004FF07C520021724802F0FAF9002170489A
:1090300001F098FA6420FAF7A5FD4FF07E52002166
:109040006B4802F0EDF90021694801F08BFA6420C9
:10905000FAF798FD67480168674804F019FB024673
:109060006648824200DD02460021614802F0D8F9DC
:1090700000215F4801F076FA4FF46170FAF782FD43
:10908000FDF7C8FF5E48FAF7D7FF00256F46FDF7EA
:10909000C1FF04F00FFCB94627F81500002405F0C5
:1090A000030604EB062081B2514801F05BFA64200C
:1090B000FEF700FA641CA4B2FF2CF2D95048FAF76C
:1090C000BBFF6D1CADB2C82DE1D30021484801F0B3
:1090D00049FA4FF47A70FAF755FD002564AFFDF7B1
:1090E00099FF04F0E7FB27F81500002405F00300C2
:1090F000BA464642C4EB062000F2FF3081B23C483B
:1091000001F030FA6420FEF7D5F9641CA4B2FF2CFC
:10911000F0D93B48FAF790FF6D1CADB2C82DDED3F5
:10912000BDF89001BDF8007080460024381A00F5A3
:10913000C8704FF4487B334D07EB0806C89012E027
:109140008CB1C4F1C80239F814103AF812000A1AA6
:1091500002F5C8725A4548D9814238D9C1F58042D2
:10916000824238DC3BE0C89858451CD947450ED9A7
:10917000C7F5804141450EDC10E003F06FFF4FF072
:10918000FF3204F042FE03F025FF288017E0C8F507
:109190008040B84202DD06F58040EEE7A6F580404B
:1091A00003F045FFEBE73046E7E703F057FF4FF0EA
:1091B000FF3204F02AFE03F00DFF25F81400641CB2
:1091C000E4B2C82CBCD30DF5497DBDE8F08FC0F5E5
:1091D00080428A4203DD084400F58040E5E7084408
:1091E000A0F5804003F023FFE1E70844DDE700003D
:1091F000942A002018000020000004420000404093
:10920000DC130020F026002030B583B00446F7F7C9
:1092100069FA05460020CDE900000246214668466D
:10922000F7F72CFD2846F7F762FADDE9000103B0F5
:1092300030BD000070B51C48006803F00FFF1B4AEA
:109240001B4B03F05BFF03F013FC1A49486000F06E
:1092500045F8F9F72BFB00221146174802F0E0F819
:109260000021154801F07EF90024144DFDF7D2FECF
:109270000646286804F056FB314604F095F904F0E0
:1092800019FB28600120FAF77DFC641CE4B2FA2C7B
:10929000ECD32868FA21B0FBF1F0094908800949AC
:1092A00008800949088070BD00FC00087B14AE47A7
:1092B000E17A843F00020020942A00205800002018
:1092C000F2010020F8010020FA0100200168C078B6
:1092D00009BA21F0FF0108437047000070B51D4C2A
:1092E0004FF461701F4A20851B4820621B48606351
:1092F0001B48416811441C4A914202D34FF07E51F1
:109300004160406804F024F90E4605464FF03332C0
:10931000164B03F0F3FE03F0ABFB20662846314604
:10932000134A144B03F0EAFE03F0A2FB0D496066FA
:109330004942884200DB61660020A066E064A064C8
:10934000606520652067E0660B4860670B48A06792
:1093500070BD0000942A0020000040410000204120
:1093600000020020333333C2343353033333F33F2B
:109370007B14AE47E17A943FACC5A7374260653BAA
:109380002DE9F04FFE49DFF8FCA3DFF8FC8385B040
:1093900091F82430002708F11C02DAF8140000923A
:1093A000012B78D0F949BAF8122054460988B1FB4C
:1093B000F2F302FB131100296CD161790129FBD171
:1093C000F34EC8F81C703146C8F8207004F0F2FA69
:1093D00004F054FA009901F02FFCA02088F81C003A
:1093E0004046F9F781F86420FEF764F8C8F81C706D
:1093F000A320C8F8207088F81C00FDF71BFA31463E
:1094000004F0D8FA04F03AFA009901F015FC40464D
:10941000F9F76AF86420FEF74DF8C8F81C70A4202C
:10942000C8F82070DB4D88F81C00218A2888401A73
:10943000D9490968484304F05DFAD84904F0BAFAFA
:1094400001F024FF314604F0B5FA04F017FA009950
:1094500001F0F2FB4046F9F747F8C8F81C70C8F86D
:1094600020702888A82188F81C10009901F0E4FBDE
:109470004046F9F739F86420FEF71CF8C8F81C706C
:10948000AB20C8F8207088F81C00C5483146006C35
:10949000FEE300E0B3E081F82470D1E90745E6B2CD
:1094A000DFF800B3112E4CD05A46012192F80190FA
:1094B000232E7ED0B34A442E1278029274D0332EDB
:1094C00073D00BF1180201925A2E6FD0552E6ED028
:1094D000562EFCD0572E6BD0582EFCD0AD4A5C2EA9
:1094E00012887DD05F2E7CD0662E7BD0692E7AD0FC
:1094F000772E79D0882E78D0992E77D0C02E76D03E
:10950000C32E75D0C42E74D0C52E73D0C72E72D082
:10951000C82E71D0C92E70D0CB2E6FD0CA2E6ED16E
:10952000C4F30720AA286BD0AF28F8D18AF80570B9
:1095300000230097019702971A46D2210397DD2056
:10954000C1E0C4F307202228E9D100228BF8017082
:109550001146934801F064FF0021914801F002F8A0
:109560003220FAF70FFB00F009FFA0B100230097AB
:10957000019702971A46C021DD20039701F0E6FE0D
:109580008148F8F7B1FF0A20FAF7FCFA05B0BDE808
:10959000F04FFDF755BD00230097019702971A463B
:1095A000F021039759E204E053E1ABE156E2A5E272
:1095B00052E3C4F307227C4B112A67D07B48222A4E
:1095C00000787DD0DFF8E881332A7AD0442A79D038
:1095D000552AA4D1C4F307410029A0D1002810E0E6
:1095E000CAE3E7E3FEE3FEE3FEE3FEE3FEE3FEE3BE
:1095F000FEE3FEE3FEE3FEE3FEE3FEE3FEE3EDE077
:10960000FDE3C8D0DBF80800009780F00041CDE909
:109610000110DFF8A8815C46664B0022664908F11C
:109620000400FDF793F866480068564952462C310D
:10963000886080B244F2C211AAF81000884200D9B2
:1096400017825548BAF8105001680E4601FB05F024
:1096500004F050F9DFF84491494604F0ABF9C8F83A
:1096600000004C480088401B704304F043F9494611
:1096700004F0A0F9C8F818000420607000230097D7
:10968000019702971A46C521039758E7C4F307408C
:1096900000289ED142481F600022C76407678BF8EC
:1096A0000170114601F0BCFE00213D4800F05AFF58
:1096B00000230097019702971A46C12103973EE7BE
:1096C00004E01CE03EE001F041FEEFE3C4F307429A
:1096D000002ADED1002894D08BF8011030481F609A
:1096E0003946C7640767CBF8047001F08BFE00238E
:1096F0000097019702971A46C22103971FE7C4F308
:1097000007410029C5D15C46B9F1020F66D0002897
:10971000E1D0E76001F088FAA068009780F000418E
:10972000CDE901100023424626492748FDF70EF8EF
:109730000220607000230097019702971A46C32108
:109740000397FCE6C4F307410029A2D1B9F1030F46
:10975000DCD00028BFD001F067FA1C48006803F095
:10976000F7FE0E4605464FF03332194B03F0C6FCA8
:1097700003F07EF9174C3146174A206028462EE048
:109780008C13002014120020681300201000002009
:109790000000C842F8010020E80100200000B43CAD
:1097A000942A0020242D002024000020F401002011
:1097B00052491D399A99993F8FC2F53CD42800200F
:1097C00008FC00088FC2753C842800200402002099
:1097D0003333E33FAC280020FCA9F1D233E1F84B4E
:1097E00003F08CFC03F044F9C4E901079AF8060081
:1097F000514601280BD1F3480068F34A906080B2CB
:1098000044F2C2120882904201D9AAF810704FF0B7
:109810007C51EE48CDE900010BF118015C460EC900
:10982000EB48FDF7B9F8A068009780F00041CDE95A
:10983000011000234246E749E748FCF787FF032071
:10984000607000230097019702971A46C42103977E
:1098500075E6280C290E41EA002000B203F0E7FB70
:10986000DE4ADF4B03F04AFC03F002F95D46CBF819
:109870000400B9F1010F22D102995646012902D103
:1098800010F1FF4F05D27178012910D1B0F5000F0A
:109890000DDB6F6000230097019702971A46F121B4
:1098A000FF20039701F052FDCE48F8F71DFEC4F3E8
:1098B0000720AA281ED0CC48696801F0A3FD68687B
:1098C000CA4C20F000402146A86004F0BAF900D24A
:1098D000AC60C149C64AA8688861D06180F0004088
:1098E000C861106200230097019702971A46C621AB
:1098F000039724E6A020F071BE486968C0E900170C
:1099000087606CE05E46B9F1020F70D1C4F30720A6
:10991000AA2838D0290C280E40EA012000B203F012
:10992000E9FFF060C5F3072040EA052000B203F02C
:109930007EFBAA4AAA4B03F0E1FB21F0004103F0B1
:1099400097F8AA49B060884200DDB160B068A249CA
:1099500080F00042C1E90602200C210E41EA0020FD
:1099600000B2002800DA404203F0C4FF3061A14891
:109970004FF07E52A0491C3001F0A0F99AF8001077
:10998000012935D038E0B0218AF80710290C280EBB
:1099900040EA012000B203F0ADFF964E974A984985
:1099A0007060301D01F08AF9C5F3072040EA0520F8
:1099B00000B203F03CFB894A894B03F09FFB21F086
:1099C000004103F055F83060200C210E41EA0020E0
:1099D00000B2002800DA404203F08CFFB0600023A0
:1099E0000097019702971A46D3210397A7E52DE028
:1099F000F16811F1FF4F07D29AF8010001280DD14B
:109A0000F068B0F5000F09DBF7600023F121009743
:109A1000019702971A46FF20039707E0002300975B
:109A2000019702971A46C721DD20039701F08EFCAB
:109A30006C48F8F759FD7249F068884202DC6F49BA
:109A4000884200D9F16005B0BDE8F08F002300978F
:109A5000019702971A46F2210397D7E1C4F3072032
:109A60000028F0D15E46B9F1030FEFD1200C210E92
:109A700041EA002000B2002800DA404203F03AFF39
:109A8000B061C5F3072040EA052000B2002800DAE3
:109A9000404203F02FFFF061280C290E41EA00201C
:109AA00000B2002800DA404203F024FF306251483F
:109AB0004FF07E5422465349283001F0FFF84D48BC
:109AC00022464D492C3001F0F9F822464C490198C4
:109AD00001F0F4F83E49B06900230861F2694A6177
:109AE000326A8A6148491A46886180F00040C8613C
:109AF000009701970297CA21039720E5B9F1030F58
:109B0000A4D1280E0090C5F30743C5F30722E9B29C
:109B100004A801F0A4FC04A8FFF7D8FB03F087FA1F
:109B2000DFF8BC902D4A4B4603F0E8FA02F0A0FFA4
:109B30000546FCF77FFE294603F036FD8046E0B27D
:109B400055284FEA14414FEA146040EA012000B260
:109B50001DD0002800DA404203F0CCFECBF81800FC
:109B6000264A2749019801F0A9F81949DBF818009D
:109B700008612549886180F00040C861C4F307206E
:109B8000AA2844D04046FCF735FEF8BB52E003F06B
:109B90004EFA124A4B4603F0B1FA21F0004102F0AE
:109BA00067FF124A5946CBF80800904200DD8A60F0
:109BB000DBF80800084980F00042C1E90602DDE751
:109BC0004D62503F08FC0008401200209A99993ECF
:109BD000A02C00208FC2753C842800207B14AE4747
:109BE000E17A843F68130020942A0020000040405E
:109BF000D4280020182D002000401C4600803BC5C2
:109C000000803B4500504348AC2800206BE0552EB7
:109C10000AD0FE48DBF818100160C221FB488AF820
:109C20000710C0E901578BE0F848DBF80810016025
:109C3000C021F3E72946F648FCF7C6FF002300974A
:109C4000019702971A46C821039780E001F07EFB36
:109C5000F048F8F749FCF6E6B9F1030F7FF4F6AEE9
:109C6000280E0090C5F30743C5F30722E9B204A804
:109C700001F0F5FB04A8FFF729FB03F0D8F9DFF8A2
:109C80009893DFF898834A46434603F037FA00E09A
:109C9000BBE102F0EDFE0546E0B257284FEA144161
:109CA0004FEA146040EA012000B225D0002800DA13
:109CB000404203F01FFECBF81800D94AD949019859
:109CC00000F0FCFFD249DBF818000861D649886132
:109CD00080F00040C861C4F30720AA2825D0284698
:109CE000FCF788FDA8B30023F121009701970297A4
:109CF0001A46FF200397A9E703F099F94A4643461D
:109D000003F0FCF921F0004102F0B2FEC74A5946C7
:109D1000CBF80800904200DD8A60DBF80800C449F7
:109D200080F00042C1E90602D5E7572E12D0B748AD
:109D3000DBF818100160C321B4488AF807104560A9
:109D400000230097019702971A46D3210397DD203D
:109D50007CE705E0AD48DBF808100160C121EBE7C6
:109D60002946AB48FCF7BAFE0023009701970297FB
:109D70001A46C9210397EAE7C4F3072011287FF4A4
:109D80006AAFB9F1030F7FF461AEAA488AF80610F2
:109D9000AAF8102082609E48FCF772FEA549A648EA
:109DA000F8F7C0FD00230097019702971A46CB21D0
:109DB00003976AE4C4F307201128E0D1B9F1030F37
:109DC000E1D10298534618B391489F711A824760B7
:109DD00007608760C76080F82670D9708AF80270C3
:109DE00000970DE021E06AE085E09FE0CBE0D3E062
:109DF000E6E0F2E03AE147E157E161E186E198E12E
:109E00000023019702971A46F1210397FF205AE495
:109E10008AF802107E48FCF713FE00230097019792
:109E200002971A46CC2103972FE45E46B9F1040F3E
:109E3000A9D1290C280E40EA012000B203F0F7F85E
:109E4000DFF8D4B1DFF8D4915A464B4603F056F907
:109E500002F00EFE80467061C5F3072040EA05203F
:109E600000B203F0E4F85A464B4603F047F921F0FC
:109E7000004102F0FDFD6D49B060884200DDB16037
:109E80006E49B06880F00042C1E90702C4F30721BF
:109E9000AA290CD041466948F8F760FA00230097D8
:109EA000019702971A46CD21039708E426E1574906
:109EB000D0228AF807208F60C1E900088FE5C4F33B
:109EC000072011287FF4C7AEB9F1040FB0D15B4869
:109ED000F8F74CFA5A4857490088AAF810008860E9
:109EE0005548F8F71FFD00230097019702971A467F
:109EF000CF21039725E4C4F307207828E2D1434813
:109F00000C3001F027FB00230097019702971A46B7
:109F1000D021DD20039701F019FA3E48F8F7E4FA62
:109F200005B00A20BDE8F04FF9F72CBEC4F30720B6
:109F30008928C7D1C4F307408A28C3D100230097DA
:109F4000019702971A46D121DD20039701F0FEF90F
:109F50003048F8F7C9FA0220F9F714FE39480078BA
:109F600068B13948FAF74AF9F8F794FA1420F9F782
:109F700009FE72B605B0BDE8F04FFAF7FBB83348FA
:109F8000F9F748FDF2E7C4F307209A289AD105B003
:109F9000BDE8F04F01F042BBC4F30721A02991D1E5
:109FA000C8F81C702A49C8F8207003F003FD03F0BC
:109FB00065FC009900F040FEA02088F81C009DE0A0
:109FC000C4F30720A32899D1C8F81C70C8F82070E2
:109FD00088F81C00FCF72EFC16E0C4F30720A42828
:109FE0008CD1C8F81C70C8F820701A4988F81C0079
:109FF000BAF810000968101A484303F07BFC1649B0
:10A0000003F0D8FC01F042F9114927E0182D002097
:10A01000A02C0020681300207B14AE47E17A843F17
:10A0200000803BC500803B45AC280020000040403C
:10A03000842800204012002000FC0008D4280020C2
:10A04000F801002002000020F4230020B4130020B7
:10A050000000C842E80100200000B43C03F0AAFC64
:10A0600003F00CFC009900F0E7FD47E0C4F3072083
:10A07000A5288BD1C8F81C70C8F8207088F81C007F
:10A08000354834490068C0E7C4F30720A72886D1C3
:10A090003248C8F81C70C8F820702E49006803F0D8
:10A0A00089FC03F0EBFBA72140E0C4F30720A828BC
:10A0B00089D1C8F81C701046A821C8F8207035E076
:10A0C000C4F30720A9288BD1C8F81C70C8F82070E9
:10A0D00088F81C00B9F1050F16D2DFE809F0030675
:10A0E000080A0C0088F8237008E0112004E0222000
:10A0F00002E0332000E0442088F8230005B018482F
:10A10000BDE8F04FF8F7F0B9FF20F5E7C4F30720FA
:10A11000AB28AED11348C8F81C70C8F82070006C8A
:10A120000C4903F047FC03F0A9FBAB2188F81C1095
:10A1300098E7280E8AF80510C82801D9C82001E040
:10A1400000B9012041F28831B1FBF0F0AAF8120009
:10A1500079E400000000C8421C0000201800002024
:10A1600068130020942A00202DE9FF47774E002431
:10A17000774FF07A012501282ED1717B022905D273
:10A18000B06A401CB062B84200D9B762F269B06AE6
:10A19000904221D96D48C07811B101290ED01AE042
:10A1A00010B16C4801F0D6F9306AFCF723FB18B9FE
:10A1B0006948316AFCF792FC75730CE010B1654890
:10A1C00001F0C8F9706AFCF715FB18B96248716AAA
:10A1D000FCF784FC7473B462DFF880A1042150465C
:10A1E000F9F7ECFEDFF86C91DFF87481012801D1FA
:10A1F000707828B104215046F9F7E0FEA0B33EE0A4
:10A20000B07A012802D1707A012814D0514801F0A7
:10A21000A1F9757098F8000038B3002300940194F8
:10A2200002941A46F121FF20039401F08FF84D4863
:10A23000F8F75AF923E0B06A401CB062B84200D97E
:10A24000B762444801F086F9F169B06A884216D3D2
:10A25000B069002800DA4042404203F04BFBC9F8E5
:10A260000C00B46275700AE005E0FFE70B213EA028
:10A27000F8F780F903E07078012800D174700821A4
:10A280005046F9F79BFE012801D1307858B10821DA
:10A290005046F9F793FE002803D13078012800D109
:10A2A0003470BDE8FF87B07A012802D1707A0128A6
:10A2B00019D03570274801F04DF9B07801282AD01F
:10A2C00098F80000D0B300230094019402941A4639
:10A2D000F121FF20039401F039F804B02148BDE8D2
:10A2E000F047F8F701B9B06A401CB062B84200D933
:10A2F000B762184801F02EF9F169B06A8842D0D3EC
:10A30000B069002800DA404203F0F4FAC9F80C0002
:10A31000B4623570C5E71748B471008830820E48C2
:10A32000446004608460C46080F82640F570B470B6
:10A3300004B01148BDE8F047F8F74CB904B00B2160
:10A34000BDE8F04708A0F8F715B900001412002086
:10A35000FFE0F505242D0020A02C0020000801407E
:10A3600002000020681300204C696D6974206E6F34
:10A3700077210A00F8010020002D00202DE9F0418E
:10A3800000252C460C4E4FF48047FCF72DFF20B1E2
:10A390007088B84201D86D1CEDB20120F9F7F2FBCC
:10A3A000641CE4B20A2CF0D3092D02D30120BDE8CD
:10A3B000F0810020FBE70000EC01002010B504460E
:10A3C00001F054F8204600F079FF204600F04CF8E8
:10A3D000204600F097FF204601F0E8F82046BDE84F
:10A3E000104000F0C5BF0000034901EB8000D0F829
:10A3F000000880B27047000000F0000870B5054604
:10A4000020F00040C0F1FF400C46C00F05D124F001
:10A410000040C0F1FF40C00F17D0284603F092FB68
:10A420006FEAD05111F0FF0F08BF70BDE917B1EB13
:10A43000E07F08BF70BD014664F31E01BDE87040B7
:10A440000A460146104603F02DBC4FF07F40B0EBAA
:10A45000450F18BF5FEA4400DFD10120F6F747F946
:10A46000BDE87040FEF738BD2DE9F05F0446416C51
:10A47000C06C03F021FC606581460646216CA06C2F
:10A4800003F01AFC2065D4F864A0804605463146E6
:10A49000504603F08FFA216F03F086F807462067D5
:10A4A0002946504603F086FAE16E03F07DF84FF03E
:10A4B00082464FF04145E066B74201DD266702E083
:10A4C000AF4200D925672449884202DC23498842EB
:10A4D00000D9E1664846E16D03F0EEFBD4F868A0D0
:10A4E000514603F067FAD4F860B00746494658462B
:10A4F00003F060FA216F03F057F8394603F054F87F
:10A50000206107464046A16D03F0D6FB514603F09B
:10A5100051FA82464146584603F04CFAE16E03F088
:10A5200043F8514603F040F80D49096803F03CF840
:10A5300001466061B74201DD266102E0AF4200D909
:10A540002561B14201DD666102E0A94200D9656181
:10A55000C4E91689BDE8F09F00002041000020C139
:10A560002400002010B5044600F080FF204600F0D3
:10A57000C9FE204601F01AF82046BDE8104000F060
:10A58000F7BE000010B5144600222260114A21F0E7
:10A5900000439342A8BF10BD53EA000208BF10BD9C
:10A5A000B3F5801FA8BF226807DA362203F02DFC1E
:10A5B0006FF0350221F000432260DFF81CC06FF31A
:10A5C0001E510CEB23531A4441F0FF5141F000514E
:10A5D000226010BD0000F07F02FCFFFF2DE9F04774
:10A5E0002F4D286802F0B4FF04460E4602212D4884
:10A5F000F8F7D2FB02F032FDDFF8AC80DFF8AC9068
:10A6000042464B4602F07AFD2246334602F0B6FE41
:10A61000DFF89CA00022534602F0B0FE02F028FAB8
:10A62000244F254C3860A063686802F091FF05460E
:10A630000E4601211B48F8F7AFFB02F00FFD424622
:10A640004B4602F05BFD2A46334602F097FE00229D
:10A65000534602F093FE02F00BFA78600546E06381
:10A66000164EA06BDFF858804FF06637B04208D323
:10A6700002F06EFF3A46434602F040FD02F0F8F960
:10A68000A063B54209D3284602F062FF3A4643462A
:10A6900002F034FD02F0ECF9E063BDE8F087000061
:10A6A0000C12002008130020F564FED137696A3FC0
:10A6B0000000184050000020942A002000008080F4
:10A6C0006666F23F3EB50021009101200191CDE97F
:10A6D0000101029069460B48F8F7C8FB08B1F8F78A
:10A6E00059F80848F8F730FE4FF6FF710548F8F7BB
:10A6F0008DFD0448F8F739FC84B20248F8F784FE6F
:10A7000020463EBD3813002070B500250B4E2C4668
:10A7100002213046F9F752FC012803D16D1CEDB23D
:10A72000F9F730FA641CE4B2C82CF1D30448BE2D0A
:10A7300001D9002100E00121817070BD00080140B5
:10A74000000000202DE9F0412548F8F757F924488A
:10A75000F8F754F92349DFF888C000200CF503749A
:10A760004FF47A670B6801E0C72811D00CEB400169
:10A770003CF8102049881C4E891A594324F81010BF
:10A78000BCF80020BCF88E11511A59430DB201E0FB
:10A79000A4F88E5134F9101001F5FA62BA4204D9C6
:10A7A00001F5804124F810103080401CC0B2C82848
:10A7B000DAD3B4F90000B4F98E11B4F902200844D8
:10A7C000B4F98C111144084402F031FC6FF001021D
:10A7D00003F01BFB02F0CEFBA4F88E01BDE8F08174
:10A7E00004290020E80100200002002010B51548CF
:10A7F000F8F7AAFD64211348F8F708FD1148F8F7A7
:10A80000B4FB84B20F48F8F7FFFD204602F026FCA7
:10A810004FF066320C4B02F071FC6FF00B0203F04C
:10A82000F4FA0A4A0A4B02F09DFD0A4A0A4B02F06A
:10A830000DFA0022094B02F04DF9BDE8104002F07C
:10A8400017B900000813002066660A40E17A14AECA
:10A8500047E1F63F22FDF675E09C713F000039406C
:10A8600010B50020FFF72EFF02F0F8FB034A044B5F
:10A8700002F044FCBDE8104002F0FAB8B5A679C772
:10A88000293A823F7FB5234D234CA87801283FD138
:10A890002248806820F00041206C20F0004003F046
:10A8A000D0F906D3206C1E4920F0004003F0C9F90E
:10A8B0002ED21A4800F04EFE1A480024AC710088CF
:10A8C00028821948446004608460C46080F826408F
:10A8D0000120E870AC701548F7F77CFE144800784A
:10A8E00078B100230094019402941A46F121FF20CC
:10A8F000039400F02BFD04B00E48BDE87040F7F75C
:10A90000F3BD04B00B21BDE870400BA0F7F732BED9
:10A910007FBD000014120020942A0020242D002066
:10A9200000002040F8010020A02C0020002D002075
:10A9300002000020681300204C696D6974206E6F5E
:10A9400077210A0070B5002506462C46305DF5F7E4
:10A950008AFCC1B2412901D3373900E03039C8B28D
:10A9600040EA0510641C85B2042CEFDB284670BD5C
:10A970002DE9FE4F00250570044645704FF08040DC
:10A98000C4E901508E48E061E56020628D48C4E969
:10A9900004058D48A0618D48DFF8349200780128C5
:10A9A0001AD18C4800688C4E8A49C0B2091D707259
:10A9B0000968B172874908310968DFF820A2DFF819
:10A9C000208240F6B837B161012806D08148203096
:10A9D0000078F07201282FD0D7E000F025F9B06997
:10A9E000B84201DDB76103E07E49884200DAB16117
:10A9F00078481030006880B202F030FB524643467F
:10AA000002F07CFB02F034F8A06072480C30006861
:10AA100080B202F087FF74492061884200DD216125
:10AA20006C48143000684000F061B06902F062FFC9
:10AA3000E06002206070A8E066482430006802F000
:10AA4000F6FA5246434602F059FB02F011F8306222
:10AA500060482830006802F0EAFA5246434602F0A5
:10AA60004DFB02F005F870625A482C300068B8427D
:10AA700000DD384602F03EFFA061564830300068E5
:10AA80005A49884200DD084602F034FF2062E06146
:10AA900050483430006802F0CAFA5246434602F089
:10AAA0002DFB01F0E5FFA0604A4838300068400007
:10AAB000F06148483C300078307300F0B5F8B07968
:10AAC000DFF814A144F2C21B0AF12C0A012809D1B3
:10AAD0004048001F0068CAF8080080B2308258451C
:10AAE00000D935824FF07C514148CDE9000104F195
:10AAF000180140480EC9FBF74FFF3F48006802F0BD
:10AB000027FD80464FF033323C4B009102F0F6FABD
:10AB100001F0AEFF3A4F3B4A3B4B3860404600994C
:10AB200002F0ECFA01F0A4FFC7E90105B0790128B1
:10AB300009D12848001F0068CAF8080080B2308296
:10AB4000584500D93582FBF775FE2A4900232F4A64
:10AB500008604860A068009580F00041CDE90110D0
:10AB60002B492C48FBF7F2FD032189F80110307BBB
:10AB70000127012805D01F48316AFBF7AFFF777323
:10AB800003E01C48FBF75CFFB770A068009580F0FD
:10AB90000041CDE9011000231C4A1D491D48FBF767
:10ABA000D5FDD9F80800009580F00041CDE90110ED
:10ABB000194B1A4A1A491B48FBF7C8FDBDE8FE8F1E
:10ABC0000000C84300007A440000F042F401002075
:10ABD000242D00200CFC0008141200207B14AE472A
:10ABE000E17A843F48F4FFFF0050C347A08601008C
:10ABF0009A99993EA02C0020040200203333E33FB1
:10AC0000AC280020FCA9F1D24D62503F52491D39B9
:10AC10008FC2753C84280020CDCC4C3F17B7D1386B
:10AC2000CDCC4C3DD828002002480188418000212D
:10AC300041607047F8010020020E0A71020C4A714F
:10AC4000020A8A71C87170472DE9F04106460C4628
:10AC500040F2FF75174635EA14502BD000221346F8
:10AC6000304602F04BF925D03A463046214603F0F3
:10AC7000CCF806460C4635EA145010D00022134694
:10AC8000304602F03BF915D10220F5F730FDFEF712
:10AC90001BF90A46214662F31E01BDE8F08102203D
:10ACA000F5F725FDFEF709F90A46214662F31E0174
:10ACB000BDE8F08130462146BDE8F08170B504461C
:10ACC00015460E46006802F0BCFF01D2266070BD3A
:10ACD0002946206802F03AFEF9D2256070BD0000D6
:10ACE0002DE9F04106461746084602F031FC0446BD
:10ACF0000D46384602F02CFC00220B4B02F032FBD2
:10AD000022462B4602F0FAF904460D4639463046F3
:10AD100002F050FE02F01CFC22462B4601F0DAFE47
:10AD2000BDE8F04101F0A4BE0000F03F0EB5F9F718
:10AD300091F9FCF7CCFB0024F048F1490094CDE9EF
:10AD40000110F14D2346EF4A2946F048FBF7FEFC7F
:10AD5000EE48009401940023ED4A294628300294DD
:10AD6000FBF7F4FC4FF08140EA490094CDE9011073
:10AD7000E6480023E84AE9495030FBF7E7FCFBF7D7
:10AD80009DF9FBF703F9FBF7F5F9FBF709FAFBF778
:10AD90002DFAFBF749F9FBF78FFA1422E049E14855
:10ADA000F7F7AAFDDF48001D0188DF48018089B25E
:10ADB000B1F5006F02D34FF400710180D9484C30D7
:10ADC0000078DA493C28087009D0182807D00C28E8
:10ADD00005D0062803D0032801D0062008700122E0
:10ADE0001103D348F9F7EFF8FFF78EFCD14FB8788D
:10ADF00000287CD0F7F74EFB4FF47A70F8F7C2FECC
:10AE00000C21CD48FAF7ECFD0821CB48FAF7E8FD14
:10AE10000421C948FAF7E4FD0021C748FAF7E0FD2C
:10AE20004FF461752846FBF77DF82846FBF780F85C
:10AE30002846FBF783F82846FBF786F8BE48FAF762
:10AE4000C3FBBE48F7F7E2FDBD48F7F7DFFDBB489F
:10AE5000F7F7B2FF0A20F8F795FEDFF8D8A2A1466F
:10AE60002546264600240AF1500AB846B548F9F7A7
:10AE7000E3F857462846DAF8001002F095FB05463D
:10AE80003046796802F090FB0646FFF7E9FC47463A
:10AE9000D8F8181002F088FBB8610520F8F772FEA8
:10AEA000641CE4B2642CE1D34446D8F8180002F0E4
:10AEB0004FFBDFF89482A54B424602F01FF901F0E8
:10AEC000D7FDA061019097482430008820819548E3
:10AED0002830008860812089B0F57A6F02D94FF45C
:10AEE000C87020816089B0F5FA5F04D900E0B8E04D
:10AEF0004FF466706081DFF858B20199584602F04D
:10AF0000C7FB4FF07E51A062884202DC9149884223
:10AF100000DAA162A06A02F01BFB07468E4A8F4B43
:10AF2000009102F0EBF801F0A3FD606338468C4A13
:10AF30008C4B009902F0E2F801F09AFDA0633846CC
:10AF4000C2464246884B009902F0D8F801F090FDC5
:10AF5000E0623846804A854B009902F0CFF801F054
:10AF600087FD206338465246814B009902F0C6F8AF
:10AF700001F07EFDE06338467E4A7F4B009902F087
:10AF8000BDF801F075FD2064D8465946019802F0DD
:10AF900093FE8346794902F00DFD0746208902F0B1
:10AFA000C1FC394602F000FB02F084FCA081584647
:10AFB000734902F0FFFC0746608902F0B3FC394692
:10AFC00002F0F2FA02F076FCE0814146019802F0CC
:10AFD0005FFB6C4902F0EEFC02F06CFCE07028466E
:10AFE00002F0B6FA594F52463B4602F087F801F09C
:10AFF0003FFD654D2860304602F0AAFA52463B46B6
:10B0000002F07CF801F034FD686084F80090FFF7EE
:10B01000B5F95E494FF00108087028B15C49A06994
:10B020000844B0F1947F01D984F80180FEF702F959
:10B030005848FFF79DFC5848FAF7C6FA00F042FA64
:10B04000564FDFF85C914FF0640A42F2107B3D48A6
:10B05000F8F7F2FF218AB1FBFAF20AFB121040B1B5
:10B0600029E0FBF707F84F48F8F7D4FCFBF758F94D
:10B07000C2E6FFF7F5FB4C4A216AFFF731FE4B4D64
:10B08000A0614FF07C563246286C616CFFF728FEB9
:10B0900060643246686CA16CFFF722FEA064A06970
:10B0A0002062FFF7A3FBE06100F082F81748B9695E
:10B0B0008161F969C161A078D0B1FEF761F93A4ABE
:10B0C0004D463869D9F80010FFF70AFE2860208A3B
:10B0D000401C80B22082584501D9A4F810806078C5
:10B0E00048B101224FF480511148F8F76CFFAEE7E8
:10B0F00000F00EFCE3E70022F4E700009A99993F84
:10B100009A9999BFACC5A7360AD7233C9012002064
:10B11000ACC52737000080C0ACC5A7376F12833B92
:10B120004012002000FC0008221200205C000020D9
:10B13000000C0140000000204014002008130020F3
:10B1400038130020DC1300207B14AE47E17A843FE3
:10B1500000004041CDCCCC3EFCA9F1D24D62803FF5
:10B16000F168E388B5F8043FE17A943F4D62503FBF
:10B17000E17AA43F2D431CEBE2364A3F0000204118
:10B18000000070410000F0410C120020F40100208A
:10B19000000060BF242D0020881400208428002097
:10B1A00028120020B4130020CDCCCC3D942A0020DE
:10B1B0007FB52A4D2A490024E8694FF0814688422C
:10B1C00013DC686C314620F0004002F03AFD0CD3ED
:10B1D000A86C314620F0004002F033FD05D3A86989
:10B1E000A0F18140B0F1D07F31D91E480022114634
:10B1F00044701D4800F014F900211B48FFF7B2F914
:10B200001A48C4602830C4602830C46018486C6292
:10B2100004611548C46484640467C466687870B9BE
:10B22000A87878B1FF200090019002900346024672
:10B230000146039000F08AF80E48F7F755F901200F
:10B2400068707FBD0D210CA0F7F794F9F7E70E4861
:10B2500000780128F5D16C707FBD0000000000204F
:10B260000000A042242D0020942A002090120020EB
:10B27000842800206813002050726F74656374691D
:10B280006E67210A00000000F401002010B5094C8F
:10B290002146FFF7B3F810F1FF4F02D3214602F029
:10B2A00083F90549884204DD2146BDE8104002F0DB
:10B2B00003BD10BD0000B443000034432DE9F04746
:10B2C0000446C06AA76B80460146384602F072FB0E
:10B2D000266BE56B81463146284602F06BFB4946FA
:10B2E00002F0EAFC20644146284602F063FB054672
:10B2F0003146384602F05EFB294602F055F960649B
:10B30000BDE8F0872DE9F04704464069E76A8046CA
:10B310000146384602F04EFB2669256B81463146D0
:10B32000284602F047FB494602F0C6FCA0614146B0
:10B33000284602F03FFB05463146384602F03AFB0C
:10B34000294602F031F9E061BDE8F087F0B505ACBF
:10B3500094E8E010054C04F81C0F6170A270E370D3
:10B3600025716671A77184F807C0F0BD68130020CD
:10B3700010B5044690F82A00012819D0022821D0DF
:10B38000032833D004283BD1208DFAF7DDFD208D32
:10B39000A18C401A80B2FAF7D1FD208DFAF7C2FDD8
:10B3A000208DE18CBDE81040401A80B2FAF7C0BD94
:10B3B000208DFAF7C9FD208DA18C401A80B2FAF7D2
:10B3C000BDFD08E0208DFAF7B9FD208DA18C401A53
:10B3D00080B2FAF7B9FD208DFAF7AAFD208DE18C35
:10B3E000BDE81040401A80B2FAF79CBD208DFAF7F4
:10B3F000A5FD208DA18C401A80B2FAF7A5FDCCE7FF
:10B4000010BD0000044A914202DC044A914200D976
:10B41000114681647047000000004040000040C0B9
:10B4200070B50E460446416B1546304602F009FCE5
:10B4300014D3606B314680F0004002F002FC0DD363
:10B440002846616B02F0FDFB08D3606B294680F053
:10B45000004002F0F6FB01D3C4E9046570BD10B5ED
:10B46000029C017042708370C47010BDC1F3090367
:10B47000054A01F58071C1F3090152F82330C36216
:10B4800052F821100163704708020020F0B5002532
:10B490002B462C4610E0964209D004EB840701EBC2
:10B4A0004707FE545B1C9BB20B2B08D802E0641CC0
:10B4B000A4B200236D1CADB2465D002EEBD1641C1E
:10B4C000E0B2F0BD2DE9F0411E4D00261E4C0227D2
:10B4D0002878A8B1FDF754FF1C48F8F7ADFD607B54
:10B4E00003282DD1E07A01282AD120780128E0789C
:10B4F00009D00028ECD1206AFBF77CF980B113E079
:10B5000000F006FAE8E70228E2D02672606AFBF74C
:10B5100071F918B90E48616AFBF7E0FAE770D7E7EE
:10B520000B48216AFBF7DAFAE06901F097FD4FF06A
:10B53000FF3202F06AFC01F04DFDA0620120607351
:10B54000BDE8F0810200002014120020DC1300206E
:10B55000A02C002070B50E490024114DCC600D497F
:10B56000CC600D490C600D49CC648C640C67CC66D2
:10B57000EC604078012809D00A4E022804D0032844
:10B5800004D10948FBF79AFBF4606C6170BD0000C0
:10B5900090120020B812002024000020942A0020DD
:10B5A00084280020242D0020A02C00202DE9F0412B
:10B5B00081690446C069184A21F0004620F0004520
:10B5C000914203D2904207D2012006E0904201D27C
:10B5D000022002E0032000E0042084F82A00208DED
:10B5E00002F0A0F9276A80463946304602F050F84A
:10B5F000414602F0DFF902F05DF9A0844646394683
:10B60000284602F045F8314602F0D4F902F052F92A
:10B61000E084BDE8F0810000000080802DE9FF5F3C
:10B620009A4E9C4D3146A5F10C0A96F8078091F888
:10B6300000C04B78DFF858B268780024DAF80010C0
:10B640004FF4000EB8F1A00F1FD05246B146924FF2
:10B6500052684FEA5B06B8F1B00F31D005F118031C
:10B66000DFF838B20093B8F1C00F64D0B8F1C20F60
:10B6700061D0B8F1C10F7CD0B8F1C30F79D0B8F167
:10B68000D00F56D1042875D0A2E0012851D18148AD
:10B69000BCF1010F406801D1584503D2012B0AD1FA
:10B6A000704508DB6C6000230094019402941A46F4
:10B6B000F121039493E07A486960FFF7A3FE37E035
:10B6C000022876D1C5E90212B14200DDAE60A96858
:10B6D000BCF1010F81F00046C7E90616DAF8080050
:10B6E0004E46286101D15A4503D2012B0BD1724538
:10B6F00009DBEC600023F1210094019402941A46C6
:10B70000FF20039407E000230094019402941A465A
:10B71000C721DD200394FFF719FE6248F6F7E4FE27
:10B720006149E868884202DC6049884200D9E960E2
:10B73000F471BDE8FF9FA846032849D155469246BB
:10B74000FBF778F8514601F02FFF019099F80700B8
:10B75000C028286820D0C8F818004546534A5249E6
:10B760000098FFF7ABFA5249A8690861CBF81800B6
:10B7700001E02BE072E080F00040CBF81C00019863
:10B78000FBF738F8B0B10023F12100940194029442
:10B790001A46FF20039459E04146C8F80800B04219
:10B7A00000DD8E60D8F8080080F00041C7E906018E
:10B7B000E5E70DE051463E48FBF706FA002300940A
:10B7C000019402941A46C82103945DE003280FD027
:10B7D00000230094019402941A46F2210394FF205E
:10B7E000FFF7B4FD04B02F48BDE8F05FF6F77CBE6C
:10B7F0009246B8F1C10F1FD0A9612C4A2A491846B8
:10B80000FFF75CFA2A49A8690861CBF8180080F0B4
:10B810000040CBF81C005046FAF7ECFF0028B2D1EC
:10B8200051462348FBF75AF90023009401940294EF
:10B830001A46C921039427E0A960B14200DDAE6039
:10B84000A86880F00041C7E90601E4E7FFF77EFD44
:10B850001448F6F749FE89F807406AE76A61A9606B
:10B86000B14200DDAE601349A868C86180F00040B5
:10B87000086211460F48F6F771FD00230094019409
:10B8800002941A46CD210394DD20DFE71412002034
:10B8900000008080242D002084280020AC28002077
:10B8A000942A00206813002000803B4500803BC59F
:10B8B000A02C0020D428002030B585B00C460546C9
:10B8C00014220EA16846F4F783FE684600EB15319A
:10B8D00009782170C5F303211DF801106170C5F3CB
:10B8E00003111DF80110A17005F00F011DF80100F2
:10B8F000E0700020207105B030BD000030313233DF
:10B90000343536373839414243444546000000005B
:10B910002DE9F04FFE48DFF8FCA3DFF8FC83017847
:10B920000025FE4EA5B000297ED00570012211032E
:10B93000FB48F8F748FB642103A8F4F79DFE2B228F
:10B9400003A9F848FFF7A2FD0322F7A103A8F4F723
:10B95000AFFD002869D10DF116000422F3A100907B
:10B96000F4F7A6FDF34C08A94FF0010906F12C07E6
:10B97000019100287ED00722EFA10098F4F798FDEE
:10B98000DFF8BCB3002876D00722EEA10098F4F7C8
:10B990008FFD002870D00422ECA10098F4F788FDF8
:10B9A0004FF07E5B002868D00722EAA10098F4F7E8
:10B9B0007FFD0DF12A020DA902921C9100287DD075
:10B9C0000422E6A10098F4F773FD002877D0042242
:10B9D000E4A10098F4F76CFD002871D00522E3A1E2
:10B9E0000098F4F765FD00286BD00522E1A10098CE
:10B9F000F4F75EFD00287CD00522E0A10098F4F762
:10BA000057FD002876D00522DEA10098F4F750FDFE
:10BA1000002870D00622DDA10098F4F749FD002827
:10BA20006AD00422DBA101E0EFE318E10098F4F70B
:10BA30003FFD00287ED00822D8A10098F4F738FDF9
:10BA4000002878D00922D8A10098F4F731FD002809
:10BA500072D00922D7A10098F4F72AFD0DF13E0219
:10BA60001F9212AA0DF15201CDE91D12DFF850B359
:10BA7000002803E0B4E0AEE2E0E207E37DD0092273
:10BA8000D0A10098F4F714FD002877D00822D0A1A7
:10BA90000098F4F70DFD002871D00622CFA1009880
:10BAA000F4F706FD4FF00A0B002869D00622CDA15D
:10BAB0000098F4F7FDFC00287ED003E0F9E236E3BD
:10BAC0004DE361E30422C9A10098F4F7F1FC0028DA
:10BAD00073D00522C7A10098F4F7EAFC00286DD0C6
:10BAE0000622C6A10098F4F7E3FC002867D00422E0
:10BAF00003E05CE379E38AE39DE3C2A10098F4F7F5
:10BB0000D7FC00287BD00722C0A10098F4F7D0FC16
:10BB1000002875D00722BFA10098F4F7C9FC0028BF
:10BB20006FD00622BDA10098F4F7C2FC002869D0AE
:10BB3000082202E09CE3A7E3B9E3BAA10098F4F776
:10BB4000B7FC002870D00622B9A10098F4F7B0FC29
:10BB500000286AD00622B8A10098F4F7A9FCB84CD6
:10BB600000287AD00622B7A10098F4F7A1FC00289B
:10BB700074D00622B5A1009803E0BBE3BBE3BBE3AE
:10BB8000BBE3F4F795FC002869D10522B1A1019827
:10BB9000F4F78EFC00287CD00722B0A10198F4F7BE
:10BBA00087FC002876D00722AEA10198F4F780FC2C
:10BBB000002870D0072203E0A0E3A0E3A0E3A0E305
:10BBC000AAA10198F4F774FC002865D00622A9A167
:10BBD0000198F4F76DFC00287DD01021A7A02CE27D
:10BBE0000422ABA10198F4F763FC60B10722AAA17B
:10BBF0000198F4F75DFCDFF8A8B2B8B130E081E35A
:10BC000081E381E381E3A748002211460560CAF879
:10BC10004C50CAF8705065703E48FFF701FC002197
:10BC20003C48FEF79FFC15E070E370E36078012864
:10BC300016D09BF80000002866D09A4884F801903E
:10BC400065600560CAF84C5029463248CAF8705001
:10BC5000FFF7D8FB112194A0C1E759E359E3D6E1DE
:10BC6000052238A10198F4F723FC10BB6078012865
:10BC70001BD002281DD09BF800000028DCD0FEF766
:10BC8000D3FFE560A068002380F000418B4A009557
:10BC900003E03FE33FE33FE33FE3CDE901108849A1
:10BCA0008848FAF753FD022093E1606810F0FF4FD7
:10BCB000E1D0032284A10198F4F7FAFBDFF80CA28B
:10BCC00018BB6078012821D003281ED09BF8000003
:10BCD0000028B1D000E0FFE3FEF7A6FF7C48006833
:10BCE00001F036FC8B4681464FF03332794B01F040
:10BCF00005FA00F0BDFEDFF8E0815946774AC8F842
:10BD000000004846764BEDE0B0E1FAE0F4E00000D8
:10BD1000AE000020942A0020F80100201412002018
:10BD2000000C0140941900204A4830004D6F6465B2
:10BD300000000000242D00205365744375727200CA
:10BD400000008080537065656400000053416363A8
:10BD500000000000506F73696E69740052506F7379
:10BD60000000000041506F7300000000505A6572DF
:10BD70006F0000005265736574000000416E676CCF
:10BD800065000000415A65726F00000041646A75E9
:10BD90007374000053544F50000000005245534547
:10BDA000544D435500000000504944666163746F70
:10BDB00072000000436F6E666967535453000000C1
:10BDC00000005940436F6E6669675354500000008D
:10BDD000436F6E666967574B00000000476D6F64E4
:10BDE00065000000477370656564000047706F73FD
:10BDF000000000004774656D7000000047616E67C9
:10BE00006C65000047766F6C0000000047746F722D
:10BE100071756500537461727452440053746F708D
:10BE20005244000047656E636F6465720000000055
:10BE30004763616E696400004763616E42520000AF
:10BE40005C0000205363616E696400005363616E9F
:10BE500042520000314D6270730000003530306B8B
:10BE6000627073003235306B627073003132356B43
:10BE70006270730035306B627073000053657463D9
:10BE8000616E4252206572726F72210A00000000DA
:10BE900049444C450000000043757272656E7400A1
:10BEA000F4010020240000205365744D6F64652068
:10BEB00053756363657373210A00000052491D398D
:10BEC0008FC2753C84280020506F730008FC000866
:10BED000040200203333E33FAC280020FCA9F1D258
:10BEE0004D62503F01F00AF900F0C2FDC8E90105BA
:10BEF000B079012811D01AE0606810F0FF4F3FF4CC
:10BF0000E5AE0522AFF28C110198F4F7D1FA0028C2
:10BF10007DD16078012827D122E0DAF80000B860EE
:10BF200080B244F2C2113082884200D935824FF08B
:10BF30007C51FA48CDE9000104F11801F8480EC916
:10BF4000FAF72AFDA068009580F00041CDE90110C4
:10BF50000023F44AF449F548FAF7F8FB032038E0E7
:10BF6000606810F0FF4FD3D19BF8000000287DD00F
:10BF7000A068009580F00041CDE90110A946EE4D82
:10BF8000EB4B0022EB49281DFAF7E0FBDAF8000042
:10BF9000B86080B244F2C2113082884201D9A6F85A
:10BFA0001090E648368A076807FB06F001F0A2FC0D
:10BFB000DFF88C93494601F0FDFC2860B8F80000DA
:10BFC000801B784301F096FC494601F0F3FCA86120
:10BFD000042060703EE60198FDF716F900F048FD78
:10BFE00060606178012915D13178012901D1584566
:10BFF00005D27178012907D1B0F5000F04DB0B21C0
:10C00000D0A06560F6F7B6FAD148616800E03AE082
:10C01000FFF7F8F96068CF4920F00040A06088423F
:10C0200000DDA160C14AC449A0689061C86180F088
:10C030000040D06108621421C7A088E2607802281D
:10C0400074D10198FDF7E0F800F012FDE06031785E
:10C05000012901D1584505D27178012907D1B0F5E0
:10C06000000F04DB0B21B7A0E56002E0FDE0122128
:10C07000BFA0F6F77FFAC349E068884202DCC249F4
:10C08000884200D9E16025B0BDE8F08F60780228D1
:10C09000D6D10198FDF7B8F821F0004100F0E8FC96
:10C0A00020615A46B949BA48FEF708FE1221B9A0E4
:10C0B000CEE36078032839D10198FDF7A5F821F087
:10C0C000004100F0D5FCA0610298FDF79DF821F039
:10C0D000004100F0CDFCE0611C98FDF795F821F0DF
:10C0E000004100F0C5FC2062A9485D465A46AE49B1
:10C0F0000C30FEF7E3FDA6482A46A4491030FEF7AF
:10C10000DDFDA3482A46A9490830FEF7D7FD84493A
:10C11000A0690861E2694A61226A8A61A44988616A
:10C1200080F00040C8611121A2A091E36EE0607828
:10C1300003286FD10198FDF767F800F099FC0646D7
:10C14000FAF778FB314601F02FFAFAF753FB90B972
:10C1500031467348FAF738FD0E219BA078E36078EA
:10C16000032857D10198FDF74FF800F081FC0646EF
:10C17000FAF740FB08B165612CE031466848FAF7F0
:10C18000ADFC0E2194A063E36078032842D1B8F897
:10C1900000003082B86086F806906148FAF770FCBB
:10C1A00091499248F6F7BEFB0F2191A050E36078C9
:10C1B00003282FD1307880B1B571B8F800003082F3
:10C1C0005748456005608560C56080F8265086F850
:10C1D0000390B5700B215BA03AE35148FAF730FCAD
:10C1E00086F802900F2186A032E36078042811D1EE
:10C1F0000198FDF709F800F03BFC014660614E48EC
:10C20000F6F7ACF8122182A022E3AFE202E06078F8
:10C21000042802D00C2183A01AE34748F6F7A6F8B9
:10C22000B8F800003082B8606F497048F6F77AFBC2
:10C23000102180A00CE30022657011464448FFF7EE
:10C24000EFF800214248FEF78DF93220F7F79AFC0B
:10C25000FEF794F848B12A217AA0F6F78BF90A2064
:10C26000F7F790FCFAF7ECFE0DE7112180A0EFE262
:10C2700047481038FFF76EF90E2182A0F6F77AF9D9
:10C280000A20F7F77FFCFEE68248007858B1824822
:10C29000F7F7B4FFF6F7FEF81420F7F773FC72B661
:10C2A000F7F768FFEFE67D48F7F7B4FBF4E701988E
:10C2B000FCF7AAFF00F0DCFB794C7A4920600844C7
:10C2C0007949884204D3112178A0C4F800B001E074
:10C2D00013217BA0F6F74EF9FDF700F87D492068A1
:10C2E00001F068FB01F0E6FA38603F493F48F6F795
:10C2F00019FBC8E6F1E02BE171E185E18CE196E103
:10C30000A3E1A8E1B9E1BEE1C3E1D4E1D7E1DEE117
:10C31000E8E106E217E218E222E223E29A99993E66
:10C32000A02C002052491D398FC2753C8428002062
:10C330009A99993F8FC2F53CD4280020E80100204B
:10C340000000B43C4C696D6974206E6F77210A005F
:10C35000942A002000004040536574437572726552
:10C360006E742053756363657373210A00000000C7
:10C3700053657453706565642053756363657373A7
:10C38000210A000000409C4500409CC500401C461E
:10C39000342D0020536574534163632053756363E8
:10C3A000657373210A0000000050434800803B453C
:10C3B000AC280020496E6974506F73205375636315
:10C3C000657373210A00000052506F73205374612B
:10C3D00072746564210A000041506F7320537461C8
:10C3E00072746564210A00004012002000FC0008FD
:10C3F000505A65726F2053756363657373210A0029
:10C4000052657365742053756363657373210A0005
:10C41000536574416E676C65205375636365737310
:10C42000210A00004D6F6465204572726F72210A07
:10C4300000000000415A65726F2053756363657395
:10C4400073210A0041646A757374696E67214465DB
:10C45000766963652077696C6C206265207265730C
:10C4600065746564206C61746572210A00000000C7
:10C470004E6F7446696E6420656E636F64657221E9
:10C480000A00000053544F50205375636365737363
:10C49000210A000002000020F4230020B413002031
:10C4A00004020020333333C234335303504944660B
:10C4B0006163746F72204572726F72210A0000000E
:10C4C000504944666163746F72205375636365738A
:10C4D00073210A000000C84246E1FD624FF47A7001
:10C4E000E560F7F74FFB0198F3F7D5FFF860029886
:10C4F000F3F7D1FF38611C98F3F7CDFF40F6B83160
:10C50000884202DC4942884200DA084678611F9876
:10C51000F3F7C1FF002800DA4042B8611E98FCF72B
:10C5200073FE21F0004100225B4600F0E7FD00F0C1
:10C5300051FDF8611D98F3F7AEFF002800DA404284
:10C540003862C549C548F6F7EDF92121C4A07FE15D
:10C55000FD600198F3F79FFFF8620298FCF754FE24
:10C5600000225C465B4600F0C9FD00F003FD386325
:10C570001C98FCF749FE0022234600F0BFFD00F0A6
:10C58000F9FC78631F98F3F786FF002800DA404231
:10C59000B8631E98F3F77FFF002800DA4042F86383
:10C5A0001D98FCF731FE21F000410022234600F0E7
:10C5B000A5FD00F00FFD386417A8F3F76CFF002805
:10C5C00000DA404278640DF16600F3F764FFB86466
:10C5D000A149A248F6F7A6F92121AAA038E10198BD
:10C5E000F3F759FF002800DA404278620298F3F727
:10C5F00052FF002800DA4042B86297499748F6F7A0
:10C6000091F92021A8A023E1B0A0006800906078F3
:10C6100030308DF8040060E0706900F099FFADA241
:10C620000AE02028BFF420AE81B21CA810E1FAF77E
:10C6300001F900F08DFFAAA2CDE9000120211CA87C
:10C64000F3F720FE0028ECDC1DE5A848006800F0A8
:10C650007FFFA7A2F0E7B8F80000318A401AA74987
:10C660000968484301F046F9A54901F0A3F9FEF72E
:10C670000DFE00F06DFFA3A2DEE7A548006800F004
:10C6800067FFA4A2D8E7DAF8400000F061FFA4A297
:10C69000D2E786F804900198F3F7FDFE80B2642893
:10C6A00001D9642001E000B9012041F28831B1FBD9
:10C6B000F0F07082E7E4357110219CA0C8E0B8F872
:10C6C00000309FA220211CA8F3F7DCFDBAE70095FB
:10C6D00001956946F089FFF7EFF88DF805B006215E
:10C6E0006846B5E020780C2812D004DC032809D075
:10C6F000062804D109E018280DD03C280ED00E21C0
:10C7000092A0A5E0102195A0A2E0112197A09FE0A2
:10C7100011219BA09CE011219EA099E01021A2A0D4
:10C7200096E00198FEF70EF9B0F5006F08D2F0819F
:10C73000786049494948F6F7F5F80F219FA087E04E
:10C740000D21A2A084E0032000E006202070C0B2EA
:10C75000F86441494148F6F7E5F813219FA077E0D6
:10C760000C20F3E71820F1E73C20EFE7A048718A9E
:10C770000088B0FBF1F201FB120000289AD1307959
:10C78000012897D1402104A8F3F776FF229523953D
:10C79000142114A82495F3F76FFF19951A951B958A
:10C7A0001C951D951E951F9520952195706900F08B
:10C7B000CFFECDE900018FA20A2122A8F3F762FD86
:10C7C000FAF738F800F0C4FECDE9000189A2122181
:10C7D00014A8F3F757FDB8F80000318A4446401A10
:10C7E00046490968484301F085F8454901F0E2F8F7
:10C7F000FEF74CFD00F0ACFECDE900017DA20A2160
:10C8000019A8F3F73FFD23887CA20A211CA8F3F79F
:10C8100039FDDAF8400000F09BFECDE9000175A279
:10C820000A211FA8F3F72EFD1FAB1CAA19A914A8F3
:10C830008DE80F0022AB72A2402104A8F3F722FD7D
:10C84000002803DD402801D281B200E0402104A885
:10C85000F5F790FE17E400004012002000FC0008ED
:10C86000436F6E66696753545320537563636573F2
:10C87000732120526573657420506C656173652166
:10C880000A000000436F6E66696753545020537569
:10C8900063636573732120526573657420506C6502
:10C8A000617365210A000000436F6E666967574B2C
:10C8B000205375636365737321205265736574201B
:10C8C000506C65617365210A000000006D6F64653E
:10C8D000000000007370656564252E33660A000051
:10C8E000706F73252E33660A000000001C000020C4
:10C8F00074656D70252E33660A000000E801002083
:10C900000000B43C616E676C65252E33660A00003A
:10C9100018000020766F6C252E33660A0000000098
:10C92000746F72717565252E33660A0053746F70CB
:10C9300052442053756363657373210A000000003D
:10C94000656E636F64657225640A000043616E2042
:10C9500052617465204572726F0A000043616E2057
:10C960005261746520314D6270730A0043616E201C
:10C9700052617465203530306B6270730A000000BC
:10C9800043616E2052617465203235306B62707382
:10C990000A00000043616E20526174652031323517
:10C9A0006B6270730A00000043616E20526174650F
:10C9B0002035306B6270730A0000000053657449C3
:10C9C000442053756363657373210A00536574498A
:10C9D00044206572726F72210A000000536574630F
:10C9E000616E42522053756363657373210A0000C0
:10C9F00010000020252E3366000000002564000092
:10CA0000733A2573703A2573613A2573653A257335
:10CA1000713A25730A00000010B500290AD0087881
:10CA2000002807D005487844F4F796FD002801D087
:10CA3000002010BD0248784410BD0000C21500005F
:10CA4000BA15000010B500290AD00878002807D0D0
:10CA500005487844F4F780FD002801D0002010BD7F
:10CA60000248784410BD0000A61600009E16000083
:10CA700021F00042A2F16052B2F5801F01F00043A4
:10CA800028BFD2F17F6C0BD95FEA001C43EAC202D7
:10CA900042EB507018BF704728BF20F0010070476C
:10CAA000B2F5801FBCBF184670474FEA410C1CF519
:10CAB000001F02D2084601F0BFB870B500F0C8FBF5
:10CAC00000000089FFF7F6BF4FF00040A0F580009E
:10CAD0007047000010B591EA030F48BF83F0004390
:10CAE00000F15484841A71EB030C05D2121943EB44
:10CAF0000C03001B61EB0C01DFF824E14FEA115439
:10CB0000A4EB135C1EEA430F18BF9EEA445F73D088
:10CB100023EA0E03DCF1200E21EA045143F48013D2
:10CB200032D322FA0CFE10EB0E0023FA0CFE41EB7E
:10CB30000E01CCF1200E03FA0EFE10EB0E0051F1A7
:10CB40000001B1F5801FCCF1200E32D201EB04516F
:10CB500012FA0EF2BDE8104058BF7047401C38BFB3
:10CB60005FEA420218BF7047002814BF20F001009E
:10CB700041F100014FEA410313F5001F38BF704730
:10CB8000A1F1C04100F0B2BB012A43EB0302ACF1BA
:10CB9000200CDCF11F0E32BF4FF0000E23FA0CF315
:10CBA00010EB030041EB0451B4EB115FD0D0A1EBCB
:10CBB000045101F5801149085FEA300001EB04518E
:10CBC0000ED350F1000038BF12FA0EFE08D1BDE8B6
:10CBD0001040C9E7401C38BF5FEA4202CAD1C3E730
:10CBE000BDE810404FEA410313F5001F38BF7047FE
:10CBF000A1F1C04100F07ABB9EEA445F08D011EA7F
:10CC00005E0FBDE8104004BF01F0004100207047F6
:10CC1000BDE8104070B500F01BFB00BF64FBBE3EDA
:10CC20000000E0FF02494FF0000001F0BCB800BF77
:10CC30000000F87F491058BFC1F140415B1058BF58
:10CC4000C3F140438B42EFF3008070472DE9C041B0
:10CC500030B4DFF8A0C23CEA111418BF3CEA131448
:10CC600000F0EC8081EA03051CEA111444EAD57453
:10CC700018BF1CEA131500F0C780A4EB05044FF0A1
:10CC8000004545EAC12145EAC32341EA505143EA40
:10CC9000525304F17F74994204F500344FEAC020E6
:10CCA0004FEAC22208BF904200F09C804FEA136511
:10CCB0000FF24016765D4FEA134506FB05F7C7F104
:10CCC000807706FB07F74FEAD737A7FB0368764262
:10CCD000C8F58038A7FB06CE38BFA8F1010807FBCE
:10CCE00008E64FF0000EA6FB028CE6FB03CEDCF15B
:10CCF000000CCEF1004E38BFAEF1010EA6FB0C5871
:10CD00004FF000074FF00005E6FB0E87A1FB08C6B9
:10CD1000A0FB07CE16EB0E0645F10005E1FB07650B
:10CD200015F1E04E7EBFA4F580345FEA46066D4102
:10CD300016F1800745F100054FEA17274FEA06660E
:10CD400047EA0567A6F1DE46B6F1805F4FEA152592
:10CD50001FD9384624F0010C05EBC471BCF1FE6FFD
:10CD600001EB0C1102D8F0BCBDE8008124425CBF8D
:10CD700001F5801E9EEAC47F02D4F0BCBDE80081AC
:10CD8000244238D4F0BCA1F1C041BDE8004100F01C
:10CD9000ADBA4FEAD22242EA43524FEAD323A7FB6D
:10CDA00002864FEAD02040EA415007FB03661EEAA4
:10CDB0000E0F4FEAD12105FB026658BFA6EB0056C5
:10CDC000B6EB00564FEA520E4EEAC37E18EB0E0E3B
:10CDD00056EB530EBDD518EB02085E417F1C55F192
:10CDE0000005B6E74FF480154FF000074FF000063E
:10CDF0004FF00008ADE7F0BC4FF0000001F1C0417A
:10CE000001F00041BDE8008111EA0C1F0CEA131586
:10CE100000D00CE013EA0C1F00F025804FF000005A
:10CE2000F0BC81EA030101F00041BDE80081F0BCE3
:10CE3000BDE8004181EA030100F058BAF0BCBDE84A
:10CE4000004170B500F004FA097EFC3E00F007B81E
:10CE500081EA03014FF0000001F00041704781EAD0
:10CE6000030100F043BAF0BCBDE800414FF0000000
:10CE700021497047FFFDFBF9F7F5F4F2F0EEEDEB19
:10CE8000E9E8E6E4E3E1E0DEDDDBDAD8D7D5D4D3C8
:10CE9000D1D0CFCDCCCBCAC8C7C6C5C4C2C1C0BF14
:10CEA000BEBDBCBBBAB9B8B7B6B5B4B3B2B1B0AF1A
:10CEB000AEADACABAAA9A8A8A7A6A5A4A3A3A2A1FE
:10CEC000A09F9F9E9D9C9C9B9A99999897979695B9
:10CED00095949393929191908F8F8E8E8D8C8C8B55
:10CEE0008B8A8989888887878685858484838382DD
:10CEF000828181800000FF070000F87F51EA030C67
:10CF000017D41CF5801F58BFBCF5801F00F10680A8
:10CF1000994218BF704708BF9042704707D711F574
:10CF2000801F58BF13F5801F19D49942704789425A
:10CF300070471CF5801F08D5BCF5801FF7D58B42C4
:10CF400018BF704708BF824270474FF4001C1CEBAB
:10CF5000410F38BF1CEB430F01D28B42704770B5B5
:10CF600000F076F9922449004FF000514FF08053C1
:10CF7000FFF760BE4FEA41034FEA5353A3F58063C6
:10CF8000D3F11E03C8BFD3F1210C0CDD4FF00042DA
:10CF900042EAC12242EA505232FA03FC8CEAE17CB6
:10CFA000ACEBE1707047102BC4BF0020704703F555
:10CFB000787CBCF1FF3F04D06FF0004282EA210090
:10CFC000704770B500F044F9499224800020704702
:10CFD000F2E700004FEA1153A3F58063D3F11E037B
:10CFE000A8BFD3F1200C08DB4FF0004242EAC12277
:10CFF00052EA505232FA03F0704709420BD4102B18
:10D00000C4BF0020704703F5787CBCF1FF3F05D01A
:10D010004FF0FF3070474FF00000704770B500F0E0
:10D0200017F900BF4992248000207047F0E710F004
:10D03000004248BF4042B0FA80F310FA03F10AD030
:10D04000C3F11D0303F580634FEA415002EB035225
:10D0500002EBD12170474FF000007047B0FA80F327
:10D0600010FA03F10AD0C3F11D0303F580634FEA00
:10D0700041504FEA035202EBD12170474FF00000BC
:10D080007047000051EA030C17D41CF5801F58BFED
:10D09000BCF5801F00F10680994218BF704708BF99
:10D0A0009042704707D711F5801F58BF13F5801FB6
:10D0B00019D499427047894270471CF5801F08D5E2
:10D0C000BCF5801FF7D58B4218BF704708BF82425E
:10D0D00070474FF4001C1CEB410F38BF1CEB430F93
:10D0E00001D28B42704770B500F0B2F8922449002B
:10D0F0004FF000514FF08053FFF79CBDDFF848C15F
:10D1000070B51CEA111E1EBF1CEA13159EEA0C0F17
:10D1100095EA0C0F00F06F8081EA030423EA4C13B8
:10D120004EEAD47E21EA4C1141F4801143F480137D
:10D13000AE44A1FB024CA0FB0365AEF17F7E361925
:10D1400055EB0C05A1FB034C4CF10003A0FB021CAA
:10D1500016EB0C06654153F10003094218BF46F077
:10D16000010613F4007F0BD14FEA03314FEA05307B
:10D17000340341EA155140EA16506FF003020AE009
:10D180004FEAC3214FEAC520F40241EA555140EA73
:10D1900056506FF0020202EB2E4201EB025585EA77
:10D1A000CE710AD05FEA440C18BF24F0004450F15D
:10D1B000000041F1000120EAD47040F2FE7C62459B
:10D1C00000D270BDA84214BF4FF080444FF04044DD
:10D1D000002E08BF0024BEF1806FA8BFA1F1C0419E
:10D1E000BDE8704080F282804FF0000001F1C04144
:10D1F00001F0004170479EEA0C0F0CEA131518BFAE
:10D2000095EA0C0F06D04FF0000081EA030E0EF0F5
:10D21000004170BD00F01CF88900013E00F007B825
:10D2200000F009B84FEA430C5FEA5C5C08D081EA81
:10D23000030100F05BB84FEA410C5FEA5C5CF6D199
:10D240004FF00000014970470000FF070000F87F21
:10D250000EF1020E2EF0030E5EF8046B364205D47A
:10D26000012A43EB030515F5001F12D8012841EBF5
:10D27000010C1CF5001F0CD80ED14FEAD17C15F51E
:10D28000001F0CEB4C0C0CF1020C08BF4CEBD37CD8
:10D2900004E04FF0080C01E04FEAD37C0CEB4C05A6
:10D2A00026FA05F606F00706B6F1040C06D20EEBD8
:10D2B000860CBDE870404CF0010C6047DFE80CF0D4
:10D2C000090B02024FF000414FF00000A1F50021D0
:10D2D00070BD19461046012851EB010418BFD4F562
:10D2E000001484BF002001F0004170BD0808A0F5C3
:10D2F00000114FEA3101704753EA010C17D41CF5B5
:10D30000801F58BFBCF5801F00F106808B4218BFFC
:10D31000704708BF8242704707D713F5801F58BF78
:10D3200011F5801F19D48B4270479B4270471CF542
:10D33000801F08D5BCF5801FF7D5994218BF7047EC
:10D3400008BF904270474FF4001C1CEB430F38BFDE
:10D350001CEB410F01D2994270470FB40CBC03BCC7
:10D36000FFF7C1BE91EA030F10B581F000413FF510
:10D37000B9AB83F0004300F009B8000010B591EAA2
:10D38000030F48BF83F000433FF5ACAB841A71EB49
:10D39000030C07D212198CF0004C43EB0C03001B5A
:10D3A00061EB0C01DFF8A4E14FEA1154A4EB135C2C
:10D3B0001EEA430F18BF9EEA445F00F0B08023EAE4
:10D3C0006E03524221EA0451C3EB6E0338BF5B1E69
:10D3D000DCF1200E25D322FA0CFE10EB0E0043FAEE
:10D3E0000CFE41EB0E01CCF1200E03FA0EFE10EB09
:10D3F0000E0051F10001CCF1200E29D412FA0EF2E8
:10D4000001EB0451BDE8104058BF7047401C1CBFE1
:10D41000B2F1004F704700280CBF491C20F00100FA
:10D42000704712EB020E43EB030218BF4FF0010EE0
:10D430004EEA4202ACF1200CDCF11E0E54D943FA44
:10D440000CFE10EB0E0051F1FF31CCF11E0ED5D5C4
:10D450000EF1010E12FA0EFE404141EB010101EB0B
:10D46000445C5FEA5C5C10D910EBDE7001EB0451A8
:10D4700038BFBEF1004FBDE8104018BF704700280C
:10D480000CBF491C20F00100704730D24FEAD42C69
:10D4900011F5001124F400641BD0B1FA81F20B3AAB
:10D4A000A41AA41ED2F12003914030FA03F31943C9
:10D4B000904001EBCC71002C01EB0451BDE8104011
:10D4C000A8BF704701F1C0414FF0000001F00041DA
:10D4D0007047B0FA80F310FA03F100D110BDE41ADE
:10D4E000173C4805C90AE4E701EB045110BD491097
:10D4F00001EB0451BDE810404FEA300002E04FF06C
:10D50000000170474A0008BF0042F8D0B2F5001F82
:10D5100028BF704701F000414FF0000070479EEABD
:10D52000445F07D011EA5E0FBDE8104004BF002140
:10D5300000207047BDE8104070B5FFF789FE00BFBE
:10D5400040DFF63E83F00041104670470000E0FFE8
:10D5500043004FEAD30C4FEA3C0C43401FBF400747
:10D560000CF1605113F0FE4F70471CF0006F03D1B7
:10D5700000200CF0004170470CF0004343EA50706B
:10D5800010B540EACC0000F096FA00BF000000920F
:10D590004FEA0001FFF7AABE4FF000414FF0000034
:10D5A000A1F500217047000090EA010F48BF81F00B
:10D5B000004100F18883421A3CBF801A89184FEA63
:10D5C000D0524FF07F4C1CEA410FA2EBD15318BF51
:10D5D0009CEA026F00F03B804FF0004C4CEA0020C8
:10D5E0004CEA012121FA03FC10EB0C0C1ED202F1D3
:10D5F000FF325FEA1C2040EBC25038BF70471CF07E
:10D600007F0F4FEA400C18BFBCF17F4F38BF704707
:10D61000C3F12003994008BF20F00100BCF17F4F07
:10D6200038BF7047A0F1C04000F006BB4FEA3C0095
:10D63000000A40EBC25028BF1CF0FF0F4FEA400C1D
:10D64000E6D018BFBCF17F4F38BF7047EAE79CEACD
:10D65000026F05D010EA5C0F08BF00F00040704771
:10D6600010B500F028FA00BF64FBBE3E014800F090
:10D670009ABB00BF0000C07F401058BFC0F14040BF
:10D68000491058BFC1F140418142EFF3008070471B
:10D690004FF47F0C1CEAD0121EBF1CEAD11392EA91
:10D6A0000C0F93EA0C0F00F0858090EA010F48BF41
:10D6B00042F4807240F4000C41F400002CF07F41F1
:10D6C00020F07F4000B58142A2EB03020FF2081C5C
:10D6D000ACEB504EC0F100009EF800E04FEA4E0E59
:10D6E00000FB0EFC38BF49004FEA2C1C02F5FA0281
:10D6F0000CFB0EF34FEACE1E4FEA112C4FEAC1216C
:10D700000EEB635E42EB22420EFB0CFC4FEA1C5315
:10D7100000FB03114FEA112C4FEA01310EFB0CFC08
:10D720004FEADC4C00FB0C11C14228BF09184CEB3E
:10D7300003335DF804EB10EB410143EBC250B2F54B
:10D740007C0F38BF704729D512F0F00F1CBF00F1D5
:10D75000C04000F000407047008182838485868746
:10D7600088898B8C8D8E8F919293959697999A9CA0
:10D770009D9FA0A2A3A5A7A8AAACAEB0B2B3B5B70F
:10D78000B9BCBEC0C2C5C7C9CCCED1D4D7D9DCDFE5
:10D79000E2E6E9ECF0F3F7FAFE0000004FEA400C95
:10D7A0000CF1807CBCF17E4F28BF7047B0F1C040C7
:10D7B00000F042BA90EA010F0CEAD11348BF42F4DC
:10D7C0008072624538BF634507D213F47F0F16D0CD
:10D7D00080EA010000F00040704710B500F06BF9DE
:10D7E000097EFC3E00F005B880EA010000F0004030
:10D7F000704780EA010000F0004000F01DBA12F40A
:10D800007F0F04BF0248704780EA010000F014BA9D
:10D810000000C07F50EA010C00F113801CF5000FDE
:10D8200058BFBCF5000F01D48842704707D710F5E8
:10D83000000F58BF11F5000F15D488427047894278
:10D8400070471CF5000F04D5BCF5000FF7D58142D9
:10D8500070474FF0807C1CEB400F38BF1CEB410F32
:10D8600001D28142704710B500F025F99224490099
:10D870004FF000504FF08051FFF7FEBE41000B0EFD
:10D88000D3F19E0208D950F400034FEA032323FA90
:10D8900002F048BF4042704710B500F00CF900BFDD
:10D8A00049922480002070476FF0004282EA2000F5
:10D8B00070470000C10DD1F19E0206DB4FEA002344
:10D8C00043F0004323FA02F07047004207D54FEAC5
:10D8D0004001B1F1FE4F02D24FF00000704710B589
:10D8E00000F0E9F849922480002070476FEA200098
:10D8F0007047000010F0004148BF4042B0FA80F38A
:10D9000010FA03F2C3F19D030BD051EAC35101EBAE
:10D910001220530638BF704700F1010008BF20F005
:10D9200001007047B0FA80F310FA03F2C3F19D03CF
:10D930000AD0D90501EB1220530638BF704700F119
:10D94000010008BF20F001007047000050EA010C00
:10D9500000F113801CF5000F58BFBCF5000F01D477
:10D960008842704707D710F5000F58BF11F5000F18
:10D9700015D488427047894270471CF5000F04D5C2
:10D98000BCF5000FF7D5814270474FF0807C1CEB4F
:10D99000400F38BF1CEB410F01D28142704710B5D8
:10D9A00000F089F8922449004FF000504FF0805168
:10D9B000FFF762BE4FF47F0C1CEAD0121EBF1CEAB8
:10D9C000D11392EA0C0F93EA0C0F00F0478090EA13
:10D9D000010F48BF42F480724FF0004C4CEA002027
:10D9E0004CEA012102EB0302A0FB0113A2F50002A5
:10D9F000002918BF43F001035B0028BF4FEA33033F
:10DA000042EB22425FEA132C4CEBC2502EBFBCEB20
:10DA1000436FB2F57C0F70474FEA036CBCF1004FC7
:10DA200008BF20F00100B2F57C0F38BF70470BD55E
:10DA300082F0FF0212F5803FC8BF704700F1C0407E
:10DA4000D8BF00F00040704700F5000C5FEA4C0CB6
:10DA500048BF7047B0F1C04000F0EEB890EA010F47
:10DA60000CEAD11348BF42F48072624538BF634567
:10DA700004D280EA010000F00040704710B500F0C9
:10DA80001AF800BF8900013E00F007B800F009B89D
:10DA90005FEA410C5FEA1C6C08D080EA010000F0EC
:10DAA000CBB85FEA400C5FEA1C6CF6D14FF0004047
:10DAB000A0F5800070470EF1020E2EF0030E5EF806
:10DAC000044B244204D44FEA4102B2F17F4F11D8F3
:10DAD0004FEA4003B3F17F4F0CD80ED14FEAD07C10
:10DAE000B2F17F4F0CEB4C0C0CF1020C08BF4CEB6D
:10DAF000D17C04E04FF0080C01E04FEAD17C0CEB44
:10DB00004C0324FA03F404F00704B4F1040C06D225
:10DB10000EEB840CBDE810404CF0010C6047DFE8D0
:10DB20000CF0070802024FF00040A0F5800010BD85
:10DB30000846420018BFD2F1807288BF00F0004052
:10DB400010BD00004FF07F4C3CEA410318BF3CEA97
:10DB5000400200F062804FF47F0C10F0004F0CEA9E
:10DB6000D11318BF43F005031CEAD01218BF13EA03
:10DB70000C0F00F057804FF0004C4CEA00204CEAAC
:10DB80000121A3F580339A4210DDB0F1004F23F05C
:10DB9000020306D3401A43F00203BCBF404283F0A5
:10DBA00001034FEA4000A2F58032ECE74FEA224C35
:10DBB000BCEB234F08DB884206D31CD0A0EB41000E
:10DBC000C0F1000083F0010340001DD217D40DD036
:10DBD000B0FA80FC0CF1010C00FA0CF0A2EB0C4244
:10DBE000D2F1000C12DB4FEAC37070474FEA43706A
:10DBF00000F00040704713F0020FE5D0DEE7B2F509
:10DC000080324FEA4000EBDD002AE9DD4FEAC21224
:10DC100042EA502040EAC370704710B5FFF74BFF4F
:10DC2000EDFFFF3E1CEAD11F02D000F0004070471C
:10DC3000004870470000C07FFF2141EAD050C00576
:10DC4000704751EA000C00F113801CF5000F58BF1B
:10DC5000BCF5000F01D48142704707D711F5000FC2
:10DC600058BF10F5000F15D48142704789427047A4
:10DC70001CF5000F04D5BCF5000FF7D5884270479E
:10DC80004FF0807C1CEB410F38BF1CEB400F01D2E2
:10DC90008842704780EA010081EA000180EA0100C1
:10DCA000FFF77DBE80F0004090EA010F7FF583AC66
:10DCB00081F0004100F007B890EA010F48BF81F001
:10DCC00000413FF578AC421A04D882F00042A0EB44
:10DCD000020011444FEAD0524FF07F4C1CEA410F32
:10DCE000A2EBD15318BF9CEA026F4AD04FF0004C10
:10DCF0004CEA00204CEA012121FA03FCB0EB0C0CA9
:10DD00000FD412F0FE0F36D05FEA4C001DD5001282
:10DD100040EBC25038BF70471CF03F0F18BF704730
:10DD20000BE0A2F101025FEA1C2040EBC25038BFB9
:10DD300070471CF07F0F18BF7047C3F12003994054
:10DD400014BF401E20F00100704780084FEA1223E4
:10DD500008BF7047B0FA80FCA2EB0C02CCF1280C93
:10DD600060FA0CF093EA122F04BF00EBC250704728
:10DD70004FEAC3707047130A5FEADC1008BF7047B0
:10DD8000F6E79CEA026F04D010EA5C0F08BF00209F
:10DD9000704710B5FFF78FFE40DFF63E81F0004080
:10DDA0007047F2F7DABD0CF00F03092B08BF08200B
:10DDB00000F085800A2B0BD0082B18BF704708BFD6
:10DDC0001CF0400F0AD04FF000004FF000017047E8
:10DDD0001CF0400F18BF4FF0004070471CF0100FB0
:10DDE00008D020F0704300F07F4242EAD3014FEAAE
:10DDF0004370704700F0604021F07F4242EA000229
:10DE000001F07F4040EA727070474FF0FF0C4CF415
:10DE1000E06C1CEA11531CBF9CEA030C9445C2BF82
:10DE2000DA4201EB02517047002B0DD0BCF1000F1C
:10DE30000FD0002A01F00041A4BF41F0E04141F0C1
:10DE40007F614FF00000704701F000414FF000008B
:10DE5000704750EA01334FF09B0C18BF4CF0806CB8
:10DE60007EF4E0AE70474FF0FF0212EAD0521CBFC2
:10DE700092F0FF038B42C2BFD14200EBC15070470A
:10DE8000002A0AD0002B0BD0002900F00040A4BFCC
:10DE900040F0FE4040F40000704700F00040704742
:10DEA00043024FF00B0C18BF4CF0806C7FF4DEABDC
:10DEB0007047F3F7F3B9F3F78FBBF3F719BD1CF411
:10DEC000801F11D01CF4E02F03D06FEACC31490041
:10DED00070474FF04050EFF3008222F0704242EA68
:10DEE000000282F3008870474FF000007047010283
:10DEF00002030405060708090A0B0C0D0E0F10108B
:10DF0000010202030405060708090A0B0C0D0E0F97
:10DF100010100000000000000000010203040607CA
:10DF20000809000000000102030400000240000094
:10DF3000000000A00000000005400000000000C834
:10DF4000000000000C4000000000409C00000000A9
:10DF5000194000000020BCBE00000000344000005A
:10DF6000BFC91B8E00000004B5400000504BCFD04D
:10DF70006607E2CF010000006C4100003E8251AA1A
:10DF8000DFEEA73401000000D9420000DCB5A0E2BA
:10DF90003A301F97FFFFFFFFB4450000FD25A0C8E2
:10DFA000E9A3C14FFFFFFFFFFF3F0000000000801B
:10DFB00000000000FF3F00000000008000000000A3
:10DFC00014E1000800000020901200002801000861
:10DFD0005CEF000890120020182700008C01000858
:10DFE000000000000000F07F10010000430000006E
:10DFF000F8FFFFFF0040404040404040404041416A
:10E00000414141404040404040404040404040400D
:10E0100040404040400502020202020202020202A7
:10E0200002020202022020202020202020202002A4
:10E030000202020202029090909090901010101034
:10E0400010101010101010101010101010101010D0
:10E050000202020202028888888888880808080864
:10E060000808080808080808080808080808080830
:10E070000202020240000000000000000000000058
:10E080000000000000000000000000000000000090
:10E090000000000000000000000000000000000080
:10E0A0000000000000000000000000000000000070
:10E0B0000000000000000000000000000000000060
:10E0C0000000000000000000000000000000000050
:10E0D0000000000000000000000000000000000040
:10E0E0000000000000000000000000000000000030
:10E0F00000000000000000001C00000043000000C1
:10E10000F8FFFFFF0C0000000E0000000F000000F1
:10E110002E00000010060100001E000120059001E5
:10E12000E803041110D1010004352041000112065A
:10E130005810065D7B00088D0412990412B1041278
:10E14000D110123D141269082015040309041201AC
:10E1500000020202004083044057000201028103D2
:10E16000181A035410060D25000809041205081298
:10E17000310821B06210AB33127A2410050A060070
:10E18000027B22401C100409024357100A00C032CF
:10E190000904000001020B101D05240010010524D4
:10E1A0000100010424020205240600010705820380
:10E1B00008001009048D120A3510050705010243F5
:10E1C00020040705810701384422400722810720E7
:10E1D0000400090744023B04441006C97800082FD4
:10E1E000042405B1790008B412730C17BB770442FC
:10E1F000781065B212B12412A51C12BD0847997897
:10E200002412FF0105185623803F0600FF007E0FF1
:10E21000C93B670E493CA6C9963CA00AC93CB8490F
:10E22000FB3C26C3163D12E02F3D36FB483D5D14F6
:10E23000623D6A2B7B3D07208A3D09A9963D8730C8
:10E24000A33D7FB6AF3DC93ABC3D30BDC83DEA3DB8
:10E25000D53D12BCE13DA838EE3D9EB2FA3DFB949F
:10E26000033E9ACF093EA708103E6440163ED17681
:10E270001C3EACAB223EF4DE283EAA102F3E894065
:10E28000353ED66E3B3E4E9B413EACC5473E78EE9A
:10E290004D3EE814543E82395A3E035C603E6C7C2D
:10E2A000663E789A6C3E6BB6723EC0CF783EFBE617
:10E2B0007E3ECC7D823ECB86853E9B8E883EFB9407
:10E2C0008B3E2C9A8E3EED9D913E3CA0943E1BA130
:10E2D000973E88A09A3E849E9D3EED9AA03EC495AE
:10E2E000A33E088FA63EBA86A93ED97CAC3E4371B8
:10E2F000AF3EFA63B23EFC54B53E2844B83EA1316D
:10E30000BB3E431DBE3E1007C13E07EF00FF00C3EA
:10E310003E28D5C63E52B9C93E849BCC3EC07BCF79
:10E320003E045AD23E5036D53E6210D83E7DE8DAE1
:10E330003E7FBEDD3E4792E03EF563E33E6A33E654
:10E340003EC500E93EC5CBEB3E6894EE3EF35AF184
:10E350003E001FF43ED2E0F63E27A0F93E205DFCD1
:10E360003EBE17FF3EDEE7003FAF42023F419C0347
:10E370003F84F4043F884B063F3CA1073FA1F508CA
:10E380003FA6480A3F6B9A0B3FD1EA0C3FD6390EA5
:10E390003F8B870F3FD0D3103FB41E123F27681327
:10E3A0003F3AB0143FDCF6153F0C3C173FBB7F18DB
:10E3B0003FF8C1193FC5021B3F0F421C3FD87F1DCC
:10E3C0003F0EBC1E3FC2F61F3FF52F213F94672230
:10E3D0003FA19D233F2DD2243F0305263F593627D9
:10E3E0003F0A66283F1894293F83C02A3F4AEB2BF7
:10E3F0003F6E142D3FDE3B2E3FAA612F3FC285307A
:10E400003F15A8313FC5C8323FC0E7333F00FF008A
:10E41000F704353F6820363F263A373F1E52383FD3
:10E420004068393F9E7C3A3F368F3B3F0AA03C3FD5
:10E43000F7AE3D3F1FBC3E3F60C73F3FDDD0403F92
:10E4400073D8413F22DE423FFCE1433FEFE3443FCC
:10E45000FCE3453F22E2463F61DE473FBAD8483FF2
:10E460000BD1493F86C74A3FF9BB4B3F75AE4C3F86
:10E470000A9F4D3F978D4E3F1C7A4F3FAA64503FF5
:10E48000404D513FCE33523F4418533FC2FA533FA1
:10E4900038DB543F95B9553FEA95563F2670573FB4
:10E4A0005A48583F641E593F67F2593F50C45A3F7B
:10E4B00021945B3FC8615C3F562D5D3FBAF65D3FDE
:10E4C00006BE5E3F27835F3F2046603FEE06613F0A
:10E4D00093C5613F0E82623F603C633F77F4633FC8
:10E4E00054AA643F075E653F800F663FCFBE663F1C
:10E4F000D36B673FAD16683F3CBF683F9065693F8F
:10E50000AB096A3F7AAB6A3F0E4B6B3F57E800FF9F
:10E51000006B3F66836C3F191C6D3F92B26D3FBF2D
:10E52000466E3FA1D86E3F38686F3F73F56F3F630B
:10E5300080703F0709713F508F713F4D13723FFF4D
:10E5400094723F4414733F3F91733FDD0B743F1F40
:10E5500084743F05FA743F8F6D753FCEDE753F9032
:10E560004D763F06BA763F1024773FBD8B773F0F3D
:10E57000F1773FF453783F7CB4783F9912793F4864
:10E580006E793F9BC7793F821E7A3FFC727A3F19B2
:10E59000C57A3FBA147B3FFE617B3FC5AC7B3F3001
:10E5A000F57B3F2E3B7C3FAE7E7C3FC2BF7C3F7AFB
:10E5B000FE7C3FB43A7D3F71747D3FD2AB7D3FB569
:10E5C000E07D3F2B137E3F24437E3FB0707E3FD0E3
:10E5D0009B7E3F72C47E3F96EA7E3F5E0E7F3F98F1
:10E5E0002F7F3F664E7F3FC66A7F3FA9847F3F20D3
:10E5F0009C7F3F07B17F3F93C37F3F91D37F3F22F3
:10E60000E17F3F46EC7F3FEDF47F3F16FB7F3F1CF1
:10E6100004C1FE7F0004328008211021182120212E
:10E6200028213021382140214821502158216021C2
:10E630006821702178218021882190219821A021B2
:10E64000A821B021B821C021C821D021D821E021A2
:10E65000E821F021F825002508251025182520257A
:10E660002825302538254025482550255825602562
:10E670006825702578258025882590259825A02552
:10E68000A825B025B825C025C825D025D825E02542
:10E69000E825F025F829002908291029182920291A
:10E6A0002829302938294029482950295829602902
:10E6B0006829702978298029882990299829A029F2
:10E6C000A829B029B829C029C829D029D829E029E2
:10E6D000E829F029F82D00032D08032D10032D182B
:10E6E000032D20032D28032D30032D38032D400347
:10E6F0002D48032D50032D58032D60032D68032D45
:10E7000070032D78032D80033D88031D90032D9801
:10E71000032DA0032DA8032DB0032DB8032DC00396
:10E720002DC8032DD0032DD8032DE0032DE8032D94
:10E73000F0032DF8032D00042D08042D10042D18CE
:10E74000042D20042D28042D30042D38042D4004E0
:10E750002D48042D50042D58042D60042D68042DDF
:10E7600070042D78042D80042D88042D90042D989C
:10E77000042DA0042DA8042DB0042DB8042DC00430
:10E780002DC8042DD0042DD8042DE0042DE8042D2F
:10E79000F0042DF8042D00052D08052D10052D1869
:10E7A000052D20052D28052D30052D38052D40057A
:10E7B0002D48052D50052D58052D60052D68052D7A
:10E7C00070052D78052D80052D88052D90052D9837
:10E7D000052DA0052DA8052DB0052DB8052DC005CA
:10E7E0002DC8052DD0052DD8052DE0052DE8052DCA
:10E7F000F0052DF8052D00062D08062D10062D1804
:10E80000062D20062D28062D30062D38062D400613
:10E810002D48062D50062D58062D60062D68062D14
:10E8200070062D78062D80062D88062D90062D98D1
:10E83000062DA0062DA8062DB0062DB8062DC00663
:10E840002DC8062DD0062DD8062DE0062DE8062D64
:10E85000F0062DF8062D00072D08072D10072D189E
:10E86000072D20072D28072D30072D38072D4007AD
:10E870002D48072D50072D58072D60072D68072DAF
:10E8800070072D78072D80072D88072D90072D986C
:10E89000072DA0072DA8072DB0072DB8072DC007FD
:10E8A0002DC8072DD0072DD8072DE0072DE8072DFF
:10E8B000F0072DF8071C054A310D2500081EBB0086
:10E8C000081EBC00081EBC000812BC2812BC301E6A
:10E8D000BD00081EBD00081EBD000812BD5012BDBF
:10E8E000581EBD00081EBD00081EBD000812BD78E0
:10E8F0001EBD000812BD8812BD901EBD00081EBDC1
:10E90000000812BDA812BEB012BEB81EBE00081E7E
:10E91000BE00081EBE000812BED812BEE01EBE0019
:10E920000812BEF012BEF81EBE00081EBE00081E71
:10E93000BE000816BE1816BE201EBE000816BE3049
:10E940001EBE00081EBE00081EBE000816BE5016E1
:10E95000BE581EBE000816BE6816BE701EBE000859
:10E9600016BE801EBE00081EBE00081EBE00081E89
:10E97000BE000816BEA816BEB01EBE000816BEC059
:10E980001EBE00081EBE000816BED816BEE01EBE83
:10E99000000816BEF016BEF81EBE00081EBE000817
:10E9A0001EBE00081EBE00081ABE201ABE281EBECB
:10E9B00000081EBE00081EBE00081ABE481EBE008B
:10E9C000081EBE00081ABE601EBE00081ABE701ED9
:10E9D000BE00081ABE801ABE881EBE00081ABE9865
:10E9E0001EBE00081EBE00081ABEB01ABFB81ABF6D
:10E9F000C01EBF00081ABFD01EBF00081EBF0008FF
:10EA00001ABFE81EBF00081EBF00081EBF00031E7D
:10EA1000BF08031EBF00081EBF18031EBF20031E31
:10EA2000BF00081EBF30031EBF38031EBF00081EF4
:10EA3000BF00081EBF50031EBF00081EBF60031E9C
:10EA4000BF68031EBF00081EBF78031EBF80031EE1
:10EA5000BF88031EBF90031EBF00081EBF00081E14
:10EA6000BFA8031EBF00081EBF00081EBFC0031EB4
:10EA7000BF00081EBF00081EBFD8031EBFE0031E54
:10EA8000BF00081EBF00081EBF00081EBF00041EF6
:10EA9000BF08041EBF10041EBF00081EBF00081ED2
:10EAA000BF28041EBF30041EBF00081EBF00081E82
:10EAB000BF48041EBF00081EBF00081EBF60041E22
:10EAC000BF00081EBF00081EBF00081EBF80041E36
:10EAD000BF88041EBF00081EBF98041EBFA0041EEE
:10EAE000BF00081EBFB0041EBFB8041EBF00081E32
:10EAF000BF00081EBF00081EBF00081EBF00081E82
:10EB0000BF00081EBFF0041EBFF8041EBF00051E94
:10EB1000BF00081EBF10051EBF18051EBF00081E3F
:10EB2000BF00081EBF30051EBF38051EBF00081EEF
:10EB3000BF00081EBF50051EBF58051EBF60051E42
:10EB4000BF00081EBF00081EBF00081EBF80051EB4
:10EB5000BF88051EBF00081EBF98051EBFA0051E6A
:10EB6000BF00081EBF00081EBF00081EBFC0051E54
:10EB7000BFC8051EBFD0051EBF00081EBFE0051E92
:10EB8000BFE8051EBFF0051EBF00081EBF00061E21
:10EB9000BF00081EBF00081EBF00081EBF20061EC3
:10EBA000BF28061EBF00081EBF38061EBF40061E37
:10EBB000BF00081EBF00081EBF58061EBF60061E0D
:10EBC000BF00081EBF70061EBF78061EBF00081ECD
:10EBD000BF00081EBF00081EBF98061EBFA0061E6D
:10EBE000BF00081EBFB0061EBF00081EBF00081EE3
:10EBF000BFC8061EBFD0061EBF00081EBF00081EED
:10EC0000BF00081EBFF0061EBFF8061EBF00081E8C
:10EC1000BF00081EBF10071EBF18071EBF00081E3A
:10EC2000BF00081EBF30071EBF38071EBF40071EAB
:10EC3000BF00081EBF00081EBF58071EBF60071E8A
:10EC4000BF00081EBF00081EBF78071EBF80071E3A
:10EC5000BF88071EBF00081EBF00081EBF00081E99
:10EC6000BF00081EBFB0071EBFB8071EBF00081EAA
:10EC7000BF00081EBFD0071EBFD8071EBF00081E5A
:10EC8000BFE8071EBFF0071EBFF8071EBF00083110
:10EC9000082110211821202128213021382140214C
:10ECA000482150215821602168217021782180213C
:10ECB000882190219821A021A821B021B821C0212C
:10ECC000C821D021D821E021E821F021F825002514
:10ECD00008251025182520252825302538254025EC
:10ECE00048255025582560256825702578258025DC
:10ECF000882590259825A025A825B025B825C025CC
:10ED0000C825D025D825E025E825F025F8290029B3
:10ED1000082910291829202928293029382940298B
:10ED2000482950295829602968297029782980297B
:10ED3000882990299829A029A829B029B829C0296B
:10ED4000C829D029D829E029E829F029F82D00037D
:10ED50002D08032D10032D18032D20032D28032D1E
:10ED600030032D38032D40032D48032D50032D581B
:10ED7000032D60032D68032D70032D78032D800370
:10ED80003D88031D90032D98032DA0032DA8032D6E
:10ED9000B0032DB8032DC0032DC8032DD0032DD8EB
:10EDA000032DE0032DE8032DF0032DF8032D0004BF
:10EDB0002D08042D10042D18042D20042D28042DB9
:10EDC00030042D38042D40042D48042D50042D58B6
:10EDD000042D60042D68042D70042D78042D80040A
:10EDE0002D88042D90042D98042DA0042DA8042D09
:10EDF000B0042DB8042DC0042DC8042DD0042DD886
:10EE0000042DE0042DE8042DF0042DF8042D000558
:10EE10002D08052D10052D18052D20052D28052D53
:10EE200030052D38052D40052D48052D50052D5850
:10EE3000052D60052D68052D70052D78052D8005A3
:10EE40002D88052D90052D98052DA0052DA8052DA3
:10EE5000B0052DB8052DC0052DC8052DD0052DD820
:10EE6000052DE0052DE8052DF0052DF8052D0006F2
:10EE70002D08062D10062D18062D20062D28062DEE
:10EE800030062D38062D40062D48062D50062D58EB
:10EE9000062D60062D68062D70062D78062D80063D
:10EEA0002D88062D90062D98062DA0062DA8062D3E
:10EEB000B0062DB8062DC0062DC8062DD0062DD8BB
:10EEC000062DE0062DE8062DF0062DF8062D00078C
:10EED0002D08072D10072D18072D20072D28072D89
:10EEE00030072D38072D40072D48072D50072D5886
:10EEF000072D60072D68072D70072D78072D8007D7
:10EF00002D88072D90072D98072DA0072DA8072DD8
:10EF1000B0072DB8072DC0072DC8072DD0072DD855
:10EF2000072DE0072DE8072DF0072DF8070D10BE7F
:10EF3000115D0A122E0302117E2880110E310A087B
:10EF4000121E9065129E84D4111EB4BC101E6494CF
:0CEF50001043E803668FE8033012000055
:04000005080000ED02
:00000001FF
